"","."
"1","301-55--H2--Kalotermitidae--Glyptotermes-Okinawa--h2-Japan-Paleo-arctic--KGECLOJD_101300_d__Bacteria_p__Spirochaetota_c__Spirochaetia_o__Treponematales_f__Treponemataceae_B_g__Treponema_E_1"
"2","229-03--CF-RNA-1--Rhinotermitidae--Coptotermes-formosanus--South-East-Asia-Oriental--GINAPPOA_398771_d__Bacteria_p__Spirochaetota_c__Spirochaetia_o__Treponematales_f__Treponemataceae_B_1"
"3","272-86--RDCT180--Termitinae--Cephalotermes--Congo-Afro-tropical--MFLDAJAL_44551_d__Bacteria_p__Spirochaetota_c__Spirochaetia_o__Treponematales_f__Treponemataceae_B_1"
"4","229-07--Msp-RNA-1--Microcerotermes--Microcerotermes--South-East-Asia-Oriental--DPEHDFIK_26397_d__Bacteria_p__Spirochaetota_c__Spirochaetia_o__Treponematales_f__Treponemataceae_B_1"
"5","229-07--Msp-RNA-1--Microcerotermes--Microcerotermes--South-East-Asia-Oriental--DPEHDFIK_08980_d__Bacteria_p__Spirochaetota_c__Spirochaetia_o__Treponematales_f__Treponemataceae_B_1"
"6","272-77--RDCT033--Microcerotermes--Microcerotermes-fuscotibialis--Congo-Afro-tropical--POOGOANK_64340_d__Bacteria_p__Spirochaetota_c__Spirochaetia_o__Treponematales_f__Treponemataceae_B_1"
"7","272-34--FG-ND02-39--Microcerotermes--Microcerotermes-sp-SC--French-Guiana-Neo-tropical--JCIBENDC_25454_d__Bacteria_p__Spirochaetota_c__Spirochaetia_o__Treponematales_f__Treponemataceae_B_1"
"8","272-43--G-13-58--Microcerotermes--Microcerotermes--French-Guiana-Neo-tropical--NCHCEIMM_25152_d__Bacteria_p__Spirochaetota_c__Spirochaetia_o__Treponematales_f__Treponemataceae_B_1"
"9","272-91--T614--Microcerotermes--Microcerotermes--Singapore-Oriental--ECJLCPLO_90903_d__Bacteria_p__Spirochaetota_c__Spirochaetia_o__Treponematales_f__Treponemataceae_B_1"
"10","272-75--PHI1--Microcerotermes--Microcerotermes--Philippines-Oriental--EFHMCDAH_37626_d__Bacteria_p__Spirochaetota_c__Spirochaetia_o__Treponematales_f__Treponemataceae_B_1"
"11","230-03--PHI8--Microcerotermes--Microcerotermes--Philippines-Oriental--FFKHHJAJ_35726_d__Bacteria_p__Spirochaetota_c__Spirochaetia_o__Treponematales_f__Treponemataceae_B_1"
"12","272-100--THAI54--Microcerotermes--Microcerotermes-crassus--Thailand-Oriental--COJKPCNP_17070_d__Bacteria_p__Spirochaetota_c__Spirochaetia_o__Treponematales_f__Treponemataceae_B_1"
"13","272-70--MAL37--Microcerotermes--Microcerotermes-crassus--Malaysia-Oriental--ILALFPAC_32395_d__Bacteria_p__Spirochaetota_c__Spirochaetia_o__Treponematales_f__Treponemataceae_B_1"
"14","272-101--THAI055--Microcerotermes--Microcerotermes-sp-B--Thailand-Oriental--CKPDMAEN_13489_d__Bacteria_p__Spirochaetota_c__Spirochaetia_o__Treponematales_f__Treponemataceae_B_1"
"15","272-95--TBRU912E--Microcerotermes--Microcerotermes-serrula--Brunei-Oriental--MIGHMNII_15660_d__Bacteria_p__Spirochaetota_c__Spirochaetia_o__Treponematales_f__Treponemataceae_B_1"
"16","272-89--T2-IC--Microcerotermes--Microcerotermes-havilandi--Singapore-Oriental--OCBKEODD_05714_d__Bacteria_p__Spirochaetota_c__Spirochaetia_o__Treponematales_f__Treponemataceae_B_1"
"17","301-77--TBRU414--Microcerotermes--Microcerotermes-nr-havilandi--Brunei-Oriental--LEAPNMHI_36697_d__Bacteria_p__Spirochaetota_c__Spirochaetia_o__Treponematales_f__Treponemataceae_B_1"
"18","301-58--MAD15-116--Microcerotermes--Microcerotermes-mad-sp-H--Madagascar-Madagascar--BKJILCFM_05089_d__Bacteria_p__Spirochaetota_c__Spirochaetia_o__Treponematales_f__Treponemataceae_B_1"
"19","272-62--MAD15-59--Microcerotermes--Microcerotermes-mad-sp-F--Madagascar-Madagascar--PGAOBEJB_13553_d__Bacteria_p__Spirochaetota_c__Spirochaetia_o__Treponematales_f__Treponemataceae_B_1"
"20","272-02--28--Microcerotermes--Microcerotermes-papuanus--New-Guinea-Oceania--JCCLNIIL_06086_d__Bacteria_p__Spirochaetota_c__Spirochaetia_o__Treponematales_f__Treponemataceae_B_1"
"21","272-04--48--Microcerotermes--Microcerotermes-papuanus--New-Guinea-Oceania--LLJHKGFM_11723_d__Bacteria_p__Spirochaetota_c__Spirochaetia_o__Treponematales_f__Treponemataceae_B_1"
"22","230-12--81--Microcerotermes--Microcerotermes-papuanus--New-Guinea-Oceania--GCKEGHAL_06233_d__Bacteria_p__Spirochaetota_c__Spirochaetia_o__Treponematales_f__Treponemataceae_B_1"
"23","301-08--81-2--Microcerotermes--Microcerotermes-papuanus--New-Guinea-Oceania--LIMPOKBC_05190_d__Bacteria_p__Spirochaetota_c__Spirochaetia_o__Treponematales_f__Treponemataceae_B_1"
"24","272-15--AUS82--Microcerotermes--Microcerotermes-sp-I--Australia-Australia--BIPLFEAP_14899_d__Bacteria_p__Spirochaetota_c__Spirochaetia_o__Treponematales_f__Treponemataceae_B_1"
"25","272-01--10-2--Microcerotermes--Microcerotermes-biroi--New-Guinea--DOGAELGM_01340_d__Bacteria_p__Spirochaetota_c__Spirochaetia_o__Treponematales_f__Treponemataceae_B_1"
"26","230-15--D2-34--Microcerotermes--Microcerotermes-biroi--New-Guinea-Oceania--HEFGFCPB_26411_d__Bacteria_p__Spirochaetota_c__Spirochaetia_o__Treponematales_f__Treponemataceae_B_1"
"27","272-05--71--Microcerotermes--Microcerotermes-biroi--New-Guinea-Oceania--BHIIBGBD_10616_d__Bacteria_p__Spirochaetota_c__Spirochaetia_o__Treponematales_f__Treponemataceae_B_1"
"28","272-79--RDCT053--Microcerotermes--Microcerotermes-parvus--Congo-Afro-tropical--HDFGGIOE_24095_d__Bacteria_p__Spirochaetota_c__Spirochaetia_o__Treponematales_f__Treponemataceae_B_1"
"29","272-84--RDCT119--Microcerotermes--Microcerotermes-parvus--Congo-Afro-tropical--HFABNABN_54540_d__Bacteria_p__Spirochaetota_c__Spirochaetia_o__Treponematales_f__Treponemataceae_B_1"
"30","272-85--RDCT134--Microcerotermes--Microcerotermes-parvus--Congo-Afro-tropical--IJFECECG_12443_d__Bacteria_p__Spirochaetota_c__Spirochaetia_o__Treponematales_f__Treponemataceae_B_1"
"31","272-52--MAD15-104--Microcerotermes--Microcerotermes-mad-sp-C--Madagascar-Madagascar--JEOFLHGI_07017_d__Bacteria_p__Spirochaetota_c__Spirochaetia_o__Treponematales_f__Treponemataceae_B_1"
"32","272-68--MAD15-86--Microcerotermes--Microcerotermes-mad-sp-K--Madagascar-Madagascar--PDAPIIEL_35962_d__Bacteria_p__Spirochaetota_c__Spirochaetia_o__Treponematales_f__Treponemataceae_B_1"
"33","272-55--MAD15-136--Microcerotermes--Microcerotermes-mad-sp-G--Madagascar-Madagascar--IGAGHHBI_08821_d__Bacteria_p__Spirochaetota_c__Spirochaetia_o__Treponematales_f__Treponemataceae_B_1"
"34","272-66--MAD15-76--Microcerotermes--Microcerotermes-mad-sp-G--Madagascar-Madagascar--BKGPDEIL_20053_d__Bacteria_p__Spirochaetota_c__Spirochaetia_o__Treponematales_f__Treponemataceae_B_1"
"35","272-56--MAD15-139--Microcerotermes--Microcerotermes-mad-sp-L--Madagascar-Madagascar--DPIGOLHB_24557_d__Bacteria_p__Spirochaetota_c__Spirochaetia_o__Treponematales_f__Treponemataceae_B_1"
"36","301-60--MAD15-66--Microcerotermes--Microcerotermes-mad-sp-E--Madagascar-Madagascar--MJONPIMI_10978_d__Bacteria_p__Spirochaetota_c__Spirochaetia_o__Treponematales_f__Treponemataceae_B_1"
"37","272-101--THAI055--Microcerotermes--Microcerotermes-sp-B--Thailand-Oriental--CKPDMAEN_22233_d__Bacteria_p__Spirochaetota_c__Spirochaetia_o__Treponematales_f__Treponemataceae_B_1"
"38","272-104--TP114A--Microcerotermes--Microcerotermes-crassus--Malaysia-Oriental--NHIGIODF_28310_d__Bacteria_p__Spirochaetota_c__Spirochaetia_o__Treponematales_f__Treponemataceae_B_1"
"39","272-79--RDCT053--Microcerotermes--Microcerotermes-parvus--Congo-Afro-tropical--HDFGGIOE_26176_d__Bacteria_p__Spirochaetota_c__Spirochaetia_o__Treponematales_f__Treponemataceae_B_1"
"40","301-29--BDIT45--Microcerotermes--Microcerotermes-parvus--Burundi-Afro-tropical--GBGOPIBM_53332_d__Bacteria_p__Spirochaetota_c__Spirochaetia_o__Treponematales_f__Treponemataceae_B_1"
"41","272-58--MAD15-151--Microcerotermes--Microcerotermes-mad-sp-M--Madagascar-Madagascar--CNFKDAJD_53311_d__Bacteria_p__Spirochaetota_c__Spirochaetia_o__Treponematales_f__Treponemataceae_B_1"
"42","272-60--MAD15-21--Microcerotermes--Microcerotermes-mad-sp-D--Madagascar-Madagascar--ANILOFPC_24349_d__Bacteria_p__Spirochaetota_c__Spirochaetia_o__Treponematales_f__Treponemataceae_B_1"
"43","272-63--MAD15-5--Microcerotermes--Microcerotermes-mad-sp-E--Madagascar-Madagascar--LHGCDBLG_23552_d__Bacteria_p__Spirochaetota_c__Spirochaetia_o__Treponematales_f__Treponemataceae_B_1"
"44","301-59--MAD15-16--Microcerotermes--Microcerotermes-mad-sp-C--Madagascar-Madagascar--KIFAEBMO_07398_d__Bacteria_p__Spirochaetota_c__Spirochaetia_o__Treponematales_f__Treponemataceae_B_1"
"45","272-84--RDCT119--Microcerotermes--Microcerotermes-parvus--Congo-Afro-tropical--HFABNABN_38033_d__Bacteria_p__Spirochaetota_c__Spirochaetia_o__Treponematales_f__Treponemataceae_B_1"
"46","272-55--MAD15-136--Microcerotermes--Microcerotermes-mad-sp-G--Madagascar-Madagascar--IGAGHHBI_02434_d__Bacteria_p__Spirochaetota_c__Spirochaetia_o__Treponematales_f__Treponemataceae_B_1"
"47","272-54--MAD15-130--Microcerotermes--Microcerotermes-mad-sp-B--Madagascar-Madagascar--DFAMJLME_34033_d__Bacteria_p__Spirochaetota_c__Spirochaetia_o__Treponematales_f__Treponemataceae_B_1"
"48","229-07--Msp-RNA-1--Microcerotermes--Microcerotermes--South-East-Asia-Oriental--DPEHDFIK_68253_d__Bacteria_p__Spirochaetota_c__Spirochaetia_o__Treponematales_f__Treponemataceae_B_1"
"49","272-84--RDCT119--Microcerotermes--Microcerotermes-parvus--Congo-Afro-tropical--HFABNABN_40545_d__Bacteria_p__Spirochaetota_c__Spirochaetia_o__Treponematales_f__Treponemataceae_B_1"
"50","301-29--BDIT45--Microcerotermes--Microcerotermes-parvus--Burundi-Afro-tropical--GBGOPIBM_64732_d__Bacteria_p__Spirochaetota_c__Spirochaetia_o__Treponematales_f__Treponemataceae_B_1"
"51","272-56--MAD15-139--Microcerotermes--Microcerotermes-mad-sp-L--Madagascar-Madagascar--DPIGOLHB_39042_d__Bacteria_p__Spirochaetota_c__Spirochaetia_o__Treponematales_f__Treponemataceae_B_1"
"52","272-85--RDCT134--Microcerotermes--Microcerotermes-parvus--Congo-Afro-tropical--IJFECECG_09736_d__Bacteria_p__Spirochaetota_c__Spirochaetia_o__Treponematales_f__Treponemataceae_B_1"
"53","230-16--MAD15-54--Microcerotermes--Microcerotermes-mad-sp-H--Madagascar-Madagascar--LABPPIEE_18724_d__Bacteria_p__Spirochaetota_c__Spirochaetia_o__Treponematales_f__Treponemataceae_B_1"
"54","272-68--MAD15-86--Microcerotermes--Microcerotermes-mad-sp-K--Madagascar-Madagascar--PDAPIIEL_22677_d__Bacteria_p__Spirochaetota_c__Spirochaetia_o__Treponematales_f__Treponemataceae_B_1"
"55","272-53--MAD15-113--Microcerotermes--Microcerotermes-mad-sp-G--Madagascar-Madagascar--IKDIKFDP_17818_d__Bacteria_p__Spirochaetota_c__Spirochaetia_o__Treponematales_f__Treponemataceae_B_1"
"56","301-61--MAD15-71--Microcerotermes--Microcerotermes-mad-sp-B--Madagascar-Madagascar--HLHCAAJD_04444_d__Bacteria_p__Spirochaetota_c__Spirochaetia_o__Treponematales_f__Treponemataceae_B_1"
"57","272-84--RDCT119--Microcerotermes--Microcerotermes-parvus--Congo-Afro-tropical--HFABNABN_15198_d__Bacteria_p__Spirochaetota_c__Spirochaetia_o__Treponematales_f__Treponemataceae_B_1"
"58","272-57--MAD15-148--Microcerotermes--Microcerotermes-mad-sp-F--Madagascar-Madagascar--HPMPMEPI_14297_d__Bacteria_p__Spirochaetota_c__Spirochaetia_o__Treponematales_f__Treponemataceae_B_1"
"59","272-62--MAD15-59--Microcerotermes--Microcerotermes-mad-sp-F--Madagascar-Madagascar--PGAOBEJB_46863_d__Bacteria_p__Spirochaetota_c__Spirochaetia_o__Treponematales_f__Treponemataceae_B_1"
"60","272-54--MAD15-130--Microcerotermes--Microcerotermes-mad-sp-B--Madagascar-Madagascar--DFAMJLME_46019_d__Bacteria_p__Spirochaetota_c__Spirochaetia_o__Treponematales_f__Treponemataceae_B_1"
"61","272-66--MAD15-76--Microcerotermes--Microcerotermes-mad-sp-G--Madagascar-Madagascar--BKGPDEIL_14751_d__Bacteria_p__Spirochaetota_c__Spirochaetia_o__Treponematales_f__Treponemataceae_B_1"
"62","272-55--MAD15-136--Microcerotermes--Microcerotermes-mad-sp-G--Madagascar-Madagascar--IGAGHHBI_08327_d__Bacteria_p__Spirochaetota_c__Spirochaetia_o__Treponematales_f__Treponemataceae_B_1"
"63","301-61--MAD15-71--Microcerotermes--Microcerotermes-mad-sp-B--Madagascar-Madagascar--HLHCAAJD_69115_d__Bacteria_p__Spirochaetota_c__Spirochaetia_o__Treponematales_f__Treponemataceae_B_1"
"64","272-84--RDCT119--Microcerotermes--Microcerotermes-parvus--Congo-Afro-tropical--HFABNABN_01465_d__Bacteria_p__Spirochaetota_c__Spirochaetia_o__Treponematales_f__Treponemataceae_B_1"
"65","272-59--MAD15-169--Microcerotermes--Microcerotermes-mad-sp-D--Madagascar-Madagascar--BCNOAGMG_45173_d__Bacteria_p__Spirochaetota_c__Spirochaetia_o__Treponematales_f__Treponemataceae_B_1"
"66","272-63--MAD15-5--Microcerotermes--Microcerotermes-mad-sp-E--Madagascar-Madagascar--LHGCDBLG_15463_d__Bacteria_p__Spirochaetota_c__Spirochaetia_o__Treponematales_f__Treponemataceae_B_1"
"67","272-66--MAD15-76--Microcerotermes--Microcerotermes-mad-sp-G--Madagascar-Madagascar--BKGPDEIL_28121_d__Bacteria_p__Spirochaetota_c__Spirochaetia_o__Treponematales_f__Treponemataceae_B_1"
"68","272-68--MAD15-86--Microcerotermes--Microcerotermes-mad-sp-K--Madagascar-Madagascar--PDAPIIEL_37746_d__Bacteria_p__Spirochaetota_c__Spirochaetia_o__Treponematales_f__Treponemataceae_B_1"
"69","301-61--MAD15-71--Microcerotermes--Microcerotermes-mad-sp-B--Madagascar-Madagascar--HLHCAAJD_30268_d__Bacteria_p__Spirochaetota_c__Spirochaetia_o__Treponematales_f__Treponemataceae_B_1"
"70","301-17--AUS66--Microcerotermes--Microcerotermes-sp-E--Australia-Australia--MHPNFKFI_93617_d__Bacteria_p__Spirochaetota_c__Spirochaetia_o__Treponematales_f__Treponemataceae_B_1"
"71","272-54--MAD15-130--Microcerotermes--Microcerotermes-mad-sp-B--Madagascar-Madagascar--DFAMJLME_13781_d__Bacteria_p__Spirochaetota_c__Spirochaetia_o__Treponematales_f__Treponemataceae_B_1"
"72","272-63--MAD15-5--Microcerotermes--Microcerotermes-mad-sp-E--Madagascar-Madagascar--LHGCDBLG_12862_d__Bacteria_p__Spirochaetota_c__Spirochaetia_o__Treponematales_f__Treponemataceae_B_1"
"73","272-68--MAD15-86--Microcerotermes--Microcerotermes-mad-sp-K--Madagascar-Madagascar--PDAPIIEL_39968_d__Bacteria_p__Spirochaetota_c__Spirochaetia_o__Treponematales_f__Treponemataceae_B_1"
"74","272-84--RDCT119--Microcerotermes--Microcerotermes-parvus--Congo-Afro-tropical--HFABNABN_53008_d__Bacteria_p__Spirochaetota_c__Spirochaetia_o__Treponematales_f__Treponemataceae_B_1"
"75","272-84--RDCT119--Microcerotermes--Microcerotermes-parvus--Congo-Afro-tropical--HFABNABN_21528_d__Bacteria_p__Spirochaetota_c__Spirochaetia_o__Treponematales_f__Treponemataceae_B_1"
"76","301-61--MAD15-71--Microcerotermes--Microcerotermes-mad-sp-B--Madagascar-Madagascar--HLHCAAJD_52293_d__Bacteria_p__Spirochaetota_c__Spirochaetia_o__Treponematales_f__Treponemataceae_B_1"
"77","272-79--RDCT053--Microcerotermes--Microcerotermes-parvus--Congo-Afro-tropical--HDFGGIOE_03542_d__Bacteria_p__Spirochaetota_c__Spirochaetia_o__Treponematales_f__Treponemataceae_B_1"
"78","272-85--RDCT134--Microcerotermes--Microcerotermes-parvus--Congo-Afro-tropical--IJFECECG_02731_d__Bacteria_p__Spirochaetota_c__Spirochaetia_o__Treponematales_f__Treponemataceae_B_1"
"79","230-16--MAD15-54--Microcerotermes--Microcerotermes-mad-sp-H--Madagascar-Madagascar--LABPPIEE_55936_d__Bacteria_p__Spirochaetota_c__Spirochaetia_o__Treponematales_f__Treponemataceae_B_1"
"80","272-34--FG-ND02-39--Microcerotermes--Microcerotermes-sp-SC--French-Guiana-Neo-tropical--JCIBENDC_34890_d__Bacteria_p__Spirochaetota_c__Spirochaetia_o__Treponematales_f__Treponemataceae_B_1"
"81","229-07--Msp-RNA-1--Microcerotermes--Microcerotermes--South-East-Asia-Oriental--DPEHDFIK_50891_d__Bacteria_p__Spirochaetota_c__Spirochaetia_o__Treponematales_f__Treponemataceae_B_1"
"82","272-77--RDCT033--Microcerotermes--Microcerotermes-fuscotibialis--Congo-Afro-tropical--POOGOANK_10781_d__Bacteria_p__Spirochaetota_c__Spirochaetia_o__Treponematales_f__Treponemataceae_B_1"
"83","301-59--MAD15-16--Microcerotermes--Microcerotermes-mad-sp-C--Madagascar-Madagascar--KIFAEBMO_24792_d__Bacteria_p__Spirochaetota_c__Spirochaetia_o__Treponematales_f__Treponemataceae_B_1"
"84","272-59--MAD15-169--Microcerotermes--Microcerotermes-mad-sp-D--Madagascar-Madagascar--BCNOAGMG_27924_d__Bacteria_p__Spirochaetota_c__Spirochaetia_o__Treponematales_f__Treponemataceae_B_1"
"85","272-15--AUS82--Microcerotermes--Microcerotermes-sp-I--Australia-Australia--BIPLFEAP_25946_d__Bacteria_p__Spirochaetota_c__Spirochaetia_o__Treponematales_f__Treponemataceae_B_1"
"86","301-11--AUS114--Microcerotermes--Microcerotermes-sp-H--Australia-Australia--EOGHOPED_31822_d__Bacteria_p__Spirochaetota_c__Spirochaetia_o__Treponematales_f__Treponemataceae_B_1"
"87","272-54--MAD15-130--Microcerotermes--Microcerotermes-mad-sp-B--Madagascar-Madagascar--DFAMJLME_47870_d__Bacteria_p__Spirochaetota_c__Spirochaetia_o__Treponematales_f__Treponemataceae_B_1"
"88","272-68--MAD15-86--Microcerotermes--Microcerotermes-mad-sp-K--Madagascar-Madagascar--PDAPIIEL_11689_d__Bacteria_p__Spirochaetota_c__Spirochaetia_o__Treponematales_f__Treponemataceae_B_1"
"89","272-34--FG-ND02-39--Microcerotermes--Microcerotermes-sp-SC--French-Guiana-Neo-tropical--JCIBENDC_116424_d__Bacteria_p__Spirochaetota_c__Spirochaetia_o__Treponematales_f__Treponemataceae_B_1"
"90","272-33--FG-ND02-38--Microcerotermes--Microcerotermes-sp-SA--French-Guiana-Neo-tropical--PJPNMPFH_35588_d__Bacteria_p__Spirochaetota_c__Spirochaetia_o__Treponematales_f__Treponemataceae_B_1"
"91","272-34--FG-ND02-39--Microcerotermes--Microcerotermes-sp-SC--French-Guiana-Neo-tropical--JCIBENDC_63558_d__Bacteria_p__Spirochaetota_c__Spirochaetia_o__Treponematales_f__Treponemataceae_B_1"
"92","272-34--FG-ND02-39--Microcerotermes--Microcerotermes-sp-SC--French-Guiana-Neo-tropical--JCIBENDC_41614_d__Bacteria_p__Spirochaetota_c__Spirochaetia_o__Treponematales_f__Treponemataceae_B_1"
"93","272-09--AUS13--Microcerotermes--Microcerotermes-sp--Australia-Australia--BFPCAFDI_11137_d__Bacteria_p__Spirochaetota_c__Spirochaetia_o__Treponematales_f__Treponemataceae_B_1"
"94","272-33--FG-ND02-38--Microcerotermes--Microcerotermes-sp-SA--French-Guiana-Neo-tropical--PJPNMPFH_36431_d__Bacteria_p__Spirochaetota_c__Spirochaetia_o__Treponematales_f__Treponemataceae_B_1"
"95","272-33--FG-ND02-38--Microcerotermes--Microcerotermes-sp-SA--French-Guiana-Neo-tropical--PJPNMPFH_55204_d__Bacteria_p__Spirochaetota_c__Spirochaetia_o__Treponematales_f__Treponemataceae_B_g__Treponema_E_1"
"96","272-33--FG-ND02-38--Microcerotermes--Microcerotermes-sp-SA--French-Guiana-Neo-tropical--PJPNMPFH_20447_d__Bacteria_p__Spirochaetota_c__Spirochaetia_o__Treponematales_f__Treponemataceae_B_1"
"97","272-34--FG-ND02-39--Microcerotermes--Microcerotermes-sp-SC--French-Guiana-Neo-tropical--JCIBENDC_08518_d__Bacteria_p__Spirochaetota_c__Spirochaetia_o__Treponematales_f__Treponemataceae_B_1"
"98","272-33--FG-ND02-38--Microcerotermes--Microcerotermes-sp-SA--French-Guiana-Neo-tropical--PJPNMPFH_09930_d__Bacteria_p__Spirochaetota_c__Spirochaetia_o__Treponematales_f__Treponemataceae_B_1"
"99","272-34--FG-ND02-39--Microcerotermes--Microcerotermes-sp-SC--French-Guiana-Neo-tropical--JCIBENDC_71960_d__Bacteria_p__Spirochaetota_c__Spirochaetia_o__Treponematales_f__Treponemataceae_B_1"
"100","272-34--FG-ND02-39--Microcerotermes--Microcerotermes-sp-SC--French-Guiana-Neo-tropical--JCIBENDC_79286_d__Bacteria_p__Spirochaetota_c__Spirochaetia_o__Treponematales_f__Treponemataceae_B_1"
"101","272-45--G689--Microcerotermes--Microcerotermes-sp--French-Guiana-Neo-tropical--GMFGPJLH_98418_d__Bacteria_p__Spirochaetota_c__Spirochaetia_o__Treponematales_f__Treponemataceae_B_1"
"102","272-45--G689--Microcerotermes--Microcerotermes-sp--French-Guiana-Neo-tropical--GMFGPJLH_01980_d__Bacteria_p__Spirochaetota_c__Spirochaetia_o__Treponematales_f__Treponemataceae_B_1"
"103","272-33--FG-ND02-38--Microcerotermes--Microcerotermes-sp-SA--French-Guiana-Neo-tropical--PJPNMPFH_37724_d__Bacteria_p__Spirochaetota_c__Spirochaetia_o__Treponematales_f__Treponemataceae_B_1"
"104","272-34--FG-ND02-39--Microcerotermes--Microcerotermes-sp-SC--French-Guiana-Neo-tropical--JCIBENDC_46871_d__Bacteria_p__Spirochaetota_c__Spirochaetia_o__Treponematales_f__Treponemataceae_B_1"
"105","272-33--FG-ND02-38--Microcerotermes--Microcerotermes-sp-SA--French-Guiana-Neo-tropical--PJPNMPFH_20242_d__Bacteria_p__Spirochaetota_c__Spirochaetia_o__Treponematales_f__Treponemataceae_B_1"
"106","272-34--FG-ND02-39--Microcerotermes--Microcerotermes-sp-SC--French-Guiana-Neo-tropical--JCIBENDC_35434_d__Bacteria_p__Spirochaetota_c__Spirochaetia_o__Treponematales_f__Treponemataceae_B_1"
"107","272-33--FG-ND02-38--Microcerotermes--Microcerotermes-sp-SA--French-Guiana-Neo-tropical--PJPNMPFH_57012_d__Bacteria_p__Spirochaetota_c__Spirochaetia_o__Treponematales_f__Treponemataceae_B_1"
"108","272-43--G-13-58--Microcerotermes--Microcerotermes--French-Guiana-Neo-tropical--NCHCEIMM_139278_d__Bacteria_p__Spirochaetota_c__Spirochaetia_o__Treponematales_f__Treponemataceae_B_1"
"109","272-33--FG-ND02-38--Microcerotermes--Microcerotermes-sp-SA--French-Guiana-Neo-tropical--PJPNMPFH_09350_d__Bacteria_p__Spirochaetota_c__Spirochaetia_o__Treponematales_f__Treponemataceae_B_1"
"110","272-34--FG-ND02-39--Microcerotermes--Microcerotermes-sp-SC--French-Guiana-Neo-tropical--JCIBENDC_84379_d__Bacteria_p__Spirochaetota_c__Spirochaetia_o__Treponematales_f__Treponemataceae_B_1"
"111","272-34--FG-ND02-39--Microcerotermes--Microcerotermes-sp-SC--French-Guiana-Neo-tropical--JCIBENDC_50956_d__Bacteria_p__Spirochaetota_c__Spirochaetia_o__Treponematales_f__Treponemataceae_B_1"
"112","272-33--FG-ND02-38--Microcerotermes--Microcerotermes-sp-SA--French-Guiana-Neo-tropical--PJPNMPFH_23096_d__Bacteria_p__Spirochaetota_c__Spirochaetia_o__Treponematales_f__Treponemataceae_B_1"
"113","272-34--FG-ND02-39--Microcerotermes--Microcerotermes-sp-SC--French-Guiana-Neo-tropical--JCIBENDC_33892_d__Bacteria_p__Spirochaetota_c__Spirochaetia_o__Treponematales_f__Treponemataceae_B_1"
"114","272-43--G-13-58--Microcerotermes--Microcerotermes--French-Guiana-Neo-tropical--NCHCEIMM_90252_d__Bacteria_p__Spirochaetota_c__Spirochaetia_o__Treponematales_f__Treponemataceae_B_1"
"115","272-34--FG-ND02-39--Microcerotermes--Microcerotermes-sp-SC--French-Guiana-Neo-tropical--JCIBENDC_74959_d__Bacteria_p__Spirochaetota_c__Spirochaetia_o__Treponematales_f__Treponemataceae_B_1"
"116","272-33--FG-ND02-38--Microcerotermes--Microcerotermes-sp-SA--French-Guiana-Neo-tropical--PJPNMPFH_103103_d__Bacteria_p__Spirochaetota_c__Spirochaetia_o__Treponematales_f__Treponemataceae_B_1"
"117","272-33--FG-ND02-38--Microcerotermes--Microcerotermes-sp-SA--French-Guiana-Neo-tropical--PJPNMPFH_31972_d__Bacteria_p__Spirochaetota_c__Spirochaetia_o__Treponematales_f__Treponemataceae_B_1"
"118","272-55--MAD15-136--Microcerotermes--Microcerotermes-mad-sp-G--Madagascar-Madagascar--IGAGHHBI_16705_d__Bacteria_p__Spirochaetota_c__Spirochaetia_o__Treponematales_f__Treponemataceae_B_1"
"119","301-61--MAD15-71--Microcerotermes--Microcerotermes-mad-sp-B--Madagascar-Madagascar--HLHCAAJD_129285_d__Bacteria_p__Spirochaetota_c__Spirochaetia_o__Treponematales_f__Treponemataceae_B_1"
"120","272-34--FG-ND02-39--Microcerotermes--Microcerotermes-sp-SC--French-Guiana-Neo-tropical--JCIBENDC_67490_d__Bacteria_p__Spirochaetota_c__Spirochaetia_o__Treponematales_f__Treponemataceae_B_1"
"121","272-43--G-13-58--Microcerotermes--Microcerotermes--French-Guiana-Neo-tropical--NCHCEIMM_54469_d__Bacteria_p__Spirochaetota_c__Spirochaetia_o__Treponematales_f__Treponemataceae_B_1"
"122","230-14--RDCT055--Microcerotermes--Microcerotermes-parvus--Congo-Afro-tropical--AELJIOAN_11012_d__Bacteria_p__Spirochaetota_c__Spirochaetia_o__Treponematales_f__Treponemataceae_B_1"
"123","272-85--RDCT134--Microcerotermes--Microcerotermes-parvus--Congo-Afro-tropical--IJFECECG_120881_d__Bacteria_p__Spirochaetota_c__Spirochaetia_o__Treponematales_f__Treponemataceae_B_1"
"124","301-58--MAD15-116--Microcerotermes--Microcerotermes-mad-sp-H--Madagascar-Madagascar--BKJILCFM_14776_d__Bacteria_p__Spirochaetota_c__Spirochaetia_o__Treponematales_f__Treponemataceae_B_1"
"125","272-63--MAD15-5--Microcerotermes--Microcerotermes-mad-sp-E--Madagascar-Madagascar--LHGCDBLG_16519_d__Bacteria_p__Spirochaetota_c__Spirochaetia_o__Treponematales_f__Treponemataceae_B_1"
"126","272-58--MAD15-151--Microcerotermes--Microcerotermes-mad-sp-M--Madagascar-Madagascar--CNFKDAJD_53448_d__Bacteria_p__Spirochaetota_c__Spirochaetia_o__Treponematales_f__Treponemataceae_B_1"
"127","272-59--MAD15-169--Microcerotermes--Microcerotermes-mad-sp-D--Madagascar-Madagascar--BCNOAGMG_23724_d__Bacteria_p__Spirochaetota_c__Spirochaetia_o__Treponematales_f__Treponemataceae_B_1"
"128","272-59--MAD15-169--Microcerotermes--Microcerotermes-mad-sp-D--Madagascar-Madagascar--BCNOAGMG_55776_d__Bacteria_p__Spirochaetota_c__Spirochaetia_o__Treponematales_f__Treponemataceae_B_1"
"129","301-59--MAD15-16--Microcerotermes--Microcerotermes-mad-sp-C--Madagascar-Madagascar--KIFAEBMO_53650_d__Bacteria_p__Spirochaetota_c__Spirochaetia_o__Treponematales_f__Treponemataceae_B_1"
"130","230-03--PHI8--Microcerotermes--Microcerotermes--Philippines-Oriental--FFKHHJAJ_127167_d__Bacteria_p__Spirochaetota_c__Spirochaetia_o__Treponematales_f__Treponemataceae_B_1"
"131","272-04--48--Microcerotermes--Microcerotermes-papuanus--New-Guinea-Oceania--LLJHKGFM_22693_d__Bacteria_p__Spirochaetota_c__Spirochaetia_o__Treponematales_f__Treponemataceae_B_1"
"132","272-95--TBRU912E--Microcerotermes--Microcerotermes-serrula--Brunei-Oriental--MIGHMNII_22888_d__Bacteria_p__Spirochaetota_c__Spirochaetia_o__Treponematales_f__Treponemataceae_B_1"
"133","301-77--TBRU414--Microcerotermes--Microcerotermes-nr-havilandi--Brunei-Oriental--LEAPNMHI_80134_d__Bacteria_p__Spirochaetota_c__Spirochaetia_o__Treponematales_f__Treponemataceae_B_1"
"134","272-15--AUS82--Microcerotermes--Microcerotermes-sp-I--Australia-Australia--BIPLFEAP_00801_d__Bacteria_p__Spirochaetota_c__Spirochaetia_o__Treponematales_f__Treponemataceae_B_1"
"135","272-09--AUS13--Microcerotermes--Microcerotermes-sp--Australia-Australia--BFPCAFDI_28326_d__Bacteria_p__Spirochaetota_c__Spirochaetia_o__Treponematales_f__Treponemataceae_B_1"
"136","272-12--AUS66--Microcerotermes--Microcerotermes-sp-E--Australia-Australia--GDNKKEHJ_11376_d__Bacteria_p__Spirochaetota_c__Spirochaetia_o__Treponematales_f__Treponemataceae_B_1"
"137","272-14--AUS71--Microcerotermes--Microcerotermes-sp-G--Australia-Australia--LAKMIEEK_04004_d__Bacteria_p__Spirochaetota_c__Spirochaetia_o__Treponematales_f__Treponemataceae_B_1"
"138","272-57--MAD15-148--Microcerotermes--Microcerotermes-mad-sp-F--Madagascar-Madagascar--HPMPMEPI_02406_d__Bacteria_p__Spirochaetota_c__Spirochaetia_o__Treponematales_f__Treponemataceae_B_1"
"139","272-66--MAD15-76--Microcerotermes--Microcerotermes-mad-sp-G--Madagascar-Madagascar--BKGPDEIL_33929_d__Bacteria_p__Spirochaetota_c__Spirochaetia_o__Treponematales_f__Treponemataceae_B_1"
"140","272-54--MAD15-130--Microcerotermes--Microcerotermes-mad-sp-B--Madagascar-Madagascar--DFAMJLME_25240_d__Bacteria_p__Spirochaetota_c__Spirochaetia_o__Treponematales_f__Treponemataceae_B_1"
"141","272-68--MAD15-86--Microcerotermes--Microcerotermes-mad-sp-K--Madagascar-Madagascar--PDAPIIEL_33720_d__Bacteria_p__Spirochaetota_c__Spirochaetia_o__Treponematales_f__Treponemataceae_B_1"
"142","230-16--MAD15-54--Microcerotermes--Microcerotermes-mad-sp-H--Madagascar-Madagascar--LABPPIEE_13253_d__Bacteria_p__Spirochaetota_c__Spirochaetia_o__Treponematales_f__Treponemataceae_B_1"
"143","301-60--MAD15-66--Microcerotermes--Microcerotermes-mad-sp-E--Madagascar-Madagascar--MJONPIMI_11140_d__Bacteria_p__Spirochaetota_c__Spirochaetia_o__Treponematales_f__Treponemataceae_B_1"
"144","301-58--MAD15-116--Microcerotermes--Microcerotermes-mad-sp-H--Madagascar-Madagascar--BKJILCFM_21651_d__Bacteria_p__Spirochaetota_c__Spirochaetia_o__Treponematales_f__Treponemataceae_B_1"
"145","272-84--RDCT119--Microcerotermes--Microcerotermes-parvus--Congo-Afro-tropical--HFABNABN_52821_d__Bacteria_p__Spirochaetota_c__Spirochaetia_o__Treponematales_f__Treponemataceae_B_1"
"146","301-29--BDIT45--Microcerotermes--Microcerotermes-parvus--Burundi-Afro-tropical--GBGOPIBM_37012_d__Bacteria_p__Spirochaetota_c__Spirochaetia_o__Treponematales_f__Treponemataceae_B_1"
"147","230-12--81--Microcerotermes--Microcerotermes-papuanus--New-Guinea-Oceania--GCKEGHAL_19612_d__Bacteria_p__Spirochaetota_c__Spirochaetia_o__Treponematales_f__Treponemataceae_B_1"
"148","301-08--81-2--Microcerotermes--Microcerotermes-papuanus--New-Guinea-Oceania--LIMPOKBC_13526_d__Bacteria_p__Spirochaetota_c__Spirochaetia_o__Treponematales_f__Treponemataceae_B_1"
"149","272-12--AUS66--Microcerotermes--Microcerotermes-sp-E--Australia-Australia--GDNKKEHJ_55486_d__Bacteria_p__Spirochaetota_c__Spirochaetia_o__Treponematales_f__Treponemataceae_B_1"
"150","272-13--AUS6--Microcerotermes--Microcerotermes-nervosus--Australia-Australia--FLPAOEAJ_36833_d__Bacteria_p__Spirochaetota_c__Spirochaetia_o__Treponematales_f__Treponemataceae_B_1"
"151","272-15--AUS82--Microcerotermes--Microcerotermes-sp-I--Australia-Australia--BIPLFEAP_30180_d__Bacteria_p__Spirochaetota_c__Spirochaetia_o__Treponematales_f__Treponemataceae_B_1"
"152","272-69--MAL22--Microcerotermes--Microcerotermes-crassus--Malaysia-Oriental--DANCONHC_76229_d__Bacteria_p__Spirochaetota_c__Spirochaetia_o__Treponematales_f__Treponemataceae_B_1"
"153","272-95--TBRU912E--Microcerotermes--Microcerotermes-serrula--Brunei-Oriental--MIGHMNII_23299_d__Bacteria_p__Spirochaetota_c__Spirochaetia_o__Treponematales_f__Treponemataceae_B_1"
"154","272-04--48--Microcerotermes--Microcerotermes-papuanus--New-Guinea-Oceania--LLJHKGFM_31840_d__Bacteria_p__Spirochaetota_c__Spirochaetia_o__Treponematales_f__Treponemataceae_B_1"
"155","272-64--MAD15-62--Microcerotermes--Microcerotermes-mad-sp-F--Madagascar-Madagascar--PHHMBOPJ_14766_d__Bacteria_p__Spirochaetota_c__Spirochaetia_o__Treponematales_f__Treponemataceae_B_1"
"156","230-03--PHI8--Microcerotermes--Microcerotermes--Philippines-Oriental--FFKHHJAJ_29885_d__Bacteria_p__Spirochaetota_c__Spirochaetia_o__Treponematales_f__Treponemataceae_B_1"
"157","272-69--MAL22--Microcerotermes--Microcerotermes-crassus--Malaysia-Oriental--DANCONHC_50557_d__Bacteria_p__Spirochaetota_c__Spirochaetia_o__Treponematales_f__Treponemataceae_B_1"
"158","272-104--TP114A--Microcerotermes--Microcerotermes-crassus--Malaysia-Oriental--NHIGIODF_130659_d__Bacteria_p__Spirochaetota_c__Spirochaetia_o__Treponematales_f__Treponemataceae_B_1"
"159","272-91--T614--Microcerotermes--Microcerotermes--Singapore-Oriental--ECJLCPLO_06972_d__Bacteria_p__Spirochaetota_c__Spirochaetia_o__Treponematales_f__Treponemataceae_B_1"
"160","272-15--AUS82--Microcerotermes--Microcerotermes-sp-I--Australia-Australia--BIPLFEAP_62688_d__Bacteria_p__Spirochaetota_c__Spirochaetia_o__Treponematales_f__Treponemataceae_B_1"
"161","272-14--AUS71--Microcerotermes--Microcerotermes-sp-G--Australia-Australia--LAKMIEEK_27242_d__Bacteria_p__Spirochaetota_c__Spirochaetia_o__Treponematales_f__Treponemataceae_B_1"
"162","301-11--AUS114--Microcerotermes--Microcerotermes-sp-H--Australia-Australia--EOGHOPED_93398_d__Bacteria_p__Spirochaetota_c__Spirochaetia_o__Treponematales_f__Treponemataceae_B_1"
"163","301-08--81-2--Microcerotermes--Microcerotermes-papuanus--New-Guinea-Oceania--LIMPOKBC_66883_d__Bacteria_p__Spirochaetota_c__Spirochaetia_o__Treponematales_f__Treponemataceae_B_1"
"164","272-84--RDCT119--Microcerotermes--Microcerotermes-parvus--Congo-Afro-tropical--HFABNABN_84770_d__Bacteria_p__Spirochaetota_c__Spirochaetia_o__Treponematales_f__Treponemataceae_B_1"
"165","301-29--BDIT45--Microcerotermes--Microcerotermes-parvus--Burundi-Afro-tropical--GBGOPIBM_32409_d__Bacteria_p__Spirochaetota_c__Spirochaetia_o__Treponematales_f__Treponemataceae_B_1"
"166","272-69--MAL22--Microcerotermes--Microcerotermes-crassus--Malaysia-Oriental--DANCONHC_06222_d__Bacteria_p__Spirochaetota_c__Spirochaetia_o__Treponematales_f__Treponemataceae_B_1"
"167","301-29--BDIT45--Microcerotermes--Microcerotermes-parvus--Burundi-Afro-tropical--GBGOPIBM_20592_d__Bacteria_p__Spirochaetota_c__Spirochaetia_o__Treponematales_f__Treponemataceae_B_1"
"168","272-101--THAI055--Microcerotermes--Microcerotermes-sp-B--Thailand-Oriental--CKPDMAEN_02876_d__Bacteria_p__Spirochaetota_c__Spirochaetia_o__Treponematales_f__Treponemataceae_B_1"
"169","301-77--TBRU414--Microcerotermes--Microcerotermes-nr-havilandi--Brunei-Oriental--LEAPNMHI_11834_d__Bacteria_p__Spirochaetota_c__Spirochaetia_o__Treponematales_f__Treponemataceae_B_1"
"170","230-03--PHI8--Microcerotermes--Microcerotermes--Philippines-Oriental--FFKHHJAJ_11680_d__Bacteria_p__Spirochaetota_c__Spirochaetia_o__Treponematales_f__Treponemataceae_B_1"
"171","272-75--PHI1--Microcerotermes--Microcerotermes--Philippines-Oriental--EFHMCDAH_14537_d__Bacteria_p__Spirochaetota_c__Spirochaetia_o__Treponematales_f__Treponemataceae_B_1"
"172","272-14--AUS71--Microcerotermes--Microcerotermes-sp-G--Australia-Australia--LAKMIEEK_42352_d__Bacteria_p__Spirochaetota_c__Spirochaetia_o__Treponematales_f__Treponemataceae_B_1"
"173","230-03--PHI8--Microcerotermes--Microcerotermes--Philippines-Oriental--FFKHHJAJ_51959_d__Bacteria_p__Spirochaetota_c__Spirochaetia_o__Treponematales_f__Treponemataceae_B_1"
"174","272-69--MAL22--Microcerotermes--Microcerotermes-crassus--Malaysia-Oriental--DANCONHC_32224_d__Bacteria_p__Spirochaetota_c__Spirochaetia_o__Treponematales_f__Treponemataceae_B_1"
"175","272-70--MAL37--Microcerotermes--Microcerotermes-crassus--Malaysia-Oriental--ILALFPAC_76627_d__Bacteria_p__Spirochaetota_c__Spirochaetia_o__Treponematales_f__Treponemataceae_B_1"
"176","272-14--AUS71--Microcerotermes--Microcerotermes-sp-G--Australia-Australia--LAKMIEEK_45592_d__Bacteria_p__Spirochaetota_c__Spirochaetia_o__Treponematales_f__Treponemataceae_B_1"
"177","272-89--T2-IC--Microcerotermes--Microcerotermes-havilandi--Singapore-Oriental--OCBKEODD_05349_d__Bacteria_p__Spirochaetota_c__Spirochaetia_o__Treponematales_f__Treponemataceae_B_1"
"178","272-15--AUS82--Microcerotermes--Microcerotermes-sp-I--Australia-Australia--BIPLFEAP_87872_d__Bacteria_p__Spirochaetota_c__Spirochaetia_o__Treponematales_f__Treponemataceae_B_1"
"179","272-15--AUS82--Microcerotermes--Microcerotermes-sp-I--Australia-Australia--BIPLFEAP_94149_d__Bacteria_p__Spirochaetota_c__Spirochaetia_o__Treponematales_f__Treponemataceae_B_1"
"180","230-15--D2-34--Microcerotermes--Microcerotermes-biroi--New-Guinea-Oceania--HEFGFCPB_03979_d__Bacteria_p__Spirochaetota_c__Spirochaetia_o__Treponematales_f__Treponemataceae_B_1"
"181","272-02--28--Microcerotermes--Microcerotermes-papuanus--New-Guinea-Oceania--JCCLNIIL_70063_d__Bacteria_p__Spirochaetota_c__Spirochaetia_o__Treponematales_f__Treponemataceae_B_1"
"182","229-07--Msp-RNA-1--Microcerotermes--Microcerotermes--South-East-Asia-Oriental--DPEHDFIK_43421_d__Bacteria_p__Spirochaetota_c__Spirochaetia_o__Treponematales_f__Treponemataceae_B_1"
"183","272-60--MAD15-21--Microcerotermes--Microcerotermes-mad-sp-D--Madagascar-Madagascar--ANILOFPC_25929_d__Bacteria_p__Spirochaetota_c__Spirochaetia_o__Treponematales_f__Treponemataceae_B_1"
"184","272-54--MAD15-130--Microcerotermes--Microcerotermes-mad-sp-B--Madagascar-Madagascar--DFAMJLME_69966_d__Bacteria_p__Spirochaetota_c__Spirochaetia_o__Treponematales_f__Treponemataceae_B_1"
"185","301-61--MAD15-71--Microcerotermes--Microcerotermes-mad-sp-B--Madagascar-Madagascar--HLHCAAJD_48400_d__Bacteria_p__Spirochaetota_c__Spirochaetia_o__Treponematales_f__Treponemataceae_B_1"
"186","230-16--MAD15-54--Microcerotermes--Microcerotermes-mad-sp-H--Madagascar-Madagascar--LABPPIEE_44628_d__Bacteria_p__Spirochaetota_c__Spirochaetia_o__Treponematales_f__Treponemataceae_B_1"
"187","272-56--MAD15-139--Microcerotermes--Microcerotermes-mad-sp-L--Madagascar-Madagascar--DPIGOLHB_15296_d__Bacteria_p__Spirochaetota_c__Spirochaetia_o__Treponematales_f__Treponemataceae_B_1"
"188","230-16--MAD15-54--Microcerotermes--Microcerotermes-mad-sp-H--Madagascar-Madagascar--LABPPIEE_56009_d__Bacteria_p__Spirochaetota_c__Spirochaetia_o__Treponematales_f__Treponemataceae_B_1"
"189","272-54--MAD15-130--Microcerotermes--Microcerotermes-mad-sp-B--Madagascar-Madagascar--DFAMJLME_46027_d__Bacteria_p__Spirochaetota_c__Spirochaetia_o__Treponematales_f__Treponemataceae_B_1"
"190","272-15--AUS82--Microcerotermes--Microcerotermes-sp-I--Australia-Australia--BIPLFEAP_57908_d__Bacteria_p__Spirochaetota_c__Spirochaetia_o__Treponematales_f__Treponemataceae_B_1"
"191","272-66--MAD15-76--Microcerotermes--Microcerotermes-mad-sp-G--Madagascar-Madagascar--BKGPDEIL_48629_d__Bacteria_p__Spirochaetota_c__Spirochaetia_o__Treponematales_f__Treponemataceae_B_1"
"192","272-19--BDIT102--Microcerotermes--Microcerotermes-fuscotibialis--Burundi-Afro-tropical--CAECBDLP_55706_d__Bacteria_p__Spirochaetota_c__Spirochaetia_o__Treponematales_f__Treponemataceae_B_1"
"193","272-75--PHI1--Microcerotermes--Microcerotermes--Philippines-Oriental--EFHMCDAH_49891_d__Bacteria_p__Spirochaetota_c__Spirochaetia_o__Treponematales_f__Treponemataceae_B_1"
"194","272-58--MAD15-151--Microcerotermes--Microcerotermes-mad-sp-M--Madagascar-Madagascar--CNFKDAJD_35486_d__Bacteria_p__Spirochaetota_c__Spirochaetia_o__Treponematales_f__Treponemataceae_B_1"
"195","272-67--MAD15-85--Microcerotermes--Microcerotermes-mad-sp-A--Madagascar-Madagascar--FFCMJAEF_04489_d__Bacteria_p__Spirochaetota_c__Spirochaetia_o__Treponematales_f__Treponemataceae_B_1"
"196","272-69--MAL22--Microcerotermes--Microcerotermes-crassus--Malaysia-Oriental--DANCONHC_05806_d__Bacteria_p__Spirochaetota_c__Spirochaetia_o__Treponematales_f__Treponemataceae_B_1"
"197","301-58--MAD15-116--Microcerotermes--Microcerotermes-mad-sp-H--Madagascar-Madagascar--BKJILCFM_63809_d__Bacteria_p__Spirochaetota_c__Spirochaetia_o__Treponematales_f__Treponemataceae_B_1"
"198","272-45--G689--Microcerotermes--Microcerotermes-sp--French-Guiana-Neo-tropical--GMFGPJLH_20975_d__Bacteria_p__Spirochaetota_c__Spirochaetia_o__Treponematales_f__Treponemataceae_B_1"
"199","272-33--FG-ND02-38--Microcerotermes--Microcerotermes-sp-SA--French-Guiana-Neo-tropical--PJPNMPFH_50940_d__Bacteria_p__Spirochaetota_c__Spirochaetia_o__Treponematales_f__Treponemataceae_B_1"
"200","272-43--G-13-58--Microcerotermes--Microcerotermes--French-Guiana-Neo-tropical--NCHCEIMM_12361_d__Bacteria_p__Spirochaetota_c__Spirochaetia_o__Treponematales_f__Treponemataceae_B_1"
"201","272-34--FG-ND02-39--Microcerotermes--Microcerotermes-sp-SC--French-Guiana-Neo-tropical--JCIBENDC_15462_d__Bacteria_p__Spirochaetota_c__Spirochaetia_o__Treponematales_f__Treponemataceae_B_1"
"202","272-43--G-13-58--Microcerotermes--Microcerotermes--French-Guiana-Neo-tropical--NCHCEIMM_116871_d__Bacteria_p__Spirochaetota_c__Spirochaetia_o__Treponematales_f__Treponemataceae_B_1"
"203","272-68--MAD15-86--Microcerotermes--Microcerotermes-mad-sp-K--Madagascar-Madagascar--PDAPIIEL_64328_d__Bacteria_p__Spirochaetota_c__Spirochaetia_o__Treponematales_f__Treponemataceae_B_1"
"204","272-12--AUS66--Microcerotermes--Microcerotermes-sp-E--Australia-Australia--GDNKKEHJ_54594_d__Bacteria_p__Spirochaetota_c__Spirochaetia_o__Treponematales_f__Treponemataceae_B_1"
"205","301-11--AUS114--Microcerotermes--Microcerotermes-sp-H--Australia-Australia--EOGHOPED_01302_d__Bacteria_p__Spirochaetota_c__Spirochaetia_o__Treponematales_f__Treponemataceae_B_1"
"206","230-14--RDCT055--Microcerotermes--Microcerotermes-parvus--Congo-Afro-tropical--AELJIOAN_32512_d__Bacteria_p__Spirochaetota_c__Spirochaetia_o__Treponematales_f__Treponemataceae_B_1"
"207","272-85--RDCT134--Microcerotermes--Microcerotermes-parvus--Congo-Afro-tropical--IJFECECG_72302_d__Bacteria_p__Spirochaetota_c__Spirochaetia_o__Treponematales_f__Treponemataceae_B_g__Treponema_E_1"
"208","301-29--BDIT45--Microcerotermes--Microcerotermes-parvus--Burundi-Afro-tropical--GBGOPIBM_108571_d__Bacteria_p__Spirochaetota_c__Spirochaetia_o__Treponematales_f__Treponemataceae_B_1"
"209","272-13--AUS6--Microcerotermes--Microcerotermes-nervosus--Australia-Australia--FLPAOEAJ_56235_d__Bacteria_p__Spirochaetota_c__Spirochaetia_o__Treponematales_f__Treponemataceae_B_1"
"210","272-02--28--Microcerotermes--Microcerotermes-papuanus--New-Guinea-Oceania--JCCLNIIL_41947_d__Bacteria_p__Spirochaetota_c__Spirochaetia_o__Treponematales_f__Treponemataceae_B_1"
"211","301-77--TBRU414--Microcerotermes--Microcerotermes-nr-havilandi--Brunei-Oriental--LEAPNMHI_09518_d__Bacteria_p__Spirochaetota_c__Spirochaetia_o__Treponematales_f__Treponemataceae_B_1"
"212","272-100--THAI54--Microcerotermes--Microcerotermes-crassus--Thailand-Oriental--COJKPCNP_12138_d__Bacteria_p__Spirochaetota_c__Spirochaetia_o__Treponematales_f__Treponemataceae_B_1"
"213","272-91--T614--Microcerotermes--Microcerotermes--Singapore-Oriental--ECJLCPLO_68191_d__Bacteria_p__Spirochaetota_c__Spirochaetia_o__Treponematales_f__Treponemataceae_B_1"
"214","272-79--RDCT053--Microcerotermes--Microcerotermes-parvus--Congo-Afro-tropical--HDFGGIOE_82087_d__Bacteria_p__Spirochaetota_c__Spirochaetia_o__Treponematales_f__Treponemataceae_B_1"
"215","272-84--RDCT119--Microcerotermes--Microcerotermes-parvus--Congo-Afro-tropical--HFABNABN_32989_d__Bacteria_p__Spirochaetota_c__Spirochaetia_o__Treponematales_f__Treponemataceae_B_1"
"216","230-15--D2-34--Microcerotermes--Microcerotermes-biroi--New-Guinea-Oceania--HEFGFCPB_41021_d__Bacteria_p__Spirochaetota_c__Spirochaetia_o__Treponematales_f__Treponemataceae_B_1"
"217","272-69--MAL22--Microcerotermes--Microcerotermes-crassus--Malaysia-Oriental--DANCONHC_55890_d__Bacteria_p__Spirochaetota_c__Spirochaetia_o__Treponematales_f__Treponemataceae_B_1"
"218","272-70--MAL37--Microcerotermes--Microcerotermes-crassus--Malaysia-Oriental--ILALFPAC_14268_d__Bacteria_p__Spirochaetota_c__Spirochaetia_o__Treponematales_f__Treponemataceae_B_1"
"219","272-33--FG-ND02-38--Microcerotermes--Microcerotermes-sp-SA--French-Guiana-Neo-tropical--PJPNMPFH_97812_d__Bacteria_p__Spirochaetota_c__Spirochaetia_o__Treponematales_f__Treponemataceae_B_1"
"220","272-34--FG-ND02-39--Microcerotermes--Microcerotermes-sp-SC--French-Guiana-Neo-tropical--JCIBENDC_10071_d__Bacteria_p__Spirochaetota_c__Spirochaetia_o__Treponematales_f__Treponemataceae_B_1"
"221","272-02--28--Microcerotermes--Microcerotermes-papuanus--New-Guinea-Oceania--JCCLNIIL_71338_d__Bacteria_p__Spirochaetota_c__Spirochaetia_o__Treponematales_f__Treponemataceae_B_1"
"222","272-02--28--Microcerotermes--Microcerotermes-papuanus--New-Guinea-Oceania--JCCLNIIL_87246_d__Bacteria_p__Spirochaetota_c__Spirochaetia_o__Treponematales_f__Treponemataceae_B_1"
"223","301-32--BRA1--Nasutitermitinae--Constrictotermes-ciphergaster--Brazil-Neo-tropical--LLHKHKLA_58740_d__Bacteria_p__Spirochaetota_c__Spirochaetia_o__Treponematales_f__Treponemataceae_B_1"
"224","272-34--FG-ND02-39--Microcerotermes--Microcerotermes-sp-SC--French-Guiana-Neo-tropical--JCIBENDC_106163_d__Bacteria_p__Spirochaetota_c__Spirochaetia_o__Treponematales_f__Treponemataceae_B_1"
"225","229-07--Msp-RNA-1--Microcerotermes--Microcerotermes--South-East-Asia-Oriental--DPEHDFIK_182494_d__Bacteria_p__Spirochaetota_c__Spirochaetia_o__Treponematales_f__Treponemataceae_B_1"
"226","272-15--AUS82--Microcerotermes--Microcerotermes-sp-I--Australia-Australia--BIPLFEAP_168663_d__Bacteria_p__Spirochaetota_c__Spirochaetia_o__Treponematales_f__Treponemataceae_B_1"
"227","272-95--TBRU912E--Microcerotermes--Microcerotermes-serrula--Brunei-Oriental--MIGHMNII_67120_d__Bacteria_p__Spirochaetota_c__Spirochaetia_o__Treponematales_f__Treponemataceae_B_1"
"228","272-101--THAI055--Microcerotermes--Microcerotermes-sp-B--Thailand-Oriental--CKPDMAEN_44327_d__Bacteria_p__Spirochaetota_c__Spirochaetia_o__Treponematales_f__Treponemataceae_B_1"
"229","272-91--T614--Microcerotermes--Microcerotermes--Singapore-Oriental--ECJLCPLO_104851_d__Bacteria_p__Spirochaetota_c__Spirochaetia_o__Treponematales_f__Treponemataceae_B_1"
"230","272-39--G13-24--Termitinae--Cylindrotermes--French-Guiana-Neo-tropical--OBOEKFOA_36650_d__Bacteria_p__Spirochaetota_c__Spirochaetia_o__Treponematales_f__Treponemataceae_B_1"
"231","272-39--G13-24--Termitinae--Cylindrotermes--French-Guiana-Neo-tropical--OBOEKFOA_13921_d__Bacteria_p__Spirochaetota_c__Spirochaetia_o__Treponematales_f__Treponemataceae_B_1"
"232","272-39--G13-24--Termitinae--Cylindrotermes--French-Guiana-Neo-tropical--OBOEKFOA_29246_d__Bacteria_p__Spirochaetota_c__Spirochaetia_o__Treponematales_f__Treponemataceae_B_1"
"233","272-39--G13-24--Termitinae--Cylindrotermes--French-Guiana-Neo-tropical--OBOEKFOA_214252_d__Bacteria_p__Spirochaetota_c__Spirochaetia_o__Treponematales_f__Treponemataceae_B_1"
"234","272-39--G13-24--Termitinae--Cylindrotermes--French-Guiana-Neo-tropical--OBOEKFOA_32326_d__Bacteria_p__Spirochaetota_c__Spirochaetia_o__Treponematales_f__Treponemataceae_B_1"
"235","272-93--TBRU711D--Termitinae--Orientotermes--Brunei-Oriental--OAMOGONE_34477_d__Bacteria_p__Spirochaetota_c__Spirochaetia_o__Treponematales_f__Treponemataceae_B_1"
"236","272-39--G13-24--Termitinae--Cylindrotermes--French-Guiana-Neo-tropical--OBOEKFOA_15939_d__Bacteria_p__Spirochaetota_c__Spirochaetia_o__Treponematales_f__Treponemataceae_B_1"
"237","272-39--G13-24--Termitinae--Cylindrotermes--French-Guiana-Neo-tropical--OBOEKFOA_36417_d__Bacteria_p__Spirochaetota_c__Spirochaetia_o__Treponematales_f__Treponemataceae_B_1"
"238","272-86--RDCT180--Termitinae--Cephalotermes--Congo-Afro-tropical--MFLDAJAL_00745_d__Bacteria_p__Spirochaetota_c__Spirochaetia_o__Treponematales_f__Treponemataceae_B_1"
"239","272-86--RDCT180--Termitinae--Cephalotermes--Congo-Afro-tropical--MFLDAJAL_89366_d__Bacteria_p__Spirochaetota_c__Spirochaetia_o__Treponematales_f__Treponemataceae_B_1"
"240","272-86--RDCT180--Termitinae--Cephalotermes--Congo-Afro-tropical--MFLDAJAL_06601_d__Bacteria_p__Spirochaetota_c__Spirochaetia_o__Treponematales_f__Treponemataceae_B_1"
"241","272-86--RDCT180--Termitinae--Cephalotermes--Congo-Afro-tropical--MFLDAJAL_35548_d__Bacteria_p__Spirochaetota_c__Spirochaetia_o__Treponematales_f__Treponemataceae_B_1"
"242","272-86--RDCT180--Termitinae--Cephalotermes--Congo-Afro-tropical--MFLDAJAL_27811_d__Bacteria_p__Spirochaetota_c__Spirochaetia_o__Treponematales_f__Treponemataceae_B_1"
"243","272-86--RDCT180--Termitinae--Cephalotermes--Congo-Afro-tropical--MFLDAJAL_22569_d__Bacteria_p__Spirochaetota_c__Spirochaetia_o__Treponematales_f__Treponemataceae_B_1"
"244","272-86--RDCT180--Termitinae--Cephalotermes--Congo-Afro-tropical--MFLDAJAL_89154_d__Bacteria_p__Spirochaetota_c__Spirochaetia_o__Treponematales_f__Treponemataceae_B_1"
"245","301-32--BRA1--Nasutitermitinae--Constrictotermes-ciphergaster--Brazil-Neo-tropical--LLHKHKLA_33957_d__Bacteria_p__Spirochaetota_c__Spirochaetia_o__Treponematales_f__Treponemataceae_B_1"
"246","301-18--AUS62--Nasutitermitinae--Nasutitermes-graveolus--Australia-Australia--KOGODHHJ_20641_d__Bacteria_p__Spirochaetota_c__Spirochaetia_o__Treponematales_f__Treponemataceae_B_1"
"247","230-11--60--Nasutitermitinae--Nasutitermes-gracilirostris--New-Guinea-Oceania--MHIDOOBA_26386_d__Bacteria_p__Spirochaetota_c__Spirochaetia_o__Treponematales_f__Treponemataceae_B_1"
"248","272-40--G13-30--Nasutitermitinae--Coatitermes-kartaboensis--French-Guiana-Neo-tropical--FGHEMLMB_90903_d__Bacteria_p__Spirochaetota_c__Spirochaetia_o__Treponematales_f__Treponemataceae_B_1"
"249","301-18--AUS62--Nasutitermitinae--Nasutitermes-graveolus--Australia-Australia--KOGODHHJ_85016_d__Bacteria_p__Spirochaetota_c__Spirochaetia_o__Treponematales_f__Treponemataceae_B_1"
"250","301-80--THAI100--Nasutitermitinae--Bulbitermes-nr-laticephalus--Thailand-Oriental--PLCNNCOE_10166_d__Bacteria_p__Spirochaetota_c__Spirochaetia_o__Treponematales_f__Treponemataceae_B_1"
"251","230-13--THAI43--Nasutitermitinae--Nasutitermes-sp-3--Thailand-Oriental--GAHIMCHH_09829_d__Bacteria_p__Spirochaetota_c__Spirochaetia_o__Treponematales_f__Treponemataceae_B_1"
"252","230-13--THAI43--Nasutitermitinae--Nasutitermes-sp-3--Thailand-Oriental--GAHIMCHH_16617_d__Bacteria_p__Spirochaetota_c__Spirochaetia_o__Treponematales_f__Treponemataceae_B_1"
"253","301-07--69--Nasutitermitinae--Nasutitermes-bikpelanus--New-Guinea-Oceania--NMAGJELM_18066_d__Bacteria_p__Spirochaetota_c__Spirochaetia_o__Treponematales_f__Treponemataceae_B_1"
"254","301-07--69--Nasutitermitinae--Nasutitermes-bikpelanus--New-Guinea-Oceania--NMAGJELM_28185_d__Bacteria_p__Spirochaetota_c__Spirochaetia_o__Treponematales_f__Treponemataceae_B_1"
"255","272-82--RDCT106--Nasutitermitinae--Nasutitermes-lujae--Congo-Afro-tropical--LMFHLHNK_41690_d__Bacteria_p__Spirochaetota_c__Spirochaetia_o__Treponematales_f__Treponemataceae_B_1"
"256","272-50--KE15-44--Nasutitermitinae--Trinervitermes-gratiosus--Kenya-Afro-tropical--KCLNDEGO_02040_d__Bacteria_p__Spirochaetota_c__Spirochaetia_o__Treponematales_f__Treponemataceae_B_1"
"257","301-24--BDIT094--Nasutitermitinae--Trinervitermes-sp--Burundi-Afro-tropical--PNDKBPLD_09649_d__Bacteria_p__Spirochaetota_c__Spirochaetia_o__Treponematales_f__Treponemataceae_B_1"
"258","301-54--G733--Nasutitermitinae--Nasutitermes-macrocephalus--French-Guiana-Neo-tropical--POHOEHOL_36594_d__Bacteria_p__Spirochaetota_c__Spirochaetia_o__Treponematales_f__Treponemataceae_B_1"
"259","301-07--69--Nasutitermitinae--Nasutitermes-bikpelanus--New-Guinea-Oceania--NMAGJELM_32931_d__Bacteria_p__Spirochaetota_c__Spirochaetia_o__Treponematales_f__Treponemataceae_B_1"
"260","301-54--G733--Nasutitermitinae--Nasutitermes-macrocephalus--French-Guiana-Neo-tropical--POHOEHOL_08659_d__Bacteria_p__Spirochaetota_c__Spirochaetia_o__Treponematales_f__Treponemataceae_B_1"
"261","272-46--G728--Nasutitermitinae--Agnathotermes-crassinasus--French-Guiana-Neo-tropical--MGHCOOPN_14395_d__Bacteria_p__Spirochaetota_c__Spirochaetia_o__Treponematales_f__Treponemataceae_B_1"
"262","301-80--THAI100--Nasutitermitinae--Bulbitermes-nr-laticephalus--Thailand-Oriental--PLCNNCOE_75132_d__Bacteria_p__Spirochaetota_c__Spirochaetia_o__Treponematales_f__Treponemataceae_B_g__Treponema_E_1"
"263","272-93--TBRU711D--Termitinae--Orientotermes--Brunei-Oriental--OAMOGONE_56561_d__Bacteria_p__Spirochaetota_c__Spirochaetia_o__Treponematales_f__Treponemataceae_B_1"
"264","301-44--G13-48--Nasutitermitinae--Constrictotermes-cavifrons--French-Guiana-Neo-tropical--COLCIDHM_08323_d__Bacteria_p__Spirochaetota_c__Spirochaetia_o__Treponematales_f__Treponemataceae_B_1"
"265","301-32--BRA1--Nasutitermitinae--Constrictotermes-ciphergaster--Brazil-Neo-tropical--LLHKHKLA_54582_d__Bacteria_p__Spirochaetota_c__Spirochaetia_o__Treponematales_f__Treponemataceae_B_1"
"266","301-32--BRA1--Nasutitermitinae--Constrictotermes-ciphergaster--Brazil-Neo-tropical--LLHKHKLA_69001_d__Bacteria_p__Spirochaetota_c__Spirochaetia_o__Treponematales_f__Treponemataceae_B_1"
"267","301-32--BRA1--Nasutitermitinae--Constrictotermes-ciphergaster--Brazil-Neo-tropical--LLHKHKLA_82107_d__Bacteria_p__Spirochaetota_c__Spirochaetia_o__Treponematales_f__Treponemataceae_B_1"
"268","301-40--G13-28--Termitinae--Planicapritermes-planiceps--French-Guiana-Neo-tropical--JHDBPCMP_03793_d__Bacteria_p__Spirochaetota_c__Spirochaetia_o__Treponematales_f__Treponemataceae_B_1"
"269","301-40--G13-28--Termitinae--Planicapritermes-planiceps--French-Guiana-Neo-tropical--JHDBPCMP_97324_d__Bacteria_p__Spirochaetota_c__Spirochaetia_o__Treponematales_f__Treponemataceae_B_1"
"270","301-50--G683--Termitinae--Neocapritermes-sp-H--French-Guiana-Neo-tropical--MFJENAHB_10529_d__Bacteria_p__Spirochaetota_c__Spirochaetia_o__Treponematales_f__Treponemataceae_B_1"
"271","301-50--G683--Termitinae--Neocapritermes-sp-H--French-Guiana-Neo-tropical--MFJENAHB_133685_d__Bacteria_p__Spirochaetota_c__Spirochaetia_o__Treponematales_f__Treponemataceae_B_1"
"272","301-40--G13-28--Termitinae--Planicapritermes-planiceps--French-Guiana-Neo-tropical--JHDBPCMP_04168_d__Bacteria_p__Spirochaetota_c__Spirochaetia_o__Treponematales_f__Treponemataceae_B_1"
"273","301-40--G13-28--Termitinae--Planicapritermes-planiceps--French-Guiana-Neo-tropical--JHDBPCMP_51280_d__Bacteria_p__Spirochaetota_c__Spirochaetia_o__Treponematales_f__Treponemataceae_B_1"
"274","301-40--G13-28--Termitinae--Planicapritermes-planiceps--French-Guiana-Neo-tropical--JHDBPCMP_31865_d__Bacteria_p__Spirochaetota_c__Spirochaetia_o__Treponematales_f__Treponemataceae_B_1"
"275","301-50--G683--Termitinae--Neocapritermes-sp-H--French-Guiana-Neo-tropical--MFJENAHB_01189_d__Bacteria_p__Spirochaetota_c__Spirochaetia_o__Treponematales_f__Treponemataceae_B_1"
"276","301-40--G13-28--Termitinae--Planicapritermes-planiceps--French-Guiana-Neo-tropical--JHDBPCMP_112952_d__Bacteria_p__Spirochaetota_c__Spirochaetia_o__Treponematales_f__Treponemataceae_B_1"
"277","301-40--G13-28--Termitinae--Planicapritermes-planiceps--French-Guiana-Neo-tropical--JHDBPCMP_101887_d__Bacteria_p__Spirochaetota_c__Spirochaetia_o__Treponematales_f__Treponemataceae_B_1"
"278","301-40--G13-28--Termitinae--Planicapritermes-planiceps--French-Guiana-Neo-tropical--JHDBPCMP_33231_d__Bacteria_p__Spirochaetota_c__Spirochaetia_o__Treponematales_f__Treponemataceae_B_1"
"279","301-40--G13-28--Termitinae--Planicapritermes-planiceps--French-Guiana-Neo-tropical--JHDBPCMP_03967_d__Bacteria_p__Spirochaetota_c__Spirochaetia_o__Treponematales_f__Treponemataceae_B_1"
"280","301-40--G13-28--Termitinae--Planicapritermes-planiceps--French-Guiana-Neo-tropical--JHDBPCMP_46017_d__Bacteria_p__Spirochaetota_c__Spirochaetia_o__Treponematales_f__Treponemataceae_B_1"
"281","301-50--G683--Termitinae--Neocapritermes-sp-H--French-Guiana-Neo-tropical--MFJENAHB_06663_d__Bacteria_p__Spirochaetota_c__Spirochaetia_o__Treponematales_f__Treponemataceae_B_1"
"282","301-50--G683--Termitinae--Neocapritermes-sp-H--French-Guiana-Neo-tropical--MFJENAHB_08390_d__Bacteria_p__Spirochaetota_c__Spirochaetia_o__Treponematales_f__Treponemataceae_B_1"
"283","230-22--RDCT165--Sphaerotermitinae--Sphaerotermes-sphaerothorax--Congo-Afro-tropical--NOBJMEMK_119925_d__Bacteria_p__Spirochaetota_c__Spirochaetia_o__Treponematales_f__Treponemataceae_B_1"
"284","230-22--RDCT165--Sphaerotermitinae--Sphaerotermes-sphaerothorax--Congo-Afro-tropical--NOBJMEMK_45357_d__Bacteria_p__Spirochaetota_c__Spirochaetia_o__Treponematales_f__Treponemataceae_B_1"
"285","230-22--RDCT165--Sphaerotermitinae--Sphaerotermes-sphaerothorax--Congo-Afro-tropical--NOBJMEMK_65831_d__Bacteria_p__Spirochaetota_c__Spirochaetia_o__Treponematales_f__Treponemataceae_B_1"
"286","230-22--RDCT165--Sphaerotermitinae--Sphaerotermes-sphaerothorax--Congo-Afro-tropical--NOBJMEMK_90201_d__Bacteria_p__Spirochaetota_c__Spirochaetia_o__Treponematales_f__Treponemataceae_B_1"
"287","272-39--G13-24--Termitinae--Cylindrotermes--French-Guiana-Neo-tropical--OBOEKFOA_18860_d__Bacteria_p__Spirochaetota_c__Spirochaetia_o__Treponematales_f__Treponemataceae_B_1"
"288","272-93--TBRU711D--Termitinae--Orientotermes--Brunei-Oriental--OAMOGONE_05410_d__Bacteria_p__Spirochaetota_c__Spirochaetia_o__Treponematales_f__Treponemataceae_B_1"
"289","272-93--TBRU711D--Termitinae--Orientotermes--Brunei-Oriental--OAMOGONE_06115_d__Bacteria_p__Spirochaetota_c__Spirochaetia_o__Treponematales_f__Treponemataceae_B_1"
"290","301-14--AUS49--Nasutitermitinae--Nasutitermes-sp-G--Australia-Australia--KHIKJGJF_99170_d__Bacteria_p__Spirochaetota_c__Spirochaetia_o__Treponematales_f__Treponemataceae_B_1"
"291","272-75--PHI1--Microcerotermes--Microcerotermes--Philippines-Oriental--EFHMCDAH_50653_d__Bacteria_p__Spirochaetota_c__Spirochaetia_o__Treponematales_f__Treponemataceae_B_1"
"292","272-02--28--Microcerotermes--Microcerotermes-papuanus--New-Guinea-Oceania--JCCLNIIL_61743_d__Bacteria_p__Spirochaetota_c__Spirochaetia_o__Treponematales_f__Treponemataceae_B_1"
"293","272-04--48--Microcerotermes--Microcerotermes-papuanus--New-Guinea-Oceania--LLJHKGFM_108272_d__Bacteria_p__Spirochaetota_c__Spirochaetia_o__Treponematales_f__Treponemataceae_B_1"
"294","272-90--T414A--Apicotermitinae--Euhamitermes--Singapore-Oriental--JIEPLOBP_412186_d__Bacteria_p__Spirochaetota_c__Spirochaetia_o__Treponematales_f__Treponemataceae_B_1"
"295","230-13--THAI43--Nasutitermitinae--Nasutitermes-sp-3--Thailand-Oriental--GAHIMCHH_00177_d__Bacteria_p__Spirochaetota_c__Spirochaetia_o__Treponematales_f__Treponemataceae_B_1"
"296","272-50--KE15-44--Nasutitermitinae--Trinervitermes-gratiosus--Kenya-Afro-tropical--KCLNDEGO_71943_d__Bacteria_p__Spirochaetota_c__Spirochaetia_o__Treponematales_f__Treponemataceae_B_1"
"297","272-50--KE15-44--Nasutitermitinae--Trinervitermes-gratiosus--Kenya-Afro-tropical--KCLNDEGO_77431_d__Bacteria_p__Spirochaetota_c__Spirochaetia_o__Treponematales_f__Treponemataceae_B_1"
"298","301-80--THAI100--Nasutitermitinae--Bulbitermes-nr-laticephalus--Thailand-Oriental--PLCNNCOE_28803_d__Bacteria_p__Spirochaetota_c__Spirochaetia_o__Treponematales_f__Treponemataceae_B_1"
"299","301-80--THAI100--Nasutitermitinae--Bulbitermes-nr-laticephalus--Thailand-Oriental--PLCNNCOE_59731_d__Bacteria_p__Spirochaetota_c__Spirochaetia_o__Treponematales_f__Treponemataceae_B_1"
"300","230-13--THAI43--Nasutitermitinae--Nasutitermes-sp-3--Thailand-Oriental--GAHIMCHH_08145_d__Bacteria_p__Spirochaetota_c__Spirochaetia_o__Treponematales_f__Treponemataceae_B_1"
"301","301-54--G733--Nasutitermitinae--Nasutitermes-macrocephalus--French-Guiana-Neo-tropical--POHOEHOL_106162_d__Bacteria_p__Spirochaetota_c__Spirochaetia_o__Treponematales_f__Treponemataceae_B_1"
"302","301-16--AUS54--Nasutitermitinae--Nasutitermes-triodiae--Australia-Australia--AKBEIDEJ_106362_d__Bacteria_p__Spirochaetota_c__Spirochaetia_o__Treponematales_f__Treponemataceae_B_g__Treponema_E_1"
"303","230-13--THAI43--Nasutitermitinae--Nasutitermes-sp-3--Thailand-Oriental--GAHIMCHH_08312_d__Bacteria_p__Spirochaetota_c__Spirochaetia_o__Treponematales_f__Treponemataceae_B_1"
"304","301-07--69--Nasutitermitinae--Nasutitermes-bikpelanus--New-Guinea-Oceania--NMAGJELM_72852_d__Bacteria_p__Spirochaetota_c__Spirochaetia_o__Treponematales_f__Treponemataceae_B_1"
"305","301-54--G733--Nasutitermitinae--Nasutitermes-macrocephalus--French-Guiana-Neo-tropical--POHOEHOL_67956_d__Bacteria_p__Spirochaetota_c__Spirochaetia_o__Treponematales_f__Treponemataceae_B_1"
"306","230-13--THAI43--Nasutitermitinae--Nasutitermes-sp-3--Thailand-Oriental--GAHIMCHH_15955_d__Bacteria_p__Spirochaetota_c__Spirochaetia_o__Treponematales_f__Treponemataceae_B_1"
"307","301-54--G733--Nasutitermitinae--Nasutitermes-macrocephalus--French-Guiana-Neo-tropical--POHOEHOL_09198_d__Bacteria_p__Spirochaetota_c__Spirochaetia_o__Treponematales_f__Treponemataceae_B_1"
"308","301-54--G733--Nasutitermitinae--Nasutitermes-macrocephalus--French-Guiana-Neo-tropical--POHOEHOL_34368_d__Bacteria_p__Spirochaetota_c__Spirochaetia_o__Treponematales_f__Treponemataceae_B_1"
"309","272-21--BDIT041--Nasutitermitinae--Nasutitermes--Burundi-Afro-tropical--NDDLCCAA_27807_d__Bacteria_p__Spirochaetota_c__Spirochaetia_o__Treponematales_f__Treponemataceae_B_1"
"310","272-50--KE15-44--Nasutitermitinae--Trinervitermes-gratiosus--Kenya-Afro-tropical--KCLNDEGO_118830_d__Bacteria_p__Spirochaetota_c__Spirochaetia_o__Treponematales_f__Treponemataceae_B_1"
"311","301-24--BDIT094--Nasutitermitinae--Trinervitermes-sp--Burundi-Afro-tropical--PNDKBPLD_47535_d__Bacteria_p__Spirochaetota_c__Spirochaetia_o__Treponematales_f__Treponemataceae_B_1"
"312","301-24--BDIT094--Nasutitermitinae--Trinervitermes-sp--Burundi-Afro-tropical--PNDKBPLD_13045_d__Bacteria_p__Spirochaetota_c__Spirochaetia_o__Treponematales_f__Treponemataceae_B_1"
"313","272-50--KE15-44--Nasutitermitinae--Trinervitermes-gratiosus--Kenya-Afro-tropical--KCLNDEGO_57556_d__Bacteria_p__Spirochaetota_c__Spirochaetia_o__Treponematales_f__Treponemataceae_B_1"
"314","272-50--KE15-44--Nasutitermitinae--Trinervitermes-gratiosus--Kenya-Afro-tropical--KCLNDEGO_45272_d__Bacteria_p__Spirochaetota_c__Spirochaetia_o__Treponematales_f__Treponemataceae_B_1"
"315","301-24--BDIT094--Nasutitermitinae--Trinervitermes-sp--Burundi-Afro-tropical--PNDKBPLD_251298_d__Bacteria_p__Spirochaetota_c__Spirochaetia_o__Treponematales_f__Treponemataceae_B_1"
"316","301-14--AUS49--Nasutitermitinae--Nasutitermes-sp-G--Australia-Australia--KHIKJGJF_54341_d__Bacteria_p__Spirochaetota_c__Spirochaetia_o__Treponematales_f__Treponemataceae_B_1"
"317","301-24--BDIT094--Nasutitermitinae--Trinervitermes-sp--Burundi-Afro-tropical--PNDKBPLD_07466_d__Bacteria_p__Spirochaetota_c__Spirochaetia_o__Treponematales_f__Treponemataceae_B_1"
"318","272-50--KE15-44--Nasutitermitinae--Trinervitermes-gratiosus--Kenya-Afro-tropical--KCLNDEGO_01395_d__Bacteria_p__Spirochaetota_c__Spirochaetia_o__Treponematales_f__Treponemataceae_B_1"
"319","301-24--BDIT094--Nasutitermitinae--Trinervitermes-sp--Burundi-Afro-tropical--PNDKBPLD_44957_d__Bacteria_p__Spirochaetota_c__Spirochaetia_o__Treponematales_f__Treponemataceae_B_1"
"320","272-50--KE15-44--Nasutitermitinae--Trinervitermes-gratiosus--Kenya-Afro-tropical--KCLNDEGO_09017_d__Bacteria_p__Spirochaetota_c__Spirochaetia_o__Treponematales_f__Treponemataceae_B_1"
"321","272-50--KE15-44--Nasutitermitinae--Trinervitermes-gratiosus--Kenya-Afro-tropical--KCLNDEGO_22526_d__Bacteria_p__Spirochaetota_c__Spirochaetia_o__Treponematales_f__Treponemataceae_B_1"
"322","272-50--KE15-44--Nasutitermitinae--Trinervitermes-gratiosus--Kenya-Afro-tropical--KCLNDEGO_25434_d__Bacteria_p__Spirochaetota_c__Spirochaetia_o__Treponematales_f__Treponemataceae_B_1"
"323","301-24--BDIT094--Nasutitermitinae--Trinervitermes-sp--Burundi-Afro-tropical--PNDKBPLD_09263_d__Bacteria_p__Spirochaetota_c__Spirochaetia_o__Treponematales_f__Treponemataceae_B_1"
"324","272-50--KE15-44--Nasutitermitinae--Trinervitermes-gratiosus--Kenya-Afro-tropical--KCLNDEGO_57334_d__Bacteria_p__Spirochaetota_c__Spirochaetia_o__Treponematales_f__Treponemataceae_B_1"
"325","301-24--BDIT094--Nasutitermitinae--Trinervitermes-sp--Burundi-Afro-tropical--PNDKBPLD_73743_d__Bacteria_p__Spirochaetota_c__Spirochaetia_o__Treponematales_f__Treponemataceae_B_1"
"326","301-34--BRA3--Syntermitinae--Cornitermes-cumulans--Brazil-Neo-tropical--GEIPMBLL_76451_d__Bacteria_p__Spirochaetota_c__Spirochaetia_o__Treponematales_f__Treponemataceae_B_1"
"327","301-53--G730--Termitinae--Dentispicotermes-brevicarinatus--French-Guiana-Neo-tropical--LPCCGLLO_76619_d__Bacteria_p__Spirochaetota_c__Spirochaetia_o__Treponematales_f__Treponemataceae_B_1"
"328","301-13--NG45-10k--Termitinae--Pericapritermes-parvus--NewGuinea-Oceania--BKAMCJMF_05207_d__Bacteria_p__Spirochaetota_c__Spirochaetia_o__Treponematales_f__Treponemataceae_B_1"
"329","301-62--NG45--Termitinae--Pericapritermes-parvus--New-Guinea-Oceania--NCHNJOLC_00872_d__Bacteria_p__Spirochaetota_c__Spirochaetia_o__Treponematales_f__Treponemataceae_B_1"
"330","230-22--RDCT165--Sphaerotermitinae--Sphaerotermes-sphaerothorax--Congo-Afro-tropical--NOBJMEMK_71191_d__Bacteria_p__Spirochaetota_c__Spirochaetia_o__Treponematales_f__Treponemataceae_B_1"
"331","301-61--MAD15-71--Microcerotermes--Microcerotermes-mad-sp-B--Madagascar-Madagascar--HLHCAAJD_173493_d__Bacteria_p__Spirochaetota_c__Spirochaetia_o__Treponematales_f__Treponemataceae_B_g__Treponema_E_1"
"332","301-89--THAI096--Termitinae--Termes-propinqus--Thailand-Oriental--IDNAGNDJ_120201_d__Bacteria_p__Spirochaetota_c__Spirochaetia_o__Treponematales_f__Treponemataceae_B_1"
"333","301-40--G13-28--Termitinae--Planicapritermes-planiceps--French-Guiana-Neo-tropical--JHDBPCMP_101441_d__Bacteria_p__Spirochaetota_c__Spirochaetia_o__Treponematales_f__Treponemataceae_B_1"
"334","301-48--G13-8--Apicotermitinae--Anoplotermes-janus--French-Guiana-Neo-tropical--HAANKDGH_21785_d__Bacteria_p__Spirochaetota_c__Spirochaetia_o__Treponematales_f__Treponemataceae_B_1"
"335","272-42--G13-4--Apicotermitinae--Anoplotermes-parvus--French-Guiana-Neo-tropical--EIFINKID_01371_d__Bacteria_p__Spirochaetota_c__Spirochaetia_o__Treponematales_f__Treponemataceae_B_1"
"336","272-42--G13-4--Apicotermitinae--Anoplotermes-parvus--French-Guiana-Neo-tropical--EIFINKID_05311_d__Bacteria_p__Spirochaetota_c__Spirochaetia_o__Treponematales_f__Treponemataceae_B_g__Treponema_E_1"
"337","301-41--G13-32--Apicotermitinae--Anoplotermes-banksi--French-Guiana-Neo-tropical--GBOCAJFK_238158_d__Bacteria_p__Spirochaetota_c__Spirochaetia_o__Treponematales_f__Treponemataceae_B_1"
"338","301-32--BRA1--Nasutitermitinae--Constrictotermes-ciphergaster--Brazil-Neo-tropical--LLHKHKLA_44899_d__Bacteria_p__Spirochaetota_c__Spirochaetia_o__Treponematales_f__Treponemataceae_B_1"
"339","301-05--49--Termitinae--Protocapritermes-odontomachus--New-Guinea-Oceania--EIGMLILD_180339_d__Bacteria_p__Spirochaetota_c__Spirochaetia_o__Treponematales_f__Treponemataceae_B_1"
"340","229-07--Msp-RNA-1--Microcerotermes--Microcerotermes--South-East-Asia-Oriental--DPEHDFIK_199130_d__Bacteria_p__Spirochaetota_c__Spirochaetia_o__Treponematales_f__Treponemataceae_B_g__Treponema_E_1"
"341","301-61--MAD15-71--Microcerotermes--Microcerotermes-mad-sp-B--Madagascar-Madagascar--HLHCAAJD_33005_d__Bacteria_p__Spirochaetota_c__Spirochaetia_o__Treponematales_f__Treponemataceae_B_1"
"342","230-16--MAD15-54--Microcerotermes--Microcerotermes-mad-sp-H--Madagascar-Madagascar--LABPPIEE_17186_d__Bacteria_p__Spirochaetota_c__Spirochaetia_o__Treponematales_f__Treponemataceae_B_1"
"343","272-68--MAD15-86--Microcerotermes--Microcerotermes-mad-sp-K--Madagascar-Madagascar--PDAPIIEL_33376_d__Bacteria_p__Spirochaetota_c__Spirochaetia_o__Treponematales_f__Treponemataceae_B_1"
"344","272-58--MAD15-151--Microcerotermes--Microcerotermes-mad-sp-M--Madagascar-Madagascar--CNFKDAJD_59538_d__Bacteria_p__Spirochaetota_c__Spirochaetia_o__Treponematales_f__Treponemataceae_B_g__Treponema_E_1"
"345","272-59--MAD15-169--Microcerotermes--Microcerotermes-mad-sp-D--Madagascar-Madagascar--BCNOAGMG_67190_d__Bacteria_p__Spirochaetota_c__Spirochaetia_o__Treponematales_f__Treponemataceae_B_1"
"346","272-63--MAD15-5--Microcerotermes--Microcerotermes-mad-sp-E--Madagascar-Madagascar--LHGCDBLG_61135_d__Bacteria_p__Spirochaetota_c__Spirochaetia_o__Treponematales_f__Treponemataceae_B_1"
"347","272-02--28--Microcerotermes--Microcerotermes-papuanus--New-Guinea-Oceania--JCCLNIIL_123851_d__Bacteria_p__Spirochaetota_c__Spirochaetia_o__Treponematales_f__Treponemataceae_B_g__Treponema_E_1"
"348","272-04--48--Microcerotermes--Microcerotermes-papuanus--New-Guinea-Oceania--LLJHKGFM_68009_d__Bacteria_p__Spirochaetota_c__Spirochaetia_o__Treponematales_f__Treponemataceae_B_1"
"349","272-95--TBRU912E--Microcerotermes--Microcerotermes-serrula--Brunei-Oriental--MIGHMNII_132567_d__Bacteria_p__Spirochaetota_c__Spirochaetia_o__Treponematales_f__Treponemataceae_B_1"
"350","272-13--AUS6--Microcerotermes--Microcerotermes-nervosus--Australia-Australia--FLPAOEAJ_123812_d__Bacteria_p__Spirochaetota_c__Spirochaetia_o__Treponematales_f__Treponemataceae_B_1"
"351","272-15--AUS82--Microcerotermes--Microcerotermes-sp-I--Australia-Australia--BIPLFEAP_93833_d__Bacteria_p__Spirochaetota_c__Spirochaetia_o__Treponematales_f__Treponemataceae_B_1"
"352","272-86--RDCT180--Termitinae--Cephalotermes--Congo-Afro-tropical--MFLDAJAL_123330_d__Bacteria_p__Spirochaetota_c__Spirochaetia_o__Treponematales_f__Treponemataceae_B_1"
"353","272-86--RDCT180--Termitinae--Cephalotermes--Congo-Afro-tropical--MFLDAJAL_46503_d__Bacteria_p__Spirochaetota_c__Spirochaetia_o__Treponematales_f__Treponemataceae_B_g__Treponema_E_1"
"354","272-86--RDCT180--Termitinae--Cephalotermes--Congo-Afro-tropical--MFLDAJAL_18138_d__Bacteria_p__Spirochaetota_c__Spirochaetia_o__Treponematales_f__Treponemataceae_B_g__Treponema_E_1"
"355","272-86--RDCT180--Termitinae--Cephalotermes--Congo-Afro-tropical--MFLDAJAL_63392_d__Bacteria_p__Spirochaetota_c__Spirochaetia_o__Treponematales_f__Treponemataceae_B_1"
"356","272-86--RDCT180--Termitinae--Cephalotermes--Congo-Afro-tropical--MFLDAJAL_52413_d__Bacteria_p__Spirochaetota_c__Spirochaetia_o__Treponematales_f__Treponemataceae_B_1"
"357","272-86--RDCT180--Termitinae--Cephalotermes--Congo-Afro-tropical--MFLDAJAL_55008_d__Bacteria_p__Spirochaetota_c__Spirochaetia_o__Treponematales_f__Treponemataceae_B_g__Treponema_E_1"
"358","272-17--AUST14-12--Stolotermitidae--Stolotermes-victoriensis--Australia-Australia--AJCNDFLK_106600_d__Bacteria_p__Spirochaetota_c__Spirochaetia_o__Treponematales_f__Treponemataceae_B_1"
"359","272-03--30--Rhinotermitidae--Parrhinotermes-browni--New-Guinea-Oceania--BFIFJDIC_259074_d__Bacteria_p__Spirochaetota_c__Spirochaetia_o__Treponematales_f__Treponemataceae_B_g__Treponema_E_1"
"360","230-04--RDCT185--Rhinotermitidae--Coptotermes-Congo-Afro-tropical--AEOJKODN_66960_d__Bacteria_p__Spirochaetota_c__Spirochaetia_o__Treponematales_f__Treponemataceae_B_1"
"361","229-03--CF-RNA-1--Rhinotermitidae--Coptotermes-formosanus--South-East-Asia-Oriental--GINAPPOA_474401_d__Bacteria_p__Spirochaetota_c__Spirochaetia_o__Treponematales_f__Treponemataceae_B_1"
"362","230-04--RDCT185--Rhinotermitidae--Coptotermes-Congo-Afro-tropical--AEOJKODN_112739_d__Bacteria_p__Spirochaetota_c__Spirochaetia_o__Treponematales_f__Treponemataceae_B_1"
"363","301-20--AUS-91--Kalotermitidae--Kalotermitidae-sp-C--Australia-Australia--DBMONEDN_08688_d__Bacteria_p__Spirochaetota_c__Spirochaetia_o__Treponematales_f__Treponemataceae_B_g__Treponema_E_1"
"364","272-71--MAL39--Kalotermitidae--Cryptotermes--Malaysia-Oriental--BFECDBHH_17816_d__Bacteria_p__Spirochaetota_c__Spirochaetia_o__Treponematales_f__Treponemataceae_B_1"
"365","301-55--H2--Kalotermitidae--Glyptotermes-Okinawa--h2-Japan-Paleo-arctic--KGECLOJD_36789_d__Bacteria_p__Spirochaetota_c__Spirochaetia_o__Treponematales_f__Treponemataceae_B_1"
"366","272-39--G13-24--Termitinae--Cylindrotermes--French-Guiana-Neo-tropical--OBOEKFOA_126269_d__Bacteria_p__Spirochaetota_c__Spirochaetia_o__Treponematales_f__Treponemataceae_B_g__Treponema_E_1"
"367","272-86--RDCT180--Termitinae--Cephalotermes--Congo-Afro-tropical--MFLDAJAL_27791_d__Bacteria_p__Spirochaetota_c__Spirochaetia_o__Treponematales_f__Treponemataceae_B_1"
"368","301-50--G683--Termitinae--Neocapritermes-sp-H--French-Guiana-Neo-tropical--MFJENAHB_17334_d__Bacteria_p__Spirochaetota_c__Spirochaetia_o__Treponematales_f__Treponemataceae_B_1"
"369","301-80--THAI100--Nasutitermitinae--Bulbitermes-nr-laticephalus--Thailand-Oriental--PLCNNCOE_55541_d__Bacteria_p__Spirochaetota_c__Spirochaetia_o__Treponematales_f__Treponemataceae_B_g__Treponema_E_1"
"370","230-05--TBRU514A--Termitinae--Prohamitermes--Brunei-Oriental--LGBFAFNP_07879_d__Bacteria_p__Spirochaetota_c__Spirochaetia_o__Treponematales_f__Treponemataceae_B_1"
"371","301-53--G730--Termitinae--Dentispicotermes-brevicarinatus--French-Guiana-Neo-tropical--LPCCGLLO_21187_d__Bacteria_p__Spirochaetota_c__Spirochaetia_o__Treponematales_f__Treponemataceae_B_1"
"372","272-84--RDCT119--Microcerotermes--Microcerotermes-parvus--Congo-Afro-tropical--HFABNABN_119192_d__Bacteria_p__Spirochaetota_c__Spirochaetia_o__Treponematales_f__Treponemataceae_B_1"
"373","229-07--Msp-RNA-1--Microcerotermes--Microcerotermes--South-East-Asia-Oriental--DPEHDFIK_03342_d__Bacteria_p__Spirochaetota_c__Spirochaetia_o__Treponematales_f__Treponemataceae_B_1"
"374","272-19--BDIT102--Microcerotermes--Microcerotermes-fuscotibialis--Burundi-Afro-tropical--CAECBDLP_01336_d__Bacteria_p__Spirochaetota_c__Spirochaetia_o__Treponematales_f__Treponemataceae_B_1"
"375","272-77--RDCT033--Microcerotermes--Microcerotermes-fuscotibialis--Congo-Afro-tropical--POOGOANK_37166_d__Bacteria_p__Spirochaetota_c__Spirochaetia_o__Treponematales_f__Treponemataceae_B_1"
"376","272-45--G689--Microcerotermes--Microcerotermes-sp--French-Guiana-Neo-tropical--GMFGPJLH_35546_d__Bacteria_p__Spirochaetota_c__Spirochaetia_o__Treponematales_f__Treponemataceae_B_1"
"377","272-33--FG-ND02-38--Microcerotermes--Microcerotermes-sp-SA--French-Guiana-Neo-tropical--PJPNMPFH_46895_d__Bacteria_p__Spirochaetota_c__Spirochaetia_o__Treponematales_f__Treponemataceae_B_1"
"378","272-43--G-13-58--Microcerotermes--Microcerotermes--French-Guiana-Neo-tropical--NCHCEIMM_60110_d__Bacteria_p__Spirochaetota_c__Spirochaetia_o__Treponematales_f__Treponemataceae_B_1"
"379","272-85--RDCT134--Microcerotermes--Microcerotermes-parvus--Congo-Afro-tropical--IJFECECG_64932_d__Bacteria_p__Spirochaetota_c__Spirochaetia_o__Treponematales_f__Treponemataceae_B_1"
"380","301-59--MAD15-16--Microcerotermes--Microcerotermes-mad-sp-C--Madagascar-Madagascar--KIFAEBMO_19150_d__Bacteria_p__Spirochaetota_c__Spirochaetia_o__Treponematales_f__Treponemataceae_B_1"
"381","230-12--81--Microcerotermes--Microcerotermes-papuanus--New-Guinea-Oceania--GCKEGHAL_66060_d__Bacteria_p__Spirochaetota_c__Spirochaetia_o__Treponematales_f__Treponemataceae_B_1"
"382","301-08--81-2--Microcerotermes--Microcerotermes-papuanus--New-Guinea-Oceania--LIMPOKBC_16188_d__Bacteria_p__Spirochaetota_c__Spirochaetia_o__Treponematales_f__Treponemataceae_B_1"
"383","272-09--AUS13--Microcerotermes--Microcerotermes-sp--Australia-Australia--BFPCAFDI_14718_d__Bacteria_p__Spirochaetota_c__Spirochaetia_o__Treponematales_f__Treponemataceae_B_1"
"384","272-15--AUS82--Microcerotermes--Microcerotermes-sp-I--Australia-Australia--BIPLFEAP_180583_d__Bacteria_p__Spirochaetota_c__Spirochaetia_o__Treponematales_f__Treponemataceae_B_1"
"385","301-11--AUS114--Microcerotermes--Microcerotermes-sp-H--Australia-Australia--EOGHOPED_34355_d__Bacteria_p__Spirochaetota_c__Spirochaetia_o__Treponematales_f__Treponemataceae_B_1"
"386","272-13--AUS6--Microcerotermes--Microcerotermes-nervosus--Australia-Australia--FLPAOEAJ_112416_d__Bacteria_p__Spirochaetota_c__Spirochaetia_o__Treponematales_f__Treponemataceae_B_1"
"387","272-12--AUS66--Microcerotermes--Microcerotermes-sp-E--Australia-Australia--GDNKKEHJ_03484_d__Bacteria_p__Spirochaetota_c__Spirochaetia_o__Treponematales_f__Treponemataceae_B_1"
"388","301-17--AUS66--Microcerotermes--Microcerotermes-sp-E--Australia-Australia--MHPNFKFI_16489_d__Bacteria_p__Spirochaetota_c__Spirochaetia_o__Treponematales_f__Treponemataceae_B_1"
"389","272-02--28--Microcerotermes--Microcerotermes-papuanus--New-Guinea-Oceania--JCCLNIIL_62924_d__Bacteria_p__Spirochaetota_c__Spirochaetia_o__Treponematales_f__Treponemataceae_B_1"
"390","272-05--71--Microcerotermes--Microcerotermes-biroi--New-Guinea-Oceania--BHIIBGBD_00635_d__Bacteria_p__Spirochaetota_c__Spirochaetia_o__Treponematales_f__Treponemataceae_B_1"
"391","272-04--48--Microcerotermes--Microcerotermes-papuanus--New-Guinea-Oceania--LLJHKGFM_80062_d__Bacteria_p__Spirochaetota_c__Spirochaetia_o__Treponematales_f__Treponemataceae_B_1"
"392","272-15--AUS82--Microcerotermes--Microcerotermes-sp-I--Australia-Australia--BIPLFEAP_30277_d__Bacteria_p__Spirochaetota_c__Spirochaetia_o__Treponematales_f__Treponemataceae_B_1"
"393","272-69--MAL22--Microcerotermes--Microcerotermes-crassus--Malaysia-Oriental--DANCONHC_16593_d__Bacteria_p__Spirochaetota_c__Spirochaetia_o__Treponematales_f__Treponemataceae_B_1"
"394","301-77--TBRU414--Microcerotermes--Microcerotermes-nr-havilandi--Brunei-Oriental--LEAPNMHI_19293_d__Bacteria_p__Spirochaetota_c__Spirochaetia_o__Treponematales_f__Treponemataceae_B_1"
"395","272-60--MAD15-21--Microcerotermes--Microcerotermes-mad-sp-D--Madagascar-Madagascar--ANILOFPC_21727_d__Bacteria_p__Spirochaetota_c__Spirochaetia_o__Treponematales_f__Treponemataceae_B_1"
"396","272-89--T2-IC--Microcerotermes--Microcerotermes-havilandi--Singapore-Oriental--OCBKEODD_53991_d__Bacteria_p__Spirochaetota_c__Spirochaetia_o__Treponematales_f__Treponemataceae_B_1"
"397","272-45--G689--Microcerotermes--Microcerotermes-sp--French-Guiana-Neo-tropical--GMFGPJLH_91862_d__Bacteria_p__Spirochaetota_c__Spirochaetia_o__Treponematales_f__Treponemataceae_B_1"
"398","272-34--FG-ND02-39--Microcerotermes--Microcerotermes-sp-SC--French-Guiana-Neo-tropical--JCIBENDC_01699_d__Bacteria_p__Spirochaetota_c__Spirochaetia_o__Treponematales_f__Treponemataceae_B_1"
"399","272-63--MAD15-5--Microcerotermes--Microcerotermes-mad-sp-E--Madagascar-Madagascar--LHGCDBLG_25039_d__Bacteria_p__Spirochaetota_c__Spirochaetia_o__Treponematales_f__Treponemataceae_B_1"
"400","230-16--MAD15-54--Microcerotermes--Microcerotermes-mad-sp-H--Madagascar-Madagascar--LABPPIEE_04506_d__Bacteria_p__Spirochaetota_c__Spirochaetia_o__Treponematales_f__Treponemataceae_B_1"
"401","272-54--MAD15-130--Microcerotermes--Microcerotermes-mad-sp-B--Madagascar-Madagascar--DFAMJLME_09423_d__Bacteria_p__Spirochaetota_c__Spirochaetia_o__Treponematales_f__Treponemataceae_B_1"
"402","301-60--MAD15-66--Microcerotermes--Microcerotermes-mad-sp-E--Madagascar-Madagascar--MJONPIMI_21839_d__Bacteria_p__Spirochaetota_c__Spirochaetia_o__Treponematales_f__Treponemataceae_B_1"
"403","272-66--MAD15-76--Microcerotermes--Microcerotermes-mad-sp-G--Madagascar-Madagascar--BKGPDEIL_22876_d__Bacteria_p__Spirochaetota_c__Spirochaetia_o__Treponematales_f__Treponemataceae_B_1"
"404","301-61--MAD15-71--Microcerotermes--Microcerotermes-mad-sp-B--Madagascar-Madagascar--HLHCAAJD_37434_d__Bacteria_p__Spirochaetota_c__Spirochaetia_o__Treponematales_f__Treponemataceae_B_1"
"405","301-58--MAD15-116--Microcerotermes--Microcerotermes-mad-sp-H--Madagascar-Madagascar--BKJILCFM_10568_d__Bacteria_p__Spirochaetota_c__Spirochaetia_o__Treponematales_f__Treponemataceae_B_1"
"406","272-84--RDCT119--Microcerotermes--Microcerotermes-parvus--Congo-Afro-tropical--HFABNABN_28697_d__Bacteria_p__Spirochaetota_c__Spirochaetia_o__Treponematales_f__Treponemataceae_B_1"
"407","230-14--RDCT055--Microcerotermes--Microcerotermes-parvus--Congo-Afro-tropical--AELJIOAN_11826_d__Bacteria_p__Spirochaetota_c__Spirochaetia_o__Treponematales_f__Treponemataceae_B_1"
"408","272-85--RDCT134--Microcerotermes--Microcerotermes-parvus--Congo-Afro-tropical--IJFECECG_07801_d__Bacteria_p__Spirochaetota_c__Spirochaetia_o__Treponematales_f__Treponemataceae_B_1"
"409","272-02--28--Microcerotermes--Microcerotermes-papuanus--New-Guinea-Oceania--JCCLNIIL_44434_d__Bacteria_p__Spirochaetota_c__Spirochaetia_o__Treponematales_f__Treponemataceae_B_g__Treponema_E_1"
"410","230-15--D2-34--Microcerotermes--Microcerotermes-biroi--New-Guinea-Oceania--HEFGFCPB_26682_d__Bacteria_p__Spirochaetota_c__Spirochaetia_o__Treponematales_f__Treponemataceae_B_1"
"411","272-01--10-2--Microcerotermes--Microcerotermes-biroi--New-Guinea--DOGAELGM_20355_d__Bacteria_p__Spirochaetota_c__Spirochaetia_o__Treponematales_f__Treponemataceae_B_1"
"412","272-95--TBRU912E--Microcerotermes--Microcerotermes-serrula--Brunei-Oriental--MIGHMNII_00499_d__Bacteria_p__Spirochaetota_c__Spirochaetia_o__Treponematales_f__Treponemataceae_B_1"
"413","272-15--AUS82--Microcerotermes--Microcerotermes-sp-I--Australia-Australia--BIPLFEAP_13030_d__Bacteria_p__Spirochaetota_c__Spirochaetia_o__Treponematales_f__Treponemataceae_B_1"
"414","272-10--AUS32--Microcerotermes--Microcerotermes-sp--Australia-Australia--PAINICOH_00706_d__Bacteria_p__Spirochaetota_c__Spirochaetia_o__Treponematales_f__Treponemataceae_B_1"
"415","272-09--AUS13--Microcerotermes--Microcerotermes-sp--Australia-Australia--BFPCAFDI_22583_d__Bacteria_p__Spirochaetota_c__Spirochaetia_o__Treponematales_f__Treponemataceae_B_1"
"416","272-13--AUS6--Microcerotermes--Microcerotermes-nervosus--Australia-Australia--FLPAOEAJ_02337_d__Bacteria_p__Spirochaetota_c__Spirochaetia_o__Treponematales_f__Treponemataceae_B_1"
"417","272-15--AUS82--Microcerotermes--Microcerotermes-sp-I--Australia-Australia--BIPLFEAP_73336_d__Bacteria_p__Spirochaetota_c__Spirochaetia_o__Treponematales_f__Treponemataceae_B_1"
"418","272-12--AUS66--Microcerotermes--Microcerotermes-sp-E--Australia-Australia--GDNKKEHJ_84555_d__Bacteria_p__Spirochaetota_c__Spirochaetia_o__Treponematales_f__Treponemataceae_B_1"
"419","301-17--AUS66--Microcerotermes--Microcerotermes-sp-E--Australia-Australia--MHPNFKFI_87208_d__Bacteria_p__Spirochaetota_c__Spirochaetia_o__Treponematales_f__Treponemataceae_B_1"
"420","272-64--MAD15-62--Microcerotermes--Microcerotermes-mad-sp-F--Madagascar-Madagascar--PHHMBOPJ_03110_d__Bacteria_p__Spirochaetota_c__Spirochaetia_o__Treponematales_f__Treponemataceae_B_1"
"421","272-101--THAI055--Microcerotermes--Microcerotermes-sp-B--Thailand-Oriental--CKPDMAEN_04155_d__Bacteria_p__Spirochaetota_c__Spirochaetia_o__Treponematales_f__Treponemataceae_B_1"
"422","272-70--MAL37--Microcerotermes--Microcerotermes-crassus--Malaysia-Oriental--ILALFPAC_35410_d__Bacteria_p__Spirochaetota_c__Spirochaetia_o__Treponematales_f__Treponemataceae_B_1"
"423","272-75--PHI1--Microcerotermes--Microcerotermes--Philippines-Oriental--EFHMCDAH_92838_d__Bacteria_p__Spirochaetota_c__Spirochaetia_o__Treponematales_f__Treponemataceae_B_1"
"424","272-59--MAD15-169--Microcerotermes--Microcerotermes-mad-sp-D--Madagascar-Madagascar--BCNOAGMG_41702_d__Bacteria_p__Spirochaetota_c__Spirochaetia_o__Treponematales_f__Treponemataceae_B_1"
"425","272-58--MAD15-151--Microcerotermes--Microcerotermes-mad-sp-M--Madagascar-Madagascar--CNFKDAJD_06940_d__Bacteria_p__Spirochaetota_c__Spirochaetia_o__Treponematales_f__Treponemataceae_B_g__Treponema_E_1"
"426","272-60--MAD15-21--Microcerotermes--Microcerotermes-mad-sp-D--Madagascar-Madagascar--ANILOFPC_09847_d__Bacteria_p__Spirochaetota_c__Spirochaetia_o__Treponematales_f__Treponemataceae_B_g__Treponema_E_1"
"427","301-59--MAD15-16--Microcerotermes--Microcerotermes-mad-sp-C--Madagascar-Madagascar--KIFAEBMO_00566_d__Bacteria_p__Spirochaetota_c__Spirochaetia_o__Treponematales_f__Treponemataceae_B_1"
"428","272-68--MAD15-86--Microcerotermes--Microcerotermes-mad-sp-K--Madagascar-Madagascar--PDAPIIEL_17589_d__Bacteria_p__Spirochaetota_c__Spirochaetia_o__Treponematales_f__Treponemataceae_B_1"
"429","230-16--MAD15-54--Microcerotermes--Microcerotermes-mad-sp-H--Madagascar-Madagascar--LABPPIEE_03127_d__Bacteria_p__Spirochaetota_c__Spirochaetia_o__Treponematales_f__Treponemataceae_B_1"
"430","272-54--MAD15-130--Microcerotermes--Microcerotermes-mad-sp-B--Madagascar-Madagascar--DFAMJLME_02300_d__Bacteria_p__Spirochaetota_c__Spirochaetia_o__Treponematales_f__Treponemataceae_B_1"
"431","272-56--MAD15-139--Microcerotermes--Microcerotermes-mad-sp-L--Madagascar-Madagascar--DPIGOLHB_04116_d__Bacteria_p__Spirochaetota_c__Spirochaetia_o__Treponematales_f__Treponemataceae_B_1"
"432","272-66--MAD15-76--Microcerotermes--Microcerotermes-mad-sp-G--Madagascar-Madagascar--BKGPDEIL_00562_d__Bacteria_p__Spirochaetota_c__Spirochaetia_o__Treponematales_f__Treponemataceae_B_1"
"433","301-61--MAD15-71--Microcerotermes--Microcerotermes-mad-sp-B--Madagascar-Madagascar--HLHCAAJD_10065_d__Bacteria_p__Spirochaetota_c__Spirochaetia_o__Treponematales_f__Treponemataceae_B_1"
"434","272-57--MAD15-148--Microcerotermes--Microcerotermes-mad-sp-F--Madagascar-Madagascar--HPMPMEPI_29829_d__Bacteria_p__Spirochaetota_c__Spirochaetia_o__Treponematales_f__Treponemataceae_B_g__Treponema_E_1"
"435","301-59--MAD15-16--Microcerotermes--Microcerotermes-mad-sp-C--Madagascar-Madagascar--KIFAEBMO_22586_d__Bacteria_p__Spirochaetota_c__Spirochaetia_o__Treponematales_f__Treponemataceae_B_1"
"436","272-59--MAD15-169--Microcerotermes--Microcerotermes-mad-sp-D--Madagascar-Madagascar--BCNOAGMG_55431_d__Bacteria_p__Spirochaetota_c__Spirochaetia_o__Treponematales_f__Treponemataceae_B_1"
"437","272-60--MAD15-21--Microcerotermes--Microcerotermes-mad-sp-D--Madagascar-Madagascar--ANILOFPC_10249_d__Bacteria_p__Spirochaetota_c__Spirochaetia_o__Treponematales_f__Treponemataceae_B_1"
"438","272-77--RDCT033--Microcerotermes--Microcerotermes-fuscotibialis--Congo-Afro-tropical--POOGOANK_12943_d__Bacteria_p__Spirochaetota_c__Spirochaetia_o__Treponematales_f__Treponemataceae_B_g__Treponema_E_1"
"439","272-45--G689--Microcerotermes--Microcerotermes-sp--French-Guiana-Neo-tropical--GMFGPJLH_17029_d__Bacteria_p__Spirochaetota_c__Spirochaetia_o__Treponematales_f__Treponemataceae_B_1"
"440","272-33--FG-ND02-38--Microcerotermes--Microcerotermes-sp-SA--French-Guiana-Neo-tropical--PJPNMPFH_03896_d__Bacteria_p__Spirochaetota_c__Spirochaetia_o__Treponematales_f__Treponemataceae_B_g__Treponema_E_1"
"441","272-43--G-13-58--Microcerotermes--Microcerotermes--French-Guiana-Neo-tropical--NCHCEIMM_80209_d__Bacteria_p__Spirochaetota_c__Spirochaetia_o__Treponematales_f__Treponemataceae_B_g__Treponema_E_1"
"442","301-15--AUS4--Termitinae--Amitermes-meridionalis--Australia-Australia--AABCFOKG_64110_d__Bacteria_p__Spirochaetota_c__Spirochaetia_o__Treponematales_f__Treponemataceae_B_1"
"443","301-15--AUS4--Termitinae--Amitermes-meridionalis--Australia-Australia--AABCFOKG_74242_d__Bacteria_p__Spirochaetota_c__Spirochaetia_o__Treponematales_f__Treponemataceae_B_1"
"444","301-15--AUS4--Termitinae--Amitermes-meridionalis--Australia-Australia--AABCFOKG_61803_d__Bacteria_p__Spirochaetota_c__Spirochaetia_o__Treponematales_f__Treponemataceae_B_1"
"445","230-11--60--Nasutitermitinae--Nasutitermes-gracilirostris--New-Guinea-Oceania--MHIDOOBA_13816_d__Bacteria_p__Spirochaetota_c__Spirochaetia_o__Treponematales_f__Treponemataceae_B_1"
"446","301-24--BDIT094--Nasutitermitinae--Trinervitermes-sp--Burundi-Afro-tropical--PNDKBPLD_70452_d__Bacteria_p__Spirochaetota_c__Spirochaetia_o__Treponematales_f__Treponemataceae_B_1"
"447","301-24--BDIT094--Nasutitermitinae--Trinervitermes-sp--Burundi-Afro-tropical--PNDKBPLD_83783_d__Bacteria_p__Spirochaetota_c__Spirochaetia_o__Treponematales_f__Treponemataceae_B_1"
"448","301-54--G733--Nasutitermitinae--Nasutitermes-macrocephalus--French-Guiana-Neo-tropical--POHOEHOL_46021_d__Bacteria_p__Spirochaetota_c__Spirochaetia_o__Treponematales_f__Treponemataceae_B_1"
"449","272-25--BRU6--Nasutitermitinae--Nasutitermes--Brunei-Oriental--IJIDIGGP_11134_d__Bacteria_p__Spirochaetota_c__Spirochaetia_o__Treponematales_f__Treponemataceae_B_1"
"450","230-11--60--Nasutitermitinae--Nasutitermes-gracilirostris--New-Guinea-Oceania--MHIDOOBA_17232_d__Bacteria_p__Spirochaetota_c__Spirochaetia_o__Treponematales_f__Treponemataceae_B_1"
"451","301-07--69--Nasutitermitinae--Nasutitermes-bikpelanus--New-Guinea-Oceania--NMAGJELM_71895_d__Bacteria_p__Spirochaetota_c__Spirochaetia_o__Treponematales_f__Treponemataceae_B_1"
"452","301-85--THAI45--Nasutitermitinae--Oriensubulitermes-inanis--Thailand-Oriental--FALHFBPB_19298_d__Bacteria_p__Spirochaetota_c__Spirochaetia_o__Treponematales_f__Treponemataceae_B_1"
"453","301-64--NSW6--Nasutitermitinae--Occasitermes--Australia-Australia--MDFLAMOO_26299_d__Bacteria_p__Spirochaetota_c__Spirochaetia_o__Treponematales_f__Treponemataceae_B_1"
"454","230-13--THAI43--Nasutitermitinae--Nasutitermes-sp-3--Thailand-Oriental--GAHIMCHH_31486_d__Bacteria_p__Spirochaetota_c__Spirochaetia_o__Treponematales_f__Treponemataceae_B_1"
"455","301-14--AUS49--Nasutitermitinae--Nasutitermes-sp-G--Australia-Australia--KHIKJGJF_24585_d__Bacteria_p__Spirochaetota_c__Spirochaetia_o__Treponematales_f__Treponemataceae_B_1"
"456","272-86--RDCT180--Termitinae--Cephalotermes--Congo-Afro-tropical--MFLDAJAL_117926_d__Bacteria_p__Spirochaetota_c__Spirochaetia_o__Treponematales_f__Treponemataceae_B_1"
"457","272-93--TBRU711D--Termitinae--Orientotermes--Brunei-Oriental--OAMOGONE_20771_d__Bacteria_p__Spirochaetota_c__Spirochaetia_o__Treponematales_f__Treponemataceae_B_1"
"458","272-47--G756--Apicotermitinae--Patawatermes--French-Guiana-Neo-tropical--FGJBFPNE_33928_d__Bacteria_p__Spirochaetota_c__Spirochaetia_o__Treponematales_f__Treponemataceae_B_1"
"459","301-07--69--Nasutitermitinae--Nasutitermes-bikpelanus--New-Guinea-Oceania--NMAGJELM_05260_d__Bacteria_p__Spirochaetota_c__Spirochaetia_o__Treponematales_f__Treponemataceae_B_1"
"460","272-46--G728--Nasutitermitinae--Agnathotermes-crassinasus--French-Guiana-Neo-tropical--MGHCOOPN_02529_d__Bacteria_p__Spirochaetota_c__Spirochaetia_o__Treponematales_f__Treponemataceae_B_1"
"461","301-32--BRA1--Nasutitermitinae--Constrictotermes-ciphergaster--Brazil-Neo-tropical--LLHKHKLA_63103_d__Bacteria_p__Spirochaetota_c__Spirochaetia_o__Treponematales_f__Treponemataceae_B_1"
"462","301-40--G13-28--Termitinae--Planicapritermes-planiceps--French-Guiana-Neo-tropical--JHDBPCMP_64600_d__Bacteria_p__Spirochaetota_c__Spirochaetia_o__Treponematales_f__Treponemataceae_B_1"
"463","301-50--G683--Termitinae--Neocapritermes-sp-H--French-Guiana-Neo-tropical--MFJENAHB_67822_d__Bacteria_p__Spirochaetota_c__Spirochaetia_o__Treponematales_f__Treponemataceae_B_1"
"464","301-40--G13-28--Termitinae--Planicapritermes-planiceps--French-Guiana-Neo-tropical--JHDBPCMP_06790_d__Bacteria_p__Spirochaetota_c__Spirochaetia_o__Treponematales_f__Treponemataceae_B_1"
"465","301-40--G13-28--Termitinae--Planicapritermes-planiceps--French-Guiana-Neo-tropical--JHDBPCMP_52884_d__Bacteria_p__Spirochaetota_c__Spirochaetia_o__Treponematales_f__Treponemataceae_B_1"
"466","301-50--G683--Termitinae--Neocapritermes-sp-H--French-Guiana-Neo-tropical--MFJENAHB_61364_d__Bacteria_p__Spirochaetota_c__Spirochaetia_o__Treponematales_f__Treponemataceae_B_1"
"467","301-40--G13-28--Termitinae--Planicapritermes-planiceps--French-Guiana-Neo-tropical--JHDBPCMP_41777_d__Bacteria_p__Spirochaetota_c__Spirochaetia_o__Treponematales_f__Treponemataceae_B_1"
"468","301-40--G13-28--Termitinae--Planicapritermes-planiceps--French-Guiana-Neo-tropical--JHDBPCMP_63458_d__Bacteria_p__Spirochaetota_c__Spirochaetia_o__Treponematales_f__Treponemataceae_B_1"
"469","301-40--G13-28--Termitinae--Planicapritermes-planiceps--French-Guiana-Neo-tropical--JHDBPCMP_16526_d__Bacteria_p__Spirochaetota_c__Spirochaetia_o__Treponematales_f__Treponemataceae_B_1"
"470","301-40--G13-28--Termitinae--Planicapritermes-planiceps--French-Guiana-Neo-tropical--JHDBPCMP_98154_d__Bacteria_p__Spirochaetota_c__Spirochaetia_o__Treponematales_f__Treponemataceae_B_1"
"471","301-40--G13-28--Termitinae--Planicapritermes-planiceps--French-Guiana-Neo-tropical--JHDBPCMP_21442_d__Bacteria_p__Spirochaetota_c__Spirochaetia_o__Treponematales_f__Treponemataceae_B_1"
"472","301-40--G13-28--Termitinae--Planicapritermes-planiceps--French-Guiana-Neo-tropical--JHDBPCMP_41814_d__Bacteria_p__Spirochaetota_c__Spirochaetia_o__Treponematales_f__Treponemataceae_B_1"
"473","230-05--TBRU514A--Termitinae--Prohamitermes--Brunei-Oriental--LGBFAFNP_13530_d__Bacteria_p__Spirochaetota_c__Spirochaetia_o__Treponematales_f__Treponemataceae_B_1"
"474","230-19--G13-62--Syntermitinae--Cornitermes-sp-A--French-Guiana-Neo-tropical--EBADLNIJ_16896_d__Bacteria_p__Spirochaetota_c__Spirochaetia_o__Treponematales_f__Treponemataceae_B_1"
"475","301-15--AUS4--Termitinae--Amitermes-meridionalis--Australia-Australia--AABCFOKG_165983_d__Bacteria_p__Spirochaetota_c__Spirochaetia_o__Treponematales_f__Treponemataceae_B_1"
"476","272-35--G13-105--Termitinae--Termes-fatalis--French-Guiana-Neo-tropical--GJDBPAOL_73783_d__Bacteria_p__Spirochaetota_c__Spirochaetia_o__Treponematales_f__Treponemataceae_B_1"
"477","301-15--AUS4--Termitinae--Amitermes-meridionalis--Australia-Australia--AABCFOKG_65422_d__Bacteria_p__Spirochaetota_c__Spirochaetia_o__Treponematales_f__Treponemataceae_B_1"
"478","301-15--AUS4--Termitinae--Amitermes-meridionalis--Australia-Australia--AABCFOKG_13623_d__Bacteria_p__Spirochaetota_c__Spirochaetia_o__Treponematales_f__Treponemataceae_B_1"
"479","301-15--AUS4--Termitinae--Amitermes-meridionalis--Australia-Australia--AABCFOKG_30106_d__Bacteria_p__Spirochaetota_c__Spirochaetia_o__Treponematales_f__Treponemataceae_B_1"
"480","301-15--AUS4--Termitinae--Amitermes-meridionalis--Australia-Australia--AABCFOKG_99991_d__Bacteria_p__Spirochaetota_c__Spirochaetia_o__Treponematales_f__Treponemataceae_B_1"
"481","301-15--AUS4--Termitinae--Amitermes-meridionalis--Australia-Australia--AABCFOKG_42024_d__Bacteria_p__Spirochaetota_c__Spirochaetia_o__Treponematales_f__Treponemataceae_B_1"
"482","301-15--AUS4--Termitinae--Amitermes-meridionalis--Australia-Australia--AABCFOKG_170614_d__Bacteria_p__Spirochaetota_c__Spirochaetia_o__Treponematales_f__Treponemataceae_B_1"
"483","301-15--AUS4--Termitinae--Amitermes-meridionalis--Australia-Australia--AABCFOKG_18899_d__Bacteria_p__Spirochaetota_c__Spirochaetia_o__Treponematales_f__Treponemataceae_B_1"
"484","301-15--AUS4--Termitinae--Amitermes-meridionalis--Australia-Australia--AABCFOKG_16872_d__Bacteria_p__Spirochaetota_c__Spirochaetia_o__Treponematales_f__Treponemataceae_B_1"
"485","301-15--AUS4--Termitinae--Amitermes-meridionalis--Australia-Australia--AABCFOKG_30030_d__Bacteria_p__Spirochaetota_c__Spirochaetia_o__Treponematales_f__Treponemataceae_B_1"
"486","301-15--AUS4--Termitinae--Amitermes-meridionalis--Australia-Australia--AABCFOKG_34406_d__Bacteria_p__Spirochaetota_c__Spirochaetia_o__Treponematales_f__Treponemataceae_B_1"
"487","301-15--AUS4--Termitinae--Amitermes-meridionalis--Australia-Australia--AABCFOKG_31653_d__Bacteria_p__Spirochaetota_c__Spirochaetia_o__Treponematales_f__Treponemataceae_B_1"
"488","301-15--AUS4--Termitinae--Amitermes-meridionalis--Australia-Australia--AABCFOKG_44815_d__Bacteria_p__Spirochaetota_c__Spirochaetia_o__Treponematales_f__Treponemataceae_B_1"
"489","301-15--AUS4--Termitinae--Amitermes-meridionalis--Australia-Australia--AABCFOKG_65174_d__Bacteria_p__Spirochaetota_c__Spirochaetia_o__Treponematales_f__Treponemataceae_B_1"
"490","301-15--AUS4--Termitinae--Amitermes-meridionalis--Australia-Australia--AABCFOKG_90011_d__Bacteria_p__Spirochaetota_c__Spirochaetia_o__Treponematales_f__Treponemataceae_B_1"
"491","272-93--TBRU711D--Termitinae--Orientotermes--Brunei-Oriental--OAMOGONE_31711_d__Bacteria_p__Spirochaetota_c__Spirochaetia_o__Treponematales_f__Treponemataceae_B_1"
"492","272-93--TBRU711D--Termitinae--Orientotermes--Brunei-Oriental--OAMOGONE_12977_d__Bacteria_p__Spirochaetota_c__Spirochaetia_o__Treponematales_f__Treponemataceae_B_1"
"493","272-93--TBRU711D--Termitinae--Orientotermes--Brunei-Oriental--OAMOGONE_24242_d__Bacteria_p__Spirochaetota_c__Spirochaetia_o__Treponematales_f__Treponemataceae_B_1"
"494","301-16--AUS54--Nasutitermitinae--Nasutitermes-triodiae--Australia-Australia--AKBEIDEJ_37630_d__Bacteria_p__Spirochaetota_c__Spirochaetia_o__Treponematales_f__Treponemataceae_B_1"
"495","272-50--KE15-44--Nasutitermitinae--Trinervitermes-gratiosus--Kenya-Afro-tropical--KCLNDEGO_04566_d__Bacteria_p__Spirochaetota_c__Spirochaetia_o__Treponematales_f__Treponemataceae_B_1"
"496","230-11--60--Nasutitermitinae--Nasutitermes-gracilirostris--New-Guinea-Oceania--MHIDOOBA_60416_d__Bacteria_p__Spirochaetota_c__Spirochaetia_o__Treponematales_f__Treponemataceae_B_1"
"497","301-07--69--Nasutitermitinae--Nasutitermes-bikpelanus--New-Guinea-Oceania--NMAGJELM_55695_d__Bacteria_p__Spirochaetota_c__Spirochaetia_o__Treponematales_f__Treponemataceae_B_1"
"498","272-25--BRU6--Nasutitermitinae--Nasutitermes--Brunei-Oriental--IJIDIGGP_04047_d__Bacteria_p__Spirochaetota_c__Spirochaetia_o__Treponematales_f__Treponemataceae_B_1"
"499","301-54--G733--Nasutitermitinae--Nasutitermes-macrocephalus--French-Guiana-Neo-tropical--POHOEHOL_09842_d__Bacteria_p__Spirochaetota_c__Spirochaetia_o__Treponematales_f__Treponemataceae_B_1"
"500","272-39--G13-24--Termitinae--Cylindrotermes--French-Guiana-Neo-tropical--OBOEKFOA_05051_d__Bacteria_p__Spirochaetota_c__Spirochaetia_o__Treponematales_f__Treponemataceae_B_1"
"501","272-39--G13-24--Termitinae--Cylindrotermes--French-Guiana-Neo-tropical--OBOEKFOA_42725_d__Bacteria_p__Spirochaetota_c__Spirochaetia_o__Treponematales_f__Treponemataceae_B_1"
"502","272-39--G13-24--Termitinae--Cylindrotermes--French-Guiana-Neo-tropical--OBOEKFOA_21092_d__Bacteria_p__Spirochaetota_c__Spirochaetia_o__Treponematales_f__Treponemataceae_B_1"
"503","272-39--G13-24--Termitinae--Cylindrotermes--French-Guiana-Neo-tropical--OBOEKFOA_24803_d__Bacteria_p__Spirochaetota_c__Spirochaetia_o__Treponematales_f__Treponemataceae_B_1"
"504","229-07--Msp-RNA-1--Microcerotermes--Microcerotermes--South-East-Asia-Oriental--DPEHDFIK_17058_d__Bacteria_p__Spirochaetota_c__Spirochaetia_o__Treponematales_f__Treponemataceae_B_1"
"505","272-53--MAD15-113--Microcerotermes--Microcerotermes-mad-sp-G--Madagascar-Madagascar--IKDIKFDP_01291_d__Bacteria_p__Spirochaetota_c__Spirochaetia_o__Treponematales_f__Treponemataceae_B_1"
"506","272-63--MAD15-5--Microcerotermes--Microcerotermes-mad-sp-E--Madagascar-Madagascar--LHGCDBLG_00650_d__Bacteria_p__Spirochaetota_c__Spirochaetia_o__Treponematales_f__Treponemataceae_B_1"
"507","301-59--MAD15-16--Microcerotermes--Microcerotermes-mad-sp-C--Madagascar-Madagascar--KIFAEBMO_10486_d__Bacteria_p__Spirochaetota_c__Spirochaetia_o__Treponematales_f__Treponemataceae_B_1"
"508","272-01--10-2--Microcerotermes--Microcerotermes-biroi--New-Guinea--DOGAELGM_05626_d__Bacteria_p__Spirochaetota_c__Spirochaetia_o__Treponematales_f__Treponemataceae_B_g__Treponema_E_1"
"509","272-34--FG-ND02-39--Microcerotermes--Microcerotermes-sp-SC--French-Guiana-Neo-tropical--JCIBENDC_62811_d__Bacteria_p__Spirochaetota_c__Spirochaetia_o__Treponematales_f__Treponemataceae_B_1"
"510","272-43--G-13-58--Microcerotermes--Microcerotermes--French-Guiana-Neo-tropical--NCHCEIMM_04061_d__Bacteria_p__Spirochaetota_c__Spirochaetia_o__Treponematales_f__Treponemataceae_B_g__Treponema_E_1"
"511","230-17--TBRU318a--Microcerotermes--Microcerotermes-nr-havilandi--Brunei-Oriental--MIEDJDJK_19483_d__Bacteria_p__Spirochaetota_c__Spirochaetia_o__Treponematales_f__Treponemataceae_B_1"
"512","301-29--BDIT45--Microcerotermes--Microcerotermes-parvus--Burundi-Afro-tropical--GBGOPIBM_86937_d__Bacteria_p__Spirochaetota_c__Spirochaetia_o__Treponematales_f__Treponemataceae_B_1"
"513","229-07--Msp-RNA-1--Microcerotermes--Microcerotermes--South-East-Asia-Oriental--DPEHDFIK_27803_d__Bacteria_p__Spirochaetota_c__Spirochaetia_o__Treponematales_f__Treponemataceae_B_1"
"514","230-14--RDCT055--Microcerotermes--Microcerotermes-parvus--Congo-Afro-tropical--AELJIOAN_06021_d__Bacteria_p__Spirochaetota_c__Spirochaetia_o__Treponematales_f__Treponemataceae_B_1"
"515","272-15--AUS82--Microcerotermes--Microcerotermes-sp-I--Australia-Australia--BIPLFEAP_29191_d__Bacteria_p__Spirochaetota_c__Spirochaetia_o__Treponematales_f__Treponemataceae_B_1"
"516","272-09--AUS13--Microcerotermes--Microcerotermes-sp--Australia-Australia--BFPCAFDI_16045_d__Bacteria_p__Spirochaetota_c__Spirochaetia_o__Treponematales_f__Treponemataceae_B_1"
"517","272-12--AUS66--Microcerotermes--Microcerotermes-sp-E--Australia-Australia--GDNKKEHJ_16090_d__Bacteria_p__Spirochaetota_c__Spirochaetia_o__Treponematales_f__Treponemataceae_B_1"
"518","301-17--AUS66--Microcerotermes--Microcerotermes-sp-E--Australia-Australia--MHPNFKFI_06505_d__Bacteria_p__Spirochaetota_c__Spirochaetia_o__Treponematales_f__Treponemataceae_B_1"
"519","272-14--AUS71--Microcerotermes--Microcerotermes-sp-G--Australia-Australia--LAKMIEEK_03392_d__Bacteria_p__Spirochaetota_c__Spirochaetia_o__Treponematales_f__Treponemataceae_B_1"
"520","301-11--AUS114--Microcerotermes--Microcerotermes-sp-H--Australia-Australia--EOGHOPED_14153_d__Bacteria_p__Spirochaetota_c__Spirochaetia_o__Treponematales_f__Treponemataceae_B_1"
"521","272-95--TBRU912E--Microcerotermes--Microcerotermes-serrula--Brunei-Oriental--MIGHMNII_77394_d__Bacteria_p__Spirochaetota_c__Spirochaetia_o__Treponematales_f__Treponemataceae_B_1"
"522","272-67--MAD15-85--Microcerotermes--Microcerotermes-mad-sp-A--Madagascar-Madagascar--FFCMJAEF_20799_d__Bacteria_p__Spirochaetota_c__Spirochaetia_o__Treponematales_f__Treponemataceae_B_1"
"523","230-14--RDCT055--Microcerotermes--Microcerotermes-parvus--Congo-Afro-tropical--AELJIOAN_31719_d__Bacteria_p__Spirochaetota_c__Spirochaetia_o__Treponematales_f__Treponemataceae_B_1"
"524","272-62--MAD15-59--Microcerotermes--Microcerotermes-mad-sp-F--Madagascar-Madagascar--PGAOBEJB_43858_d__Bacteria_p__Spirochaetota_c__Spirochaetia_o__Treponematales_f__Treponemataceae_B_1"
"525","272-02--28--Microcerotermes--Microcerotermes-papuanus--New-Guinea-Oceania--JCCLNIIL_47754_d__Bacteria_p__Spirochaetota_c__Spirochaetia_o__Treponematales_f__Treponemataceae_B_1"
"526","272-04--48--Microcerotermes--Microcerotermes-papuanus--New-Guinea-Oceania--LLJHKGFM_62154_d__Bacteria_p__Spirochaetota_c__Spirochaetia_o__Treponematales_f__Treponemataceae_B_1"
"527","301-77--TBRU414--Microcerotermes--Microcerotermes-nr-havilandi--Brunei-Oriental--LEAPNMHI_10173_d__Bacteria_p__Spirochaetota_c__Spirochaetia_o__Treponematales_f__Treponemataceae_B_1"
"528","272-100--THAI54--Microcerotermes--Microcerotermes-crassus--Thailand-Oriental--COJKPCNP_06771_d__Bacteria_p__Spirochaetota_c__Spirochaetia_o__Treponematales_f__Treponemataceae_B_1"
"529","272-104--TP114A--Microcerotermes--Microcerotermes-crassus--Malaysia-Oriental--NHIGIODF_08078_d__Bacteria_p__Spirochaetota_c__Spirochaetia_o__Treponematales_f__Treponemataceae_B_1"
"530","301-17--AUS66--Microcerotermes--Microcerotermes-sp-E--Australia-Australia--MHPNFKFI_36367_d__Bacteria_p__Spirochaetota_c__Spirochaetia_o__Treponematales_f__Treponemataceae_B_1"
"531","272-13--AUS6--Microcerotermes--Microcerotermes-nervosus--Australia-Australia--FLPAOEAJ_98223_d__Bacteria_p__Spirochaetota_c__Spirochaetia_o__Treponematales_f__Treponemataceae_B_1"
"532","272-14--AUS71--Microcerotermes--Microcerotermes-sp-G--Australia-Australia--LAKMIEEK_43346_d__Bacteria_p__Spirochaetota_c__Spirochaetia_o__Treponematales_f__Treponemataceae_B_1"
"533","272-15--AUS82--Microcerotermes--Microcerotermes-sp-I--Australia-Australia--BIPLFEAP_54893_d__Bacteria_p__Spirochaetota_c__Spirochaetia_o__Treponematales_f__Treponemataceae_B_1"
"534","301-11--AUS114--Microcerotermes--Microcerotermes-sp-H--Australia-Australia--EOGHOPED_49870_d__Bacteria_p__Spirochaetota_c__Spirochaetia_o__Treponematales_f__Treponemataceae_B_1"
"535","272-95--TBRU912E--Microcerotermes--Microcerotermes-serrula--Brunei-Oriental--MIGHMNII_12801_d__Bacteria_p__Spirochaetota_c__Spirochaetia_o__Treponematales_f__Treponemataceae_B_1"
"536","272-02--28--Microcerotermes--Microcerotermes-papuanus--New-Guinea-Oceania--JCCLNIIL_08937_d__Bacteria_p__Spirochaetota_c__Spirochaetia_o__Treponematales_f__Treponemataceae_B_1"
"537","230-15--D2-34--Microcerotermes--Microcerotermes-biroi--New-Guinea-Oceania--HEFGFCPB_19309_d__Bacteria_p__Spirochaetota_c__Spirochaetia_o__Treponematales_f__Treponemataceae_B_1"
"538","272-01--10-2--Microcerotermes--Microcerotermes-biroi--New-Guinea--DOGAELGM_28866_d__Bacteria_p__Spirochaetota_c__Spirochaetia_o__Treponematales_f__Treponemataceae_B_1"
"539","272-05--71--Microcerotermes--Microcerotermes-biroi--New-Guinea-Oceania--BHIIBGBD_31358_d__Bacteria_p__Spirochaetota_c__Spirochaetia_o__Treponematales_f__Treponemataceae_B_1"
"540","230-17--TBRU318a--Microcerotermes--Microcerotermes-nr-havilandi--Brunei-Oriental--MIEDJDJK_30047_d__Bacteria_p__Spirochaetota_c__Spirochaetia_o__Treponematales_f__Treponemataceae_B_1"
"541","272-89--T2-IC--Microcerotermes--Microcerotermes-havilandi--Singapore-Oriental--OCBKEODD_07328_d__Bacteria_p__Spirochaetota_c__Spirochaetia_o__Treponematales_f__Treponemataceae_B_1"
"542","230-17--TBRU318a--Microcerotermes--Microcerotermes-nr-havilandi--Brunei-Oriental--MIEDJDJK_17693_d__Bacteria_p__Spirochaetota_c__Spirochaetia_o__Treponematales_f__Treponemataceae_B_1"
"543","301-77--TBRU414--Microcerotermes--Microcerotermes-nr-havilandi--Brunei-Oriental--LEAPNMHI_14791_d__Bacteria_p__Spirochaetota_c__Spirochaetia_o__Treponematales_f__Treponemataceae_B_1"
"544","272-101--THAI055--Microcerotermes--Microcerotermes-sp-B--Thailand-Oriental--CKPDMAEN_15897_d__Bacteria_p__Spirochaetota_c__Spirochaetia_o__Treponematales_f__Treponemataceae_B_1"
"545","272-70--MAL37--Microcerotermes--Microcerotermes-crassus--Malaysia-Oriental--ILALFPAC_43117_d__Bacteria_p__Spirochaetota_c__Spirochaetia_o__Treponematales_f__Treponemataceae_B_1"
"546","272-104--TP114A--Microcerotermes--Microcerotermes-crassus--Malaysia-Oriental--NHIGIODF_110490_d__Bacteria_p__Spirochaetota_c__Spirochaetia_o__Treponematales_f__Treponemataceae_B_1"
"547","272-91--T614--Microcerotermes--Microcerotermes--Singapore-Oriental--ECJLCPLO_13226_d__Bacteria_p__Spirochaetota_c__Spirochaetia_o__Treponematales_f__Treponemataceae_B_1"
"548","272-69--MAL22--Microcerotermes--Microcerotermes-crassus--Malaysia-Oriental--DANCONHC_68797_d__Bacteria_p__Spirochaetota_c__Spirochaetia_o__Treponematales_f__Treponemataceae_B_1"
"549","272-75--PHI1--Microcerotermes--Microcerotermes--Philippines-Oriental--EFHMCDAH_64246_d__Bacteria_p__Spirochaetota_c__Spirochaetia_o__Treponematales_f__Treponemataceae_B_1"
"550","301-59--MAD15-16--Microcerotermes--Microcerotermes-mad-sp-C--Madagascar-Madagascar--KIFAEBMO_10183_d__Bacteria_p__Spirochaetota_c__Spirochaetia_o__Treponematales_f__Treponemataceae_B_1"
"551","272-45--G689--Microcerotermes--Microcerotermes-sp--French-Guiana-Neo-tropical--GMFGPJLH_63553_d__Bacteria_p__Spirochaetota_c__Spirochaetia_o__Treponematales_f__Treponemataceae_B_1"
"552","272-33--FG-ND02-38--Microcerotermes--Microcerotermes-sp-SA--French-Guiana-Neo-tropical--PJPNMPFH_36622_d__Bacteria_p__Spirochaetota_c__Spirochaetia_o__Treponematales_f__Treponemataceae_B_1"
"553","272-34--FG-ND02-39--Microcerotermes--Microcerotermes-sp-SC--French-Guiana-Neo-tropical--JCIBENDC_45550_d__Bacteria_p__Spirochaetota_c__Spirochaetia_o__Treponematales_f__Treponemataceae_B_1"
"554","272-45--G689--Microcerotermes--Microcerotermes-sp--French-Guiana-Neo-tropical--GMFGPJLH_21792_d__Bacteria_p__Spirochaetota_c__Spirochaetia_o__Treponematales_f__Treponemataceae_B_1"
"555","272-34--FG-ND02-39--Microcerotermes--Microcerotermes-sp-SC--French-Guiana-Neo-tropical--JCIBENDC_44718_d__Bacteria_p__Spirochaetota_c__Spirochaetia_o__Treponematales_f__Treponemataceae_B_1"
"556","272-33--FG-ND02-38--Microcerotermes--Microcerotermes-sp-SA--French-Guiana-Neo-tropical--PJPNMPFH_40726_d__Bacteria_p__Spirochaetota_c__Spirochaetia_o__Treponematales_f__Treponemataceae_B_1"
"557","272-43--G-13-58--Microcerotermes--Microcerotermes--French-Guiana-Neo-tropical--NCHCEIMM_40470_d__Bacteria_p__Spirochaetota_c__Spirochaetia_o__Treponematales_f__Treponemataceae_B_1"
"558","272-68--MAD15-86--Microcerotermes--Microcerotermes-mad-sp-K--Madagascar-Madagascar--PDAPIIEL_77902_d__Bacteria_p__Spirochaetota_c__Spirochaetia_o__Treponematales_f__Treponemataceae_B_1"
"559","272-66--MAD15-76--Microcerotermes--Microcerotermes-mad-sp-G--Madagascar-Madagascar--BKGPDEIL_11447_d__Bacteria_p__Spirochaetota_c__Spirochaetia_o__Treponematales_f__Treponemataceae_B_1"
"560","301-60--MAD15-66--Microcerotermes--Microcerotermes-mad-sp-E--Madagascar-Madagascar--MJONPIMI_11481_d__Bacteria_p__Spirochaetota_c__Spirochaetia_o__Treponematales_f__Treponemataceae_B_1"
"561","230-03--PHI8--Microcerotermes--Microcerotermes--Philippines-Oriental--FFKHHJAJ_34466_d__Bacteria_p__Spirochaetota_c__Spirochaetia_o__Treponematales_f__Treponemataceae_B_1"
"562","272-75--PHI1--Microcerotermes--Microcerotermes--Philippines-Oriental--EFHMCDAH_98271_d__Bacteria_p__Spirochaetota_c__Spirochaetia_o__Treponematales_f__Treponemataceae_B_1"
"563","272-01--10-2--Microcerotermes--Microcerotermes-biroi--New-Guinea--DOGAELGM_20264_d__Bacteria_p__Spirochaetota_c__Spirochaetia_o__Treponematales_f__Treponemataceae_B_1"
"564","272-14--AUS71--Microcerotermes--Microcerotermes-sp-G--Australia-Australia--LAKMIEEK_60963_d__Bacteria_p__Spirochaetota_c__Spirochaetia_o__Treponematales_f__Treponemataceae_B_1"
"565","272-53--MAD15-113--Microcerotermes--Microcerotermes-mad-sp-G--Madagascar-Madagascar--IKDIKFDP_16747_d__Bacteria_p__Spirochaetota_c__Spirochaetia_o__Treponematales_f__Treponemataceae_B_1"
"566","272-56--MAD15-139--Microcerotermes--Microcerotermes-mad-sp-L--Madagascar-Madagascar--DPIGOLHB_19207_d__Bacteria_p__Spirochaetota_c__Spirochaetia_o__Treponematales_f__Treponemataceae_B_1"
"567","272-68--MAD15-86--Microcerotermes--Microcerotermes-mad-sp-K--Madagascar-Madagascar--PDAPIIEL_23732_d__Bacteria_p__Spirochaetota_c__Spirochaetia_o__Treponematales_f__Treponemataceae_B_1"
"568","301-61--MAD15-71--Microcerotermes--Microcerotermes-mad-sp-B--Madagascar-Madagascar--HLHCAAJD_01426_d__Bacteria_p__Spirochaetota_c__Spirochaetia_o__Treponematales_f__Treponemataceae_B_1"
"569","272-67--MAD15-85--Microcerotermes--Microcerotermes-mad-sp-A--Madagascar-Madagascar--FFCMJAEF_80287_d__Bacteria_p__Spirochaetota_c__Spirochaetia_o__Treponematales_f__Treponemataceae_B_1"
"570","301-59--MAD15-16--Microcerotermes--Microcerotermes-mad-sp-C--Madagascar-Madagascar--KIFAEBMO_14178_d__Bacteria_p__Spirochaetota_c__Spirochaetia_o__Treponematales_f__Treponemataceae_B_1"
"571","230-01--CAM16-18--Nasutitermitinae--Leptomixotermes--Cameroon-Afro-tropical--BAOIPHFG_16392_d__Bacteria_p__Spirochaetota_c__Spirochaetia_o__Treponematales_f__Treponemataceae_B_1"
"572","272-40--G13-30--Nasutitermitinae--Coatitermes-kartaboensis--French-Guiana-Neo-tropical--FGHEMLMB_53317_d__Bacteria_p__Spirochaetota_c__Spirochaetia_o__Treponematales_f__Treponemataceae_B_1"
"573","301-64--NSW6--Nasutitermitinae--Occasitermes--Australia-Australia--MDFLAMOO_14576_d__Bacteria_p__Spirochaetota_c__Spirochaetia_o__Treponematales_f__Treponemataceae_B_1"
"574","301-14--AUS49--Nasutitermitinae--Nasutitermes-sp-G--Australia-Australia--KHIKJGJF_32839_d__Bacteria_p__Spirochaetota_c__Spirochaetia_o__Treponematales_f__Treponemataceae_B_1"
"575","301-14--AUS49--Nasutitermitinae--Nasutitermes-sp-G--Australia-Australia--KHIKJGJF_53094_d__Bacteria_p__Spirochaetota_c__Spirochaetia_o__Treponematales_f__Treponemataceae_B_1"
"576","230-19--G13-62--Syntermitinae--Cornitermes-sp-A--French-Guiana-Neo-tropical--EBADLNIJ_05464_d__Bacteria_p__Spirochaetota_c__Spirochaetia_o__Treponematales_f__Treponemataceae_B_1"
"577","301-34--BRA3--Syntermitinae--Cornitermes-cumulans--Brazil-Neo-tropical--GEIPMBLL_47071_d__Bacteria_p__Spirochaetota_c__Spirochaetia_o__Treponematales_f__Treponemataceae_B_1"
"578","230-19--G13-62--Syntermitinae--Cornitermes-sp-A--French-Guiana-Neo-tropical--EBADLNIJ_03246_d__Bacteria_p__Spirochaetota_c__Spirochaetia_o__Treponematales_f__Treponemataceae_B_1"
"579","301-22--BRA14--Syntermitinae--Cyrilliotermes-sp--Brazil-Neo-tropical--LKPJFKIO_02914_d__Bacteria_p__Spirochaetota_c__Spirochaetia_o__Treponematales_f__Treponemataceae_B_1"
"580","230-19--G13-62--Syntermitinae--Cornitermes-sp-A--French-Guiana-Neo-tropical--EBADLNIJ_84387_d__Bacteria_p__Spirochaetota_c__Spirochaetia_o__Treponematales_f__Treponemataceae_B_1"
"581","301-34--BRA3--Syntermitinae--Cornitermes-cumulans--Brazil-Neo-tropical--GEIPMBLL_33927_d__Bacteria_p__Spirochaetota_c__Spirochaetia_o__Treponematales_f__Treponemataceae_B_1"
"582","301-36--BRA9--Syntermitinae--Rhynchotermes-nasutissimus--Brazil-Neo-tropical--OCFIEBIH_55175_d__Bacteria_p__Spirochaetota_c__Spirochaetia_o__Treponematales_f__Treponemataceae_B_1"
"583","230-19--G13-62--Syntermitinae--Cornitermes-sp-A--French-Guiana-Neo-tropical--EBADLNIJ_14845_d__Bacteria_p__Spirochaetota_c__Spirochaetia_o__Treponematales_f__Treponemataceae_B_1"
"584","301-34--BRA3--Syntermitinae--Cornitermes-cumulans--Brazil-Neo-tropical--GEIPMBLL_23285_d__Bacteria_p__Spirochaetota_c__Spirochaetia_o__Treponematales_f__Treponemataceae_B_1"
"585","230-19--G13-62--Syntermitinae--Cornitermes-sp-A--French-Guiana-Neo-tropical--EBADLNIJ_22740_d__Bacteria_p__Spirochaetota_c__Spirochaetia_o__Treponematales_f__Treponemataceae_B_1"
"586","301-34--BRA3--Syntermitinae--Cornitermes-cumulans--Brazil-Neo-tropical--GEIPMBLL_107335_d__Bacteria_p__Spirochaetota_c__Spirochaetia_o__Treponematales_f__Treponemataceae_B_1"
"587","272-46--G728--Nasutitermitinae--Agnathotermes-crassinasus--French-Guiana-Neo-tropical--MGHCOOPN_04672_d__Bacteria_p__Spirochaetota_c__Spirochaetia_o__Treponematales_f__Treponemataceae_B_1"
"588","272-39--G13-24--Termitinae--Cylindrotermes--French-Guiana-Neo-tropical--OBOEKFOA_01282_d__Bacteria_p__Spirochaetota_c__Spirochaetia_o__Treponematales_f__Treponemataceae_B_1"
"589","230-19--G13-62--Syntermitinae--Cornitermes-sp-A--French-Guiana-Neo-tropical--EBADLNIJ_28275_d__Bacteria_p__Spirochaetota_c__Spirochaetia_o__Treponematales_f__Treponemataceae_B_g__Treponema_E_1"
"590","272-82--RDCT106--Nasutitermitinae--Nasutitermes-lujae--Congo-Afro-tropical--LMFHLHNK_17703_d__Bacteria_p__Spirochaetota_c__Spirochaetia_o__Treponematales_f__Treponemataceae_B_1"
"591","301-54--G733--Nasutitermitinae--Nasutitermes-macrocephalus--French-Guiana-Neo-tropical--POHOEHOL_17883_d__Bacteria_p__Spirochaetota_c__Spirochaetia_o__Treponematales_f__Treponemataceae_B_1"
"592","230-13--THAI43--Nasutitermitinae--Nasutitermes-sp-3--Thailand-Oriental--GAHIMCHH_03588_d__Bacteria_p__Spirochaetota_c__Spirochaetia_o__Treponematales_f__Treponemataceae_B_1"
"593","272-25--BRU6--Nasutitermitinae--Nasutitermes--Brunei-Oriental--IJIDIGGP_17839_d__Bacteria_p__Spirochaetota_c__Spirochaetia_o__Treponematales_f__Treponemataceae_B_1"
"594","301-64--NSW6--Nasutitermitinae--Occasitermes--Australia-Australia--MDFLAMOO_22842_d__Bacteria_p__Spirochaetota_c__Spirochaetia_o__Treponematales_f__Treponemataceae_B_1"
"595","230-11--60--Nasutitermitinae--Nasutitermes-gracilirostris--New-Guinea-Oceania--MHIDOOBA_10096_d__Bacteria_p__Spirochaetota_c__Spirochaetia_o__Treponematales_f__Treponemataceae_B_1"
"596","301-16--AUS54--Nasutitermitinae--Nasutitermes-triodiae--Australia-Australia--AKBEIDEJ_15065_d__Bacteria_p__Spirochaetota_c__Spirochaetia_o__Treponematales_f__Treponemataceae_B_1"
"597","301-18--AUS62--Nasutitermitinae--Nasutitermes-graveolus--Australia-Australia--KOGODHHJ_47470_d__Bacteria_p__Spirochaetota_c__Spirochaetia_o__Treponematales_f__Treponemataceae_B_1"
"598","301-18--AUS62--Nasutitermitinae--Nasutitermes-graveolus--Australia-Australia--KOGODHHJ_15024_d__Bacteria_p__Spirochaetota_c__Spirochaetia_o__Treponematales_f__Treponemataceae_B_1"
"599","301-18--AUS62--Nasutitermitinae--Nasutitermes-graveolus--Australia-Australia--KOGODHHJ_10289_d__Bacteria_p__Spirochaetota_c__Spirochaetia_o__Treponematales_f__Treponemataceae_B_1"
"600","301-18--AUS62--Nasutitermitinae--Nasutitermes-graveolus--Australia-Australia--KOGODHHJ_36299_d__Bacteria_p__Spirochaetota_c__Spirochaetia_o__Treponematales_f__Treponemataceae_B_1"
"601","272-82--RDCT106--Nasutitermitinae--Nasutitermes-lujae--Congo-Afro-tropical--LMFHLHNK_30201_d__Bacteria_p__Spirochaetota_c__Spirochaetia_o__Treponematales_f__Treponemataceae_B_1"
"602","272-82--RDCT106--Nasutitermitinae--Nasutitermes-lujae--Congo-Afro-tropical--LMFHLHNK_02469_d__Bacteria_p__Spirochaetota_c__Spirochaetia_o__Treponematales_f__Treponemataceae_B_1"
"603","272-82--RDCT106--Nasutitermitinae--Nasutitermes-lujae--Congo-Afro-tropical--LMFHLHNK_30180_d__Bacteria_p__Spirochaetota_c__Spirochaetia_o__Treponematales_f__Treponemataceae_B_1"
"604","301-54--G733--Nasutitermitinae--Nasutitermes-macrocephalus--French-Guiana-Neo-tropical--POHOEHOL_33259_d__Bacteria_p__Spirochaetota_c__Spirochaetia_o__Treponematales_f__Treponemataceae_B_1"
"605","301-18--AUS62--Nasutitermitinae--Nasutitermes-graveolus--Australia-Australia--KOGODHHJ_106546_d__Bacteria_p__Spirochaetota_c__Spirochaetia_o__Treponematales_f__Treponemataceae_B_1"
"606","301-18--AUS62--Nasutitermitinae--Nasutitermes-graveolus--Australia-Australia--KOGODHHJ_93580_d__Bacteria_p__Spirochaetota_c__Spirochaetia_o__Treponematales_f__Treponemataceae_B_1"
"607","301-16--AUS54--Nasutitermitinae--Nasutitermes-triodiae--Australia-Australia--AKBEIDEJ_04376_d__Bacteria_p__Spirochaetota_c__Spirochaetia_o__Treponematales_f__Treponemataceae_B_1"
"608","301-16--AUS54--Nasutitermitinae--Nasutitermes-triodiae--Australia-Australia--AKBEIDEJ_58209_d__Bacteria_p__Spirochaetota_c__Spirochaetia_o__Treponematales_f__Treponemataceae_B_1"
"609","301-18--AUS62--Nasutitermitinae--Nasutitermes-graveolus--Australia-Australia--KOGODHHJ_12107_d__Bacteria_p__Spirochaetota_c__Spirochaetia_o__Treponematales_f__Treponemataceae_B_1"
"610","301-18--AUS62--Nasutitermitinae--Nasutitermes-graveolus--Australia-Australia--KOGODHHJ_06168_d__Bacteria_p__Spirochaetota_c__Spirochaetia_o__Treponematales_f__Treponemataceae_B_1"
"611","301-18--AUS62--Nasutitermitinae--Nasutitermes-graveolus--Australia-Australia--KOGODHHJ_60297_d__Bacteria_p__Spirochaetota_c__Spirochaetia_o__Treponematales_f__Treponemataceae_B_1"
"612","230-11--60--Nasutitermitinae--Nasutitermes-gracilirostris--New-Guinea-Oceania--MHIDOOBA_19789_d__Bacteria_p__Spirochaetota_c__Spirochaetia_o__Treponematales_f__Treponemataceae_B_1"
"613","301-07--69--Nasutitermitinae--Nasutitermes-bikpelanus--New-Guinea-Oceania--NMAGJELM_15626_d__Bacteria_p__Spirochaetota_c__Spirochaetia_o__Treponematales_f__Treponemataceae_B_1"
"614","272-40--G13-30--Nasutitermitinae--Coatitermes-kartaboensis--French-Guiana-Neo-tropical--FGHEMLMB_06877_d__Bacteria_p__Spirochaetota_c__Spirochaetia_o__Treponematales_f__Treponemataceae_B_1"
"615","301-39--G13-130--Nasutitermitinae--Coatitermes-sp-2--French-Guiana-Neo-tropical--KIBFDEIN_02797_d__Bacteria_p__Spirochaetota_c__Spirochaetia_o__Treponematales_f__Treponemataceae_B_1"
"616","272-40--G13-30--Nasutitermitinae--Coatitermes-kartaboensis--French-Guiana-Neo-tropical--FGHEMLMB_00626_d__Bacteria_p__Spirochaetota_c__Spirochaetia_o__Treponematales_f__Treponemataceae_B_1"
"617","301-39--G13-130--Nasutitermitinae--Coatitermes-sp-2--French-Guiana-Neo-tropical--KIBFDEIN_23447_d__Bacteria_p__Spirochaetota_c__Spirochaetia_o__Treponematales_f__Treponemataceae_B_1"
"618","272-40--G13-30--Nasutitermitinae--Coatitermes-kartaboensis--French-Guiana-Neo-tropical--FGHEMLMB_25863_d__Bacteria_p__Spirochaetota_c__Spirochaetia_o__Treponematales_f__Treponemataceae_B_1"
"619","301-39--G13-130--Nasutitermitinae--Coatitermes-sp-2--French-Guiana-Neo-tropical--KIBFDEIN_23114_d__Bacteria_p__Spirochaetota_c__Spirochaetia_o__Treponematales_f__Treponemataceae_B_1"
"620","272-19--BDIT102--Microcerotermes--Microcerotermes-fuscotibialis--Burundi-Afro-tropical--CAECBDLP_59460_d__Bacteria_p__Spirochaetota_c__Spirochaetia_o__Treponematales_f__Treponemataceae_B_1"
"621","272-77--RDCT033--Microcerotermes--Microcerotermes-fuscotibialis--Congo-Afro-tropical--POOGOANK_83837_d__Bacteria_p__Spirochaetota_c__Spirochaetia_o__Treponematales_f__Treponemataceae_B_1"
"622","272-45--G689--Microcerotermes--Microcerotermes-sp--French-Guiana-Neo-tropical--GMFGPJLH_09507_d__Bacteria_p__Spirochaetota_c__Spirochaetia_o__Treponematales_f__Treponemataceae_B_1"
"623","229-07--Msp-RNA-1--Microcerotermes--Microcerotermes--South-East-Asia-Oriental--DPEHDFIK_23877_d__Bacteria_p__Spirochaetota_c__Spirochaetia_o__Treponematales_f__Treponemataceae_B_g__Treponema_E_1"
"624","229-07--Msp-RNA-1--Microcerotermes--Microcerotermes--South-East-Asia-Oriental--DPEHDFIK_45600_d__Bacteria_p__Spirochaetota_c__Spirochaetia_o__Treponematales_f__Treponemataceae_B_1"
"625","229-07--Msp-RNA-1--Microcerotermes--Microcerotermes--South-East-Asia-Oriental--DPEHDFIK_226952_d__Bacteria_p__Spirochaetota_c__Spirochaetia_o__Treponematales_f__Treponemataceae_B_1"
"626","272-69--MAL22--Microcerotermes--Microcerotermes-crassus--Malaysia-Oriental--DANCONHC_110718_d__Bacteria_p__Spirochaetota_c__Spirochaetia_o__Treponematales_f__Treponemataceae_B_1"
"627","272-70--MAL37--Microcerotermes--Microcerotermes-crassus--Malaysia-Oriental--ILALFPAC_101888_d__Bacteria_p__Spirochaetota_c__Spirochaetia_o__Treponematales_f__Treponemataceae_B_1"
"628","230-03--PHI8--Microcerotermes--Microcerotermes--Philippines-Oriental--FFKHHJAJ_11356_d__Bacteria_p__Spirochaetota_c__Spirochaetia_o__Treponematales_f__Treponemataceae_B_g__Treponema_E_1"
"629","230-03--PHI8--Microcerotermes--Microcerotermes--Philippines-Oriental--FFKHHJAJ_09688_d__Bacteria_p__Spirochaetota_c__Spirochaetia_o__Treponematales_f__Treponemataceae_B_1"
"630","272-75--PHI1--Microcerotermes--Microcerotermes--Philippines-Oriental--EFHMCDAH_06736_d__Bacteria_p__Spirochaetota_c__Spirochaetia_o__Treponematales_f__Treponemataceae_B_1"
"631","272-70--MAL37--Microcerotermes--Microcerotermes-crassus--Malaysia-Oriental--ILALFPAC_128586_d__Bacteria_p__Spirochaetota_c__Spirochaetia_o__Treponematales_f__Treponemataceae_B_1"
"632","272-75--PHI1--Microcerotermes--Microcerotermes--Philippines-Oriental--EFHMCDAH_21365_d__Bacteria_p__Spirochaetota_c__Spirochaetia_o__Treponematales_f__Treponemataceae_B_1"
"633","230-03--PHI8--Microcerotermes--Microcerotermes--Philippines-Oriental--FFKHHJAJ_36722_d__Bacteria_p__Spirochaetota_c__Spirochaetia_o__Treponematales_f__Treponemataceae_B_1"
"634","272-100--THAI54--Microcerotermes--Microcerotermes-crassus--Thailand-Oriental--COJKPCNP_23341_d__Bacteria_p__Spirochaetota_c__Spirochaetia_o__Treponematales_f__Treponemataceae_B_1"
"635","272-02--28--Microcerotermes--Microcerotermes-papuanus--New-Guinea-Oceania--JCCLNIIL_04689_d__Bacteria_p__Spirochaetota_c__Spirochaetia_o__Treponematales_f__Treponemataceae_B_1"
"636","272-04--48--Microcerotermes--Microcerotermes-papuanus--New-Guinea-Oceania--LLJHKGFM_46215_d__Bacteria_p__Spirochaetota_c__Spirochaetia_o__Treponematales_f__Treponemataceae_B_1"
"637","301-77--TBRU414--Microcerotermes--Microcerotermes-nr-havilandi--Brunei-Oriental--LEAPNMHI_39351_d__Bacteria_p__Spirochaetota_c__Spirochaetia_o__Treponematales_f__Treponemataceae_B_1"
"638","230-12--81--Microcerotermes--Microcerotermes-papuanus--New-Guinea-Oceania--GCKEGHAL_12906_d__Bacteria_p__Spirochaetota_c__Spirochaetia_o__Treponematales_f__Treponemataceae_B_1"
"639","301-08--81-2--Microcerotermes--Microcerotermes-papuanus--New-Guinea-Oceania--LIMPOKBC_33042_d__Bacteria_p__Spirochaetota_c__Spirochaetia_o__Treponematales_f__Treponemataceae_B_1"
"640","230-12--81--Microcerotermes--Microcerotermes-papuanus--New-Guinea-Oceania--GCKEGHAL_17352_d__Bacteria_p__Spirochaetota_c__Spirochaetia_o__Treponematales_f__Treponemataceae_B_1"
"641","301-08--81-2--Microcerotermes--Microcerotermes-papuanus--New-Guinea-Oceania--LIMPOKBC_09853_d__Bacteria_p__Spirochaetota_c__Spirochaetia_o__Treponematales_f__Treponemataceae_B_1"
"642","272-05--71--Microcerotermes--Microcerotermes-biroi--New-Guinea-Oceania--BHIIBGBD_16141_d__Bacteria_p__Spirochaetota_c__Spirochaetia_o__Treponematales_f__Treponemataceae_B_1"
"643","272-57--MAD15-148--Microcerotermes--Microcerotermes-mad-sp-F--Madagascar-Madagascar--HPMPMEPI_42687_d__Bacteria_p__Spirochaetota_c__Spirochaetia_o__Treponematales_f__Treponemataceae_B_1"
"644","272-101--THAI055--Microcerotermes--Microcerotermes-sp-B--Thailand-Oriental--CKPDMAEN_69642_d__Bacteria_p__Spirochaetota_c__Spirochaetia_o__Treponematales_f__Treponemataceae_B_1"
"645","272-57--MAD15-148--Microcerotermes--Microcerotermes-mad-sp-F--Madagascar-Madagascar--HPMPMEPI_41821_d__Bacteria_p__Spirochaetota_c__Spirochaetia_o__Treponematales_f__Treponemataceae_B_1"
"646","272-64--MAD15-62--Microcerotermes--Microcerotermes-mad-sp-F--Madagascar-Madagascar--PHHMBOPJ_10916_d__Bacteria_p__Spirochaetota_c__Spirochaetia_o__Treponematales_f__Treponemataceae_B_1"
"647","272-79--RDCT053--Microcerotermes--Microcerotermes-parvus--Congo-Afro-tropical--HDFGGIOE_21457_d__Bacteria_p__Spirochaetota_c__Spirochaetia_o__Treponematales_f__Treponemataceae_B_1"
"648","272-85--RDCT134--Microcerotermes--Microcerotermes-parvus--Congo-Afro-tropical--IJFECECG_57632_d__Bacteria_p__Spirochaetota_c__Spirochaetia_o__Treponematales_f__Treponemataceae_B_1"
"649","272-84--RDCT119--Microcerotermes--Microcerotermes-parvus--Congo-Afro-tropical--HFABNABN_155166_d__Bacteria_p__Spirochaetota_c__Spirochaetia_o__Treponematales_f__Treponemataceae_B_1"
"650","301-58--MAD15-116--Microcerotermes--Microcerotermes-mad-sp-H--Madagascar-Madagascar--BKJILCFM_11967_d__Bacteria_p__Spirochaetota_c__Spirochaetia_o__Treponematales_f__Treponemataceae_B_1"
"651","272-67--MAD15-85--Microcerotermes--Microcerotermes-mad-sp-A--Madagascar-Madagascar--FFCMJAEF_108350_d__Bacteria_p__Spirochaetota_c__Spirochaetia_o__Treponematales_f__Treponemataceae_B_1"
"652","301-29--BDIT45--Microcerotermes--Microcerotermes-parvus--Burundi-Afro-tropical--GBGOPIBM_25387_d__Bacteria_p__Spirochaetota_c__Spirochaetia_o__Treponematales_f__Treponemataceae_B_1"
"653","301-08--81-2--Microcerotermes--Microcerotermes-papuanus--New-Guinea-Oceania--LIMPOKBC_91835_d__Bacteria_p__Spirochaetota_c__Spirochaetia_o__Treponematales_f__Treponemataceae_B_1"
"654","230-14--RDCT055--Microcerotermes--Microcerotermes-parvus--Congo-Afro-tropical--AELJIOAN_00920_d__Bacteria_p__Spirochaetota_c__Spirochaetia_o__Treponematales_f__Treponemataceae_B_1"
"655","272-04--48--Microcerotermes--Microcerotermes-papuanus--New-Guinea-Oceania--LLJHKGFM_54261_d__Bacteria_p__Spirochaetota_c__Spirochaetia_o__Treponematales_f__Treponemataceae_B_1"
"656","272-89--T2-IC--Microcerotermes--Microcerotermes-havilandi--Singapore-Oriental--OCBKEODD_45480_d__Bacteria_p__Spirochaetota_c__Spirochaetia_o__Treponematales_f__Treponemataceae_B_1"
"657","301-77--TBRU414--Microcerotermes--Microcerotermes-nr-havilandi--Brunei-Oriental--LEAPNMHI_25255_d__Bacteria_p__Spirochaetota_c__Spirochaetia_o__Treponematales_f__Treponemataceae_B_1"
"658","272-15--AUS82--Microcerotermes--Microcerotermes-sp-I--Australia-Australia--BIPLFEAP_41837_d__Bacteria_p__Spirochaetota_c__Spirochaetia_o__Treponematales_f__Treponemataceae_B_1"
"659","230-12--81--Microcerotermes--Microcerotermes-papuanus--New-Guinea-Oceania--GCKEGHAL_14994_d__Bacteria_p__Spirochaetota_c__Spirochaetia_o__Treponematales_f__Treponemataceae_B_1"
"660","301-08--81-2--Microcerotermes--Microcerotermes-papuanus--New-Guinea-Oceania--LIMPOKBC_04594_d__Bacteria_p__Spirochaetota_c__Spirochaetia_o__Treponematales_f__Treponemataceae_B_1"
"661","272-95--TBRU912E--Microcerotermes--Microcerotermes-serrula--Brunei-Oriental--MIGHMNII_10265_d__Bacteria_p__Spirochaetota_c__Spirochaetia_o__Treponematales_f__Treponemataceae_B_1"
"662","272-95--TBRU912E--Microcerotermes--Microcerotermes-serrula--Brunei-Oriental--MIGHMNII_113795_d__Bacteria_p__Spirochaetota_c__Spirochaetia_o__Treponematales_f__Treponemataceae_B_1"
"663","272-15--AUS82--Microcerotermes--Microcerotermes-sp-I--Australia-Australia--BIPLFEAP_95962_d__Bacteria_p__Spirochaetota_c__Spirochaetia_o__Treponematales_f__Treponemataceae_B_1"
"664","272-13--AUS6--Microcerotermes--Microcerotermes-nervosus--Australia-Australia--FLPAOEAJ_02574_d__Bacteria_p__Spirochaetota_c__Spirochaetia_o__Treponematales_f__Treponemataceae_B_1"
"665","272-15--AUS82--Microcerotermes--Microcerotermes-sp-I--Australia-Australia--BIPLFEAP_40990_d__Bacteria_p__Spirochaetota_c__Spirochaetia_o__Treponematales_f__Treponemataceae_B_1"
"666","272-13--AUS6--Microcerotermes--Microcerotermes-nervosus--Australia-Australia--FLPAOEAJ_10025_d__Bacteria_p__Spirochaetota_c__Spirochaetia_o__Treponematales_f__Treponemataceae_B_1"
"667","272-13--AUS6--Microcerotermes--Microcerotermes-nervosus--Australia-Australia--FLPAOEAJ_87176_d__Bacteria_p__Spirochaetota_c__Spirochaetia_o__Treponematales_f__Treponemataceae_B_1"
"668","272-14--AUS71--Microcerotermes--Microcerotermes-sp-G--Australia-Australia--LAKMIEEK_35284_d__Bacteria_p__Spirochaetota_c__Spirochaetia_o__Treponematales_f__Treponemataceae_B_1"
"669","272-14--AUS71--Microcerotermes--Microcerotermes-sp-G--Australia-Australia--LAKMIEEK_154474_d__Bacteria_p__Spirochaetota_c__Spirochaetia_o__Treponematales_f__Treponemataceae_B_1"
"670","272-14--AUS71--Microcerotermes--Microcerotermes-sp-G--Australia-Australia--LAKMIEEK_31999_d__Bacteria_p__Spirochaetota_c__Spirochaetia_o__Treponematales_f__Treponemataceae_B_1"
"671","272-15--AUS82--Microcerotermes--Microcerotermes-sp-I--Australia-Australia--BIPLFEAP_12277_d__Bacteria_p__Spirochaetota_c__Spirochaetia_o__Treponematales_f__Treponemataceae_B_1"
"672","272-15--AUS82--Microcerotermes--Microcerotermes-sp-I--Australia-Australia--BIPLFEAP_67759_d__Bacteria_p__Spirochaetota_c__Spirochaetia_o__Treponematales_f__Treponemataceae_B_1"
"673","301-17--AUS66--Microcerotermes--Microcerotermes-sp-E--Australia-Australia--MHPNFKFI_63721_d__Bacteria_p__Spirochaetota_c__Spirochaetia_o__Treponematales_f__Treponemataceae_B_1"
"674","301-11--AUS114--Microcerotermes--Microcerotermes-sp-H--Australia-Australia--EOGHOPED_14975_d__Bacteria_p__Spirochaetota_c__Spirochaetia_o__Treponematales_f__Treponemataceae_B_1"
"675","301-11--AUS114--Microcerotermes--Microcerotermes-sp-H--Australia-Australia--EOGHOPED_48937_d__Bacteria_p__Spirochaetota_c__Spirochaetia_o__Treponematales_f__Treponemataceae_B_g__Treponema_E_1"
"676","272-70--MAL37--Microcerotermes--Microcerotermes-crassus--Malaysia-Oriental--ILALFPAC_65462_d__Bacteria_p__Spirochaetota_c__Spirochaetia_o__Treponematales_f__Treponemataceae_B_1"
"677","272-100--THAI54--Microcerotermes--Microcerotermes-crassus--Thailand-Oriental--COJKPCNP_48242_d__Bacteria_p__Spirochaetota_c__Spirochaetia_o__Treponematales_f__Treponemataceae_B_1"
"678","230-17--TBRU318a--Microcerotermes--Microcerotermes-nr-havilandi--Brunei-Oriental--MIEDJDJK_16062_d__Bacteria_p__Spirochaetota_c__Spirochaetia_o__Treponematales_f__Treponemataceae_B_1"
"679","272-02--28--Microcerotermes--Microcerotermes-papuanus--New-Guinea-Oceania--JCCLNIIL_38729_d__Bacteria_p__Spirochaetota_c__Spirochaetia_o__Treponematales_f__Treponemataceae_B_1"
"680","230-03--PHI8--Microcerotermes--Microcerotermes--Philippines-Oriental--FFKHHJAJ_49870_d__Bacteria_p__Spirochaetota_c__Spirochaetia_o__Treponematales_f__Treponemataceae_B_1"
"681","272-100--THAI54--Microcerotermes--Microcerotermes-crassus--Thailand-Oriental--COJKPCNP_03286_d__Bacteria_p__Spirochaetota_c__Spirochaetia_o__Treponematales_f__Treponemataceae_B_1"
"682","272-75--PHI1--Microcerotermes--Microcerotermes--Philippines-Oriental--EFHMCDAH_24834_d__Bacteria_p__Spirochaetota_c__Spirochaetia_o__Treponematales_f__Treponemataceae_B_1"
"683","272-15--AUS82--Microcerotermes--Microcerotermes-sp-I--Australia-Australia--BIPLFEAP_43125_d__Bacteria_p__Spirochaetota_c__Spirochaetia_o__Treponematales_f__Treponemataceae_B_1"
"684","230-12--81--Microcerotermes--Microcerotermes-papuanus--New-Guinea-Oceania--GCKEGHAL_06520_d__Bacteria_p__Spirochaetota_c__Spirochaetia_o__Treponematales_f__Treponemataceae_B_1"
"685","301-08--81-2--Microcerotermes--Microcerotermes-papuanus--New-Guinea-Oceania--LIMPOKBC_04664_d__Bacteria_p__Spirochaetota_c__Spirochaetia_o__Treponematales_f__Treponemataceae_B_1"
"686","272-05--71--Microcerotermes--Microcerotermes-biroi--New-Guinea-Oceania--BHIIBGBD_33281_d__Bacteria_p__Spirochaetota_c__Spirochaetia_o__Treponematales_f__Treponemataceae_B_1"
"687","230-12--81--Microcerotermes--Microcerotermes-papuanus--New-Guinea-Oceania--GCKEGHAL_12267_d__Bacteria_p__Spirochaetota_c__Spirochaetia_o__Treponematales_f__Treponemataceae_B_1"
"688","272-04--48--Microcerotermes--Microcerotermes-papuanus--New-Guinea-Oceania--LLJHKGFM_02752_d__Bacteria_p__Spirochaetota_c__Spirochaetia_o__Treponematales_f__Treponemataceae_B_1"
"689","272-57--MAD15-148--Microcerotermes--Microcerotermes-mad-sp-F--Madagascar-Madagascar--HPMPMEPI_25130_d__Bacteria_p__Spirochaetota_c__Spirochaetia_o__Treponematales_f__Treponemataceae_B_g__Treponema_E_1"
"690","272-02--28--Microcerotermes--Microcerotermes-papuanus--New-Guinea-Oceania--JCCLNIIL_16372_d__Bacteria_p__Spirochaetota_c__Spirochaetia_o__Treponematales_f__Treponemataceae_B_1"
"691","230-12--81--Microcerotermes--Microcerotermes-papuanus--New-Guinea-Oceania--GCKEGHAL_15915_d__Bacteria_p__Spirochaetota_c__Spirochaetia_o__Treponematales_f__Treponemataceae_B_1"
"692","272-04--48--Microcerotermes--Microcerotermes-papuanus--New-Guinea-Oceania--LLJHKGFM_105168_d__Bacteria_p__Spirochaetota_c__Spirochaetia_o__Treponematales_f__Treponemataceae_B_1"
"693","272-57--MAD15-148--Microcerotermes--Microcerotermes-mad-sp-F--Madagascar-Madagascar--HPMPMEPI_12301_d__Bacteria_p__Spirochaetota_c__Spirochaetia_o__Treponematales_f__Treponemataceae_B_g__Treponema_E_1"
"694","272-70--MAL37--Microcerotermes--Microcerotermes-crassus--Malaysia-Oriental--ILALFPAC_45240_d__Bacteria_p__Spirochaetota_c__Spirochaetia_o__Treponematales_f__Treponemataceae_B_1"
"695","272-101--THAI055--Microcerotermes--Microcerotermes-sp-B--Thailand-Oriental--CKPDMAEN_14573_d__Bacteria_p__Spirochaetota_c__Spirochaetia_o__Treponematales_f__Treponemataceae_B_1"
"696","230-14--RDCT055--Microcerotermes--Microcerotermes-parvus--Congo-Afro-tropical--AELJIOAN_41522_d__Bacteria_p__Spirochaetota_c__Spirochaetia_o__Treponematales_f__Treponemataceae_B_1"
"697","272-84--RDCT119--Microcerotermes--Microcerotermes-parvus--Congo-Afro-tropical--HFABNABN_42031_d__Bacteria_p__Spirochaetota_c__Spirochaetia_o__Treponematales_f__Treponemataceae_B_1"
"698","272-53--MAD15-113--Microcerotermes--Microcerotermes-mad-sp-G--Madagascar-Madagascar--IKDIKFDP_64028_d__Bacteria_p__Spirochaetota_c__Spirochaetia_o__Treponematales_f__Treponemataceae_B_1"
"699","272-54--MAD15-130--Microcerotermes--Microcerotermes-mad-sp-B--Madagascar-Madagascar--DFAMJLME_50082_d__Bacteria_p__Spirochaetota_c__Spirochaetia_o__Treponematales_f__Treponemataceae_B_1"
"700","272-54--MAD15-130--Microcerotermes--Microcerotermes-mad-sp-B--Madagascar-Madagascar--DFAMJLME_51769_d__Bacteria_p__Spirochaetota_c__Spirochaetia_o__Treponematales_f__Treponemataceae_B_g__Treponema_E_1"
"701","272-56--MAD15-139--Microcerotermes--Microcerotermes-mad-sp-L--Madagascar-Madagascar--DPIGOLHB_54440_d__Bacteria_p__Spirochaetota_c__Spirochaetia_o__Treponematales_f__Treponemataceae_B_1"
"702","301-60--MAD15-66--Microcerotermes--Microcerotermes-mad-sp-E--Madagascar-Madagascar--MJONPIMI_19068_d__Bacteria_p__Spirochaetota_c__Spirochaetia_o__Treponematales_f__Treponemataceae_B_1"
"703","272-66--MAD15-76--Microcerotermes--Microcerotermes-mad-sp-G--Madagascar-Madagascar--BKGPDEIL_21620_d__Bacteria_p__Spirochaetota_c__Spirochaetia_o__Treponematales_f__Treponemataceae_B_g__Treponema_E_1"
"704","301-61--MAD15-71--Microcerotermes--Microcerotermes-mad-sp-B--Madagascar-Madagascar--HLHCAAJD_38751_d__Bacteria_p__Spirochaetota_c__Spirochaetia_o__Treponematales_f__Treponemataceae_B_g__Treponema_E_1"
"705","272-67--MAD15-85--Microcerotermes--Microcerotermes-mad-sp-A--Madagascar-Madagascar--FFCMJAEF_34897_d__Bacteria_p__Spirochaetota_c__Spirochaetia_o__Treponematales_f__Treponemataceae_B_g__Treponema_E_1"
"706","301-58--MAD15-116--Microcerotermes--Microcerotermes-mad-sp-H--Madagascar-Madagascar--BKJILCFM_64762_d__Bacteria_p__Spirochaetota_c__Spirochaetia_o__Treponematales_f__Treponemataceae_B_1"
"707","272-15--AUS82--Microcerotermes--Microcerotermes-sp-I--Australia-Australia--BIPLFEAP_116892_d__Bacteria_p__Spirochaetota_c__Spirochaetia_o__Treponematales_f__Treponemataceae_B_1"
"708","272-52--MAD15-104--Microcerotermes--Microcerotermes-mad-sp-C--Madagascar-Madagascar--JEOFLHGI_00518_d__Bacteria_p__Spirochaetota_c__Spirochaetia_o__Treponematales_f__Treponemataceae_B_1"
"709","272-14--AUS71--Microcerotermes--Microcerotermes-sp-G--Australia-Australia--LAKMIEEK_74019_d__Bacteria_p__Spirochaetota_c__Spirochaetia_o__Treponematales_f__Treponemataceae_B_1"
"710","272-15--AUS82--Microcerotermes--Microcerotermes-sp-I--Australia-Australia--BIPLFEAP_68918_d__Bacteria_p__Spirochaetota_c__Spirochaetia_o__Treponematales_f__Treponemataceae_B_1"
"711","301-11--AUS114--Microcerotermes--Microcerotermes-sp-H--Australia-Australia--EOGHOPED_28708_d__Bacteria_p__Spirochaetota_c__Spirochaetia_o__Treponematales_f__Treponemataceae_B_1"
"712","301-17--AUS66--Microcerotermes--Microcerotermes-sp-E--Australia-Australia--MHPNFKFI_32995_d__Bacteria_p__Spirochaetota_c__Spirochaetia_o__Treponematales_f__Treponemataceae_B_1"
"713","272-84--RDCT119--Microcerotermes--Microcerotermes-parvus--Congo-Afro-tropical--HFABNABN_28726_d__Bacteria_p__Spirochaetota_c__Spirochaetia_o__Treponematales_f__Treponemataceae_B_g__Treponema_E_1"
"714","272-67--MAD15-85--Microcerotermes--Microcerotermes-mad-sp-A--Madagascar-Madagascar--FFCMJAEF_95365_d__Bacteria_p__Spirochaetota_c__Spirochaetia_o__Treponematales_f__Treponemataceae_B_1"
"715","301-58--MAD15-116--Microcerotermes--Microcerotermes-mad-sp-H--Madagascar-Madagascar--BKJILCFM_13369_d__Bacteria_p__Spirochaetota_c__Spirochaetia_o__Treponematales_f__Treponemataceae_B_g__Treponema_E_1"
"716","272-19--BDIT102--Microcerotermes--Microcerotermes-fuscotibialis--Burundi-Afro-tropical--CAECBDLP_10368_d__Bacteria_p__Spirochaetota_c__Spirochaetia_o__Treponematales_f__Treponemataceae_B_g__Treponema_E_1"
"717","272-77--RDCT033--Microcerotermes--Microcerotermes-fuscotibialis--Congo-Afro-tropical--POOGOANK_29760_d__Bacteria_p__Spirochaetota_c__Spirochaetia_o__Treponematales_f__Treponemataceae_B_1"
"718","272-43--G-13-58--Microcerotermes--Microcerotermes--French-Guiana-Neo-tropical--NCHCEIMM_42497_d__Bacteria_p__Spirochaetota_c__Spirochaetia_o__Treponematales_f__Treponemataceae_B_1"
"719","272-84--RDCT119--Microcerotermes--Microcerotermes-parvus--Congo-Afro-tropical--HFABNABN_07191_d__Bacteria_p__Spirochaetota_c__Spirochaetia_o__Treponematales_f__Treponemataceae_B_g__Treponema_E_1"
"720","272-77--RDCT033--Microcerotermes--Microcerotermes-fuscotibialis--Congo-Afro-tropical--POOGOANK_04891_d__Bacteria_p__Spirochaetota_c__Spirochaetia_o__Treponematales_f__Treponemataceae_B_1"
"721","272-77--RDCT033--Microcerotermes--Microcerotermes-fuscotibialis--Congo-Afro-tropical--POOGOANK_30669_d__Bacteria_p__Spirochaetota_c__Spirochaetia_o__Treponematales_f__Treponemataceae_B_1"
"722","272-77--RDCT033--Microcerotermes--Microcerotermes-fuscotibialis--Congo-Afro-tropical--POOGOANK_30959_d__Bacteria_p__Spirochaetota_c__Spirochaetia_o__Treponematales_f__Treponemataceae_B_1"
"723","272-77--RDCT033--Microcerotermes--Microcerotermes-fuscotibialis--Congo-Afro-tropical--POOGOANK_46243_d__Bacteria_p__Spirochaetota_c__Spirochaetia_o__Treponematales_f__Treponemataceae_B_1"
"724","272-34--FG-ND02-39--Microcerotermes--Microcerotermes-sp-SC--French-Guiana-Neo-tropical--JCIBENDC_08286_d__Bacteria_p__Spirochaetota_c__Spirochaetia_o__Treponematales_f__Treponemataceae_B_g__Treponema_E_1"
"725","272-34--FG-ND02-39--Microcerotermes--Microcerotermes-sp-SC--French-Guiana-Neo-tropical--JCIBENDC_79147_d__Bacteria_p__Spirochaetota_c__Spirochaetia_o__Treponematales_f__Treponemataceae_B_1"
"726","272-43--G-13-58--Microcerotermes--Microcerotermes--French-Guiana-Neo-tropical--NCHCEIMM_48955_d__Bacteria_p__Spirochaetota_c__Spirochaetia_o__Treponematales_f__Treponemataceae_B_g__Treponema_E_1"
"727","272-45--G689--Microcerotermes--Microcerotermes-sp--French-Guiana-Neo-tropical--GMFGPJLH_06586_d__Bacteria_p__Spirochaetota_c__Spirochaetia_o__Treponematales_f__Treponemataceae_B_g__Treponema_E_1"
"728","301-59--MAD15-16--Microcerotermes--Microcerotermes-mad-sp-C--Madagascar-Madagascar--KIFAEBMO_26281_d__Bacteria_p__Spirochaetota_c__Spirochaetia_o__Treponematales_f__Treponemataceae_B_g__Treponema_E_1"
"729","272-58--MAD15-151--Microcerotermes--Microcerotermes-mad-sp-M--Madagascar-Madagascar--CNFKDAJD_32030_d__Bacteria_p__Spirochaetota_c__Spirochaetia_o__Treponematales_f__Treponemataceae_B_1"
"730","272-55--MAD15-136--Microcerotermes--Microcerotermes-mad-sp-G--Madagascar-Madagascar--IGAGHHBI_74544_d__Bacteria_p__Spirochaetota_c__Spirochaetia_o__Treponematales_f__Treponemataceae_B_1"
"731","272-58--MAD15-151--Microcerotermes--Microcerotermes-mad-sp-M--Madagascar-Madagascar--CNFKDAJD_03965_d__Bacteria_p__Spirochaetota_c__Spirochaetia_o__Treponematales_f__Treponemataceae_B_1"
"732","272-58--MAD15-151--Microcerotermes--Microcerotermes-mad-sp-M--Madagascar-Madagascar--CNFKDAJD_06201_d__Bacteria_p__Spirochaetota_c__Spirochaetia_o__Treponematales_f__Treponemataceae_B_1"
"733","272-59--MAD15-169--Microcerotermes--Microcerotermes-mad-sp-D--Madagascar-Madagascar--BCNOAGMG_46038_d__Bacteria_p__Spirochaetota_c__Spirochaetia_o__Treponematales_f__Treponemataceae_B_1"
"734","230-14--RDCT055--Microcerotermes--Microcerotermes-parvus--Congo-Afro-tropical--AELJIOAN_45211_d__Bacteria_p__Spirochaetota_c__Spirochaetia_o__Treponematales_f__Treponemataceae_B_1"
"735","272-79--RDCT053--Microcerotermes--Microcerotermes-parvus--Congo-Afro-tropical--HDFGGIOE_12592_d__Bacteria_p__Spirochaetota_c__Spirochaetia_o__Treponematales_f__Treponemataceae_B_1"
"736","272-84--RDCT119--Microcerotermes--Microcerotermes-parvus--Congo-Afro-tropical--HFABNABN_26834_d__Bacteria_p__Spirochaetota_c__Spirochaetia_o__Treponematales_f__Treponemataceae_B_1"
"737","301-29--BDIT45--Microcerotermes--Microcerotermes-parvus--Burundi-Afro-tropical--GBGOPIBM_02955_d__Bacteria_p__Spirochaetota_c__Spirochaetia_o__Treponematales_f__Treponemataceae_B_1"
"738","272-02--28--Microcerotermes--Microcerotermes-papuanus--New-Guinea-Oceania--JCCLNIIL_33936_d__Bacteria_p__Spirochaetota_c__Spirochaetia_o__Treponematales_f__Treponemataceae_B_1"
"739","272-89--T2-IC--Microcerotermes--Microcerotermes-havilandi--Singapore-Oriental--OCBKEODD_13554_d__Bacteria_p__Spirochaetota_c__Spirochaetia_o__Treponematales_f__Treponemataceae_B_1"
"740","272-05--71--Microcerotermes--Microcerotermes-biroi--New-Guinea-Oceania--BHIIBGBD_42294_d__Bacteria_p__Spirochaetota_c__Spirochaetia_o__Treponematales_f__Treponemataceae_B_1"
"741","272-15--AUS82--Microcerotermes--Microcerotermes-sp-I--Australia-Australia--BIPLFEAP_13807_d__Bacteria_p__Spirochaetota_c__Spirochaetia_o__Treponematales_f__Treponemataceae_B_1"
"742","301-58--MAD15-116--Microcerotermes--Microcerotermes-mad-sp-H--Madagascar-Madagascar--BKJILCFM_03721_d__Bacteria_p__Spirochaetota_c__Spirochaetia_o__Treponematales_f__Treponemataceae_B_1"
"743","272-77--RDCT033--Microcerotermes--Microcerotermes-fuscotibialis--Congo-Afro-tropical--POOGOANK_07054_d__Bacteria_p__Spirochaetota_c__Spirochaetia_o__Treponematales_f__Treponemataceae_B_1"
"744","272-58--MAD15-151--Microcerotermes--Microcerotermes-mad-sp-M--Madagascar-Madagascar--CNFKDAJD_22157_d__Bacteria_p__Spirochaetota_c__Spirochaetia_o__Treponematales_f__Treponemataceae_B_1"
"745","272-55--MAD15-136--Microcerotermes--Microcerotermes-mad-sp-G--Madagascar-Madagascar--IGAGHHBI_15695_d__Bacteria_p__Spirochaetota_c__Spirochaetia_o__Treponematales_f__Treponemataceae_B_1"
"746","272-54--MAD15-130--Microcerotermes--Microcerotermes-mad-sp-B--Madagascar-Madagascar--DFAMJLME_33602_d__Bacteria_p__Spirochaetota_c__Spirochaetia_o__Treponematales_f__Treponemataceae_B_1"
"747","272-53--MAD15-113--Microcerotermes--Microcerotermes-mad-sp-G--Madagascar-Madagascar--IKDIKFDP_10345_d__Bacteria_p__Spirochaetota_c__Spirochaetia_o__Treponematales_f__Treponemataceae_B_1"
"748","272-56--MAD15-139--Microcerotermes--Microcerotermes-mad-sp-L--Madagascar-Madagascar--DPIGOLHB_02333_d__Bacteria_p__Spirochaetota_c__Spirochaetia_o__Treponematales_f__Treponemataceae_B_1"
"749","272-68--MAD15-86--Microcerotermes--Microcerotermes-mad-sp-K--Madagascar-Madagascar--PDAPIIEL_06838_d__Bacteria_p__Spirochaetota_c__Spirochaetia_o__Treponematales_f__Treponemataceae_B_1"
"750","301-60--MAD15-66--Microcerotermes--Microcerotermes-mad-sp-E--Madagascar-Madagascar--MJONPIMI_14322_d__Bacteria_p__Spirochaetota_c__Spirochaetia_o__Treponematales_f__Treponemataceae_B_1"
"751","272-66--MAD15-76--Microcerotermes--Microcerotermes-mad-sp-G--Madagascar-Madagascar--BKGPDEIL_06097_d__Bacteria_p__Spirochaetota_c__Spirochaetia_o__Treponematales_f__Treponemataceae_B_1"
"752","301-61--MAD15-71--Microcerotermes--Microcerotermes-mad-sp-B--Madagascar-Madagascar--HLHCAAJD_04753_d__Bacteria_p__Spirochaetota_c__Spirochaetia_o__Treponematales_f__Treponemataceae_B_1"
"753","272-60--MAD15-21--Microcerotermes--Microcerotermes-mad-sp-D--Madagascar-Madagascar--ANILOFPC_07993_d__Bacteria_p__Spirochaetota_c__Spirochaetia_o__Treponematales_f__Treponemataceae_B_1"
"754","272-58--MAD15-151--Microcerotermes--Microcerotermes-mad-sp-M--Madagascar-Madagascar--CNFKDAJD_19631_d__Bacteria_p__Spirochaetota_c__Spirochaetia_o__Treponematales_f__Treponemataceae_B_1"
"755","272-59--MAD15-169--Microcerotermes--Microcerotermes-mad-sp-D--Madagascar-Madagascar--BCNOAGMG_10214_d__Bacteria_p__Spirochaetota_c__Spirochaetia_o__Treponematales_f__Treponemataceae_B_1"
"756","272-57--MAD15-148--Microcerotermes--Microcerotermes-mad-sp-F--Madagascar-Madagascar--HPMPMEPI_05250_d__Bacteria_p__Spirochaetota_c__Spirochaetia_o__Treponematales_f__Treponemataceae_B_1"
"757","272-62--MAD15-59--Microcerotermes--Microcerotermes-mad-sp-F--Madagascar-Madagascar--PGAOBEJB_09879_d__Bacteria_p__Spirochaetota_c__Spirochaetia_o__Treponematales_f__Treponemataceae_B_1"
"758","272-34--FG-ND02-39--Microcerotermes--Microcerotermes-sp-SC--French-Guiana-Neo-tropical--JCIBENDC_07633_d__Bacteria_p__Spirochaetota_c__Spirochaetia_o__Treponematales_f__Treponemataceae_B_g__Treponema_E_1"
"759","272-33--FG-ND02-38--Microcerotermes--Microcerotermes-sp-SA--French-Guiana-Neo-tropical--PJPNMPFH_14657_d__Bacteria_p__Spirochaetota_c__Spirochaetia_o__Treponematales_f__Treponemataceae_B_1"
"760","272-43--G-13-58--Microcerotermes--Microcerotermes--French-Guiana-Neo-tropical--NCHCEIMM_21586_d__Bacteria_p__Spirochaetota_c__Spirochaetia_o__Treponematales_f__Treponemataceae_B_1"
"761","272-19--BDIT102--Microcerotermes--Microcerotermes-fuscotibialis--Burundi-Afro-tropical--CAECBDLP_07562_d__Bacteria_p__Spirochaetota_c__Spirochaetia_o__Treponematales_f__Treponemataceae_B_1"
"762","229-07--Msp-RNA-1--Microcerotermes--Microcerotermes--South-East-Asia-Oriental--DPEHDFIK_36513_d__Bacteria_p__Spirochaetota_c__Spirochaetia_o__Treponematales_f__Treponemataceae_B_1"
"763","272-45--G689--Microcerotermes--Microcerotermes-sp--French-Guiana-Neo-tropical--GMFGPJLH_50719_d__Bacteria_p__Spirochaetota_c__Spirochaetia_o__Treponematales_f__Treponemataceae_B_1"
"764","272-34--FG-ND02-39--Microcerotermes--Microcerotermes-sp-SC--French-Guiana-Neo-tropical--JCIBENDC_97764_d__Bacteria_p__Spirochaetota_c__Spirochaetia_o__Treponematales_f__Treponemataceae_B_1"
"765","272-43--G-13-58--Microcerotermes--Microcerotermes--French-Guiana-Neo-tropical--NCHCEIMM_06803_d__Bacteria_p__Spirochaetota_c__Spirochaetia_o__Treponematales_f__Treponemataceae_B_1"
"766","301-59--MAD15-16--Microcerotermes--Microcerotermes-mad-sp-C--Madagascar-Madagascar--KIFAEBMO_05549_d__Bacteria_p__Spirochaetota_c__Spirochaetia_o__Treponematales_f__Treponemataceae_B_1"
"767","272-101--THAI055--Microcerotermes--Microcerotermes-sp-B--Thailand-Oriental--CKPDMAEN_05468_d__Bacteria_p__Spirochaetota_c__Spirochaetia_o__Treponematales_f__Treponemataceae_B_1"
"768","272-01--10-2--Microcerotermes--Microcerotermes-biroi--New-Guinea--DOGAELGM_06113_d__Bacteria_p__Spirochaetota_c__Spirochaetia_o__Treponematales_f__Treponemataceae_B_1"
"769","272-89--T2-IC--Microcerotermes--Microcerotermes-havilandi--Singapore-Oriental--OCBKEODD_27193_d__Bacteria_p__Spirochaetota_c__Spirochaetia_o__Treponematales_f__Treponemataceae_B_1"
"770","272-70--MAL37--Microcerotermes--Microcerotermes-crassus--Malaysia-Oriental--ILALFPAC_30396_d__Bacteria_p__Spirochaetota_c__Spirochaetia_o__Treponematales_f__Treponemataceae_B_1"
"771","272-75--PHI1--Microcerotermes--Microcerotermes--Philippines-Oriental--EFHMCDAH_49156_d__Bacteria_p__Spirochaetota_c__Spirochaetia_o__Treponematales_f__Treponemataceae_B_1"
"772","272-54--MAD15-130--Microcerotermes--Microcerotermes-mad-sp-B--Madagascar-Madagascar--DFAMJLME_24276_d__Bacteria_p__Spirochaetota_c__Spirochaetia_o__Treponematales_f__Treponemataceae_B_1"
"773","272-53--MAD15-113--Microcerotermes--Microcerotermes-mad-sp-G--Madagascar-Madagascar--IKDIKFDP_12312_d__Bacteria_p__Spirochaetota_c__Spirochaetia_o__Treponematales_f__Treponemataceae_B_1"
"774","301-60--MAD15-66--Microcerotermes--Microcerotermes-mad-sp-E--Madagascar-Madagascar--MJONPIMI_11258_d__Bacteria_p__Spirochaetota_c__Spirochaetia_o__Treponematales_f__Treponemataceae_B_1"
"775","301-15--AUS4--Termitinae--Amitermes-meridionalis--Australia-Australia--AABCFOKG_239871_d__Bacteria_p__Spirochaetota_c__Spirochaetia_o__Treponematales_1"
"776","301-18--AUS62--Nasutitermitinae--Nasutitermes-graveolus--Australia-Australia--KOGODHHJ_15135_d__Bacteria_p__Spirochaetota_c__Spirochaetia_o__Treponematales_f__Treponemataceae_B_1"
"777","301-44--G13-48--Nasutitermitinae--Constrictotermes-cavifrons--French-Guiana-Neo-tropical--COLCIDHM_06339_d__Bacteria_p__Spirochaetota_c__Spirochaetia_o__Treponematales_f__Treponemataceae_B_1"
"778","230-11--60--Nasutitermitinae--Nasutitermes-gracilirostris--New-Guinea-Oceania--MHIDOOBA_04993_d__Bacteria_p__Spirochaetota_c__Spirochaetia_o__Treponematales_f__Treponemataceae_B_1"
"779","272-82--RDCT106--Nasutitermitinae--Nasutitermes-lujae--Congo-Afro-tropical--LMFHLHNK_25274_d__Bacteria_p__Spirochaetota_c__Spirochaetia_o__Treponematales_f__Treponemataceae_B_1"
"780","230-13--THAI43--Nasutitermitinae--Nasutitermes-sp-3--Thailand-Oriental--GAHIMCHH_13652_d__Bacteria_p__Spirochaetota_c__Spirochaetia_o__Treponematales_f__Treponemataceae_B_1"
"781","301-80--THAI100--Nasutitermitinae--Bulbitermes-nr-laticephalus--Thailand-Oriental--PLCNNCOE_48203_d__Bacteria_p__Spirochaetota_c__Spirochaetia_o__Treponematales_f__Treponemataceae_B_1"
"782","301-80--THAI100--Nasutitermitinae--Bulbitermes-nr-laticephalus--Thailand-Oriental--PLCNNCOE_10575_d__Bacteria_p__Spirochaetota_c__Spirochaetia_o__Treponematales_f__Treponemataceae_B_1"
"783","301-80--THAI100--Nasutitermitinae--Bulbitermes-nr-laticephalus--Thailand-Oriental--PLCNNCOE_28464_d__Bacteria_p__Spirochaetota_c__Spirochaetia_o__Treponematales_f__Treponemataceae_B_1"
"784","301-14--AUS49--Nasutitermitinae--Nasutitermes-sp-G--Australia-Australia--KHIKJGJF_01700_d__Bacteria_p__Spirochaetota_c__Spirochaetia_o__Treponematales_f__Treponemataceae_B_1"
"785","301-64--NSW6--Nasutitermitinae--Occasitermes--Australia-Australia--MDFLAMOO_24149_d__Bacteria_p__Spirochaetota_c__Spirochaetia_o__Treponematales_f__Treponemataceae_B_1"
"786","301-14--AUS49--Nasutitermitinae--Nasutitermes-sp-G--Australia-Australia--KHIKJGJF_03609_d__Bacteria_p__Spirochaetota_c__Spirochaetia_o__Treponematales_f__Treponemataceae_B_1"
"787","301-64--NSW6--Nasutitermitinae--Occasitermes--Australia-Australia--MDFLAMOO_09357_d__Bacteria_p__Spirochaetota_c__Spirochaetia_o__Treponematales_f__Treponemataceae_B_1"
"788","301-34--BRA3--Syntermitinae--Cornitermes-cumulans--Brazil-Neo-tropical--GEIPMBLL_139149_d__Bacteria_p__Spirochaetota_c__Spirochaetia_o__Treponematales_f__Treponemataceae_B_1"
"789","272-100--THAI54--Microcerotermes--Microcerotermes-crassus--Thailand-Oriental--COJKPCNP_18794_d__Bacteria_p__Spirochaetota_c__Spirochaetia_o__Treponematales_f__Treponemataceae_B_g__Treponema_E_1"
"790","272-75--PHI1--Microcerotermes--Microcerotermes--Philippines-Oriental--EFHMCDAH_57410_d__Bacteria_p__Spirochaetota_c__Spirochaetia_o__Treponematales_f__Treponemataceae_B_1"
"791","230-03--PHI8--Microcerotermes--Microcerotermes--Philippines-Oriental--FFKHHJAJ_23491_d__Bacteria_p__Spirochaetota_c__Spirochaetia_o__Treponematales_f__Treponemataceae_B_1"
"792","272-69--MAL22--Microcerotermes--Microcerotermes-crassus--Malaysia-Oriental--DANCONHC_82134_d__Bacteria_p__Spirochaetota_c__Spirochaetia_o__Treponematales_f__Treponemataceae_B_1"
"793","272-70--MAL37--Microcerotermes--Microcerotermes-crassus--Malaysia-Oriental--ILALFPAC_41144_d__Bacteria_p__Spirochaetota_c__Spirochaetia_o__Treponematales_f__Treponemataceae_B_1"
"794","272-57--MAD15-148--Microcerotermes--Microcerotermes-mad-sp-F--Madagascar-Madagascar--HPMPMEPI_15476_d__Bacteria_p__Spirochaetota_c__Spirochaetia_o__Treponematales_f__Treponemataceae_B_1"
"795","272-100--THAI54--Microcerotermes--Microcerotermes-crassus--Thailand-Oriental--COJKPCNP_14244_d__Bacteria_p__Spirochaetota_c__Spirochaetia_o__Treponematales_f__Treponemataceae_B_1"
"796","272-104--TP114A--Microcerotermes--Microcerotermes-crassus--Malaysia-Oriental--NHIGIODF_89144_d__Bacteria_p__Spirochaetota_c__Spirochaetia_o__Treponematales_f__Treponemataceae_B_1"
"797","230-14--RDCT055--Microcerotermes--Microcerotermes-parvus--Congo-Afro-tropical--AELJIOAN_44229_d__Bacteria_p__Spirochaetota_c__Spirochaetia_o__Treponematales_f__Treponemataceae_B_1"
"798","272-84--RDCT119--Microcerotermes--Microcerotermes-parvus--Congo-Afro-tropical--HFABNABN_35113_d__Bacteria_p__Spirochaetota_c__Spirochaetia_o__Treponematales_f__Treponemataceae_B_1"
"799","272-85--RDCT134--Microcerotermes--Microcerotermes-parvus--Congo-Afro-tropical--IJFECECG_04454_d__Bacteria_p__Spirochaetota_c__Spirochaetia_o__Treponematales_f__Treponemataceae_B_1"
"800","301-58--MAD15-116--Microcerotermes--Microcerotermes-mad-sp-H--Madagascar-Madagascar--BKJILCFM_17693_d__Bacteria_p__Spirochaetota_c__Spirochaetia_o__Treponematales_f__Treponemataceae_B_1"
"801","272-57--MAD15-148--Microcerotermes--Microcerotermes-mad-sp-F--Madagascar-Madagascar--HPMPMEPI_12238_d__Bacteria_p__Spirochaetota_c__Spirochaetia_o__Treponematales_f__Treponemataceae_B_1"
"802","272-62--MAD15-59--Microcerotermes--Microcerotermes-mad-sp-F--Madagascar-Madagascar--PGAOBEJB_40638_d__Bacteria_p__Spirochaetota_c__Spirochaetia_o__Treponematales_f__Treponemataceae_B_1"
"803","272-57--MAD15-148--Microcerotermes--Microcerotermes-mad-sp-F--Madagascar-Madagascar--HPMPMEPI_08769_d__Bacteria_p__Spirochaetota_c__Spirochaetia_o__Treponematales_f__Treponemataceae_B_1"
"804","272-84--RDCT119--Microcerotermes--Microcerotermes-parvus--Congo-Afro-tropical--HFABNABN_57779_d__Bacteria_p__Spirochaetota_c__Spirochaetia_o__Treponematales_f__Treponemataceae_B_1"
"805","272-70--MAL37--Microcerotermes--Microcerotermes-crassus--Malaysia-Oriental--ILALFPAC_28412_d__Bacteria_p__Spirochaetota_c__Spirochaetia_o__Treponematales_f__Treponemataceae_B_g__Treponema_E_1"
"806","272-67--MAD15-85--Microcerotermes--Microcerotermes-mad-sp-A--Madagascar-Madagascar--FFCMJAEF_22476_d__Bacteria_p__Spirochaetota_c__Spirochaetia_o__Treponematales_f__Treponemataceae_B_g__Treponema_E_1"
"807","301-58--MAD15-116--Microcerotermes--Microcerotermes-mad-sp-H--Madagascar-Madagascar--BKJILCFM_30831_d__Bacteria_p__Spirochaetota_c__Spirochaetia_o__Treponematales_f__Treponemataceae_B_1"
"808","272-05--71--Microcerotermes--Microcerotermes-biroi--New-Guinea-Oceania--BHIIBGBD_01102_d__Bacteria_p__Spirochaetota_c__Spirochaetia_o__Treponematales_f__Treponemataceae_B_1"
"809","272-101--THAI055--Microcerotermes--Microcerotermes-sp-B--Thailand-Oriental--CKPDMAEN_14281_d__Bacteria_p__Spirochaetota_c__Spirochaetia_o__Treponematales_f__Treponemataceae_B_g__Treponema_E_1"
"810","272-95--TBRU912E--Microcerotermes--Microcerotermes-serrula--Brunei-Oriental--MIGHMNII_18604_d__Bacteria_p__Spirochaetota_c__Spirochaetia_o__Treponematales_f__Treponemataceae_B_g__Treponema_E_1"
"811","230-03--PHI8--Microcerotermes--Microcerotermes--Philippines-Oriental--FFKHHJAJ_66933_d__Bacteria_p__Spirochaetota_c__Spirochaetia_o__Treponematales_f__Treponemataceae_B_g__Treponema_E_1"
"812","272-104--TP114A--Microcerotermes--Microcerotermes-crassus--Malaysia-Oriental--NHIGIODF_07974_d__Bacteria_p__Spirochaetota_c__Spirochaetia_o__Treponematales_f__Treponemataceae_B_1"
"813","272-04--48--Microcerotermes--Microcerotermes-papuanus--New-Guinea-Oceania--LLJHKGFM_80265_d__Bacteria_p__Spirochaetota_c__Spirochaetia_o__Treponematales_f__Treponemataceae_B_g__Treponema_E_1"
"814","272-14--AUS71--Microcerotermes--Microcerotermes-sp-G--Australia-Australia--LAKMIEEK_65904_d__Bacteria_p__Spirochaetota_c__Spirochaetia_o__Treponematales_f__Treponemataceae_B_g__Treponema_E_1"
"815","272-75--PHI1--Microcerotermes--Microcerotermes--Philippines-Oriental--EFHMCDAH_04049_d__Bacteria_p__Spirochaetota_c__Spirochaetia_o__Treponematales_f__Treponemataceae_B_1"
"816","230-17--TBRU318a--Microcerotermes--Microcerotermes-nr-havilandi--Brunei-Oriental--MIEDJDJK_02292_d__Bacteria_p__Spirochaetota_c__Spirochaetia_o__Treponematales_f__Treponemataceae_B_g__Treponema_E_1"
"817","272-89--T2-IC--Microcerotermes--Microcerotermes-havilandi--Singapore-Oriental--OCBKEODD_25261_d__Bacteria_p__Spirochaetota_c__Spirochaetia_o__Treponematales_f__Treponemataceae_B_g__Treponema_E_1"
"818","272-13--AUS6--Microcerotermes--Microcerotermes-nervosus--Australia-Australia--FLPAOEAJ_37844_d__Bacteria_p__Spirochaetota_c__Spirochaetia_o__Treponematales_f__Treponemataceae_B_1"
"819","272-01--10-2--Microcerotermes--Microcerotermes-biroi--New-Guinea--DOGAELGM_41086_d__Bacteria_p__Spirochaetota_c__Spirochaetia_o__Treponematales_f__Treponemataceae_B_g__Treponema_E_1"
"820","301-77--TBRU414--Microcerotermes--Microcerotermes-nr-havilandi--Brunei-Oriental--LEAPNMHI_46826_d__Bacteria_p__Spirochaetota_c__Spirochaetia_o__Treponematales_f__Treponemataceae_B_g__Treponema_E_1"
"821","272-02--28--Microcerotermes--Microcerotermes-papuanus--New-Guinea-Oceania--JCCLNIIL_48439_d__Bacteria_p__Spirochaetota_c__Spirochaetia_o__Treponematales_f__Treponemataceae_B_1"
"822","272-04--48--Microcerotermes--Microcerotermes-papuanus--New-Guinea-Oceania--LLJHKGFM_47249_d__Bacteria_p__Spirochaetota_c__Spirochaetia_o__Treponematales_f__Treponemataceae_B_1"
"823","272-12--AUS66--Microcerotermes--Microcerotermes-sp-E--Australia-Australia--GDNKKEHJ_39179_d__Bacteria_p__Spirochaetota_c__Spirochaetia_o__Treponematales_f__Treponemataceae_B_1"
"824","272-09--AUS13--Microcerotermes--Microcerotermes-sp--Australia-Australia--BFPCAFDI_08064_d__Bacteria_p__Spirochaetota_c__Spirochaetia_o__Treponematales_f__Treponemataceae_B_1"
"825","272-10--AUS32--Microcerotermes--Microcerotermes-sp--Australia-Australia--PAINICOH_07995_d__Bacteria_p__Spirochaetota_c__Spirochaetia_o__Treponematales_f__Treponemataceae_B_1"
"826","272-13--AUS6--Microcerotermes--Microcerotermes-nervosus--Australia-Australia--FLPAOEAJ_20633_d__Bacteria_p__Spirochaetota_c__Spirochaetia_o__Treponematales_f__Treponemataceae_B_1"
"827","272-13--AUS6--Microcerotermes--Microcerotermes-nervosus--Australia-Australia--FLPAOEAJ_74866_d__Bacteria_p__Spirochaetota_c__Spirochaetia_o__Treponematales_f__Treponemataceae_B_1"
"828","272-15--AUS82--Microcerotermes--Microcerotermes-sp-I--Australia-Australia--BIPLFEAP_47173_d__Bacteria_p__Spirochaetota_c__Spirochaetia_o__Treponematales_f__Treponemataceae_B_1"
"829","272-14--AUS71--Microcerotermes--Microcerotermes-sp-G--Australia-Australia--LAKMIEEK_13220_d__Bacteria_p__Spirochaetota_c__Spirochaetia_o__Treponematales_f__Treponemataceae_B_1"
"830","272-14--AUS71--Microcerotermes--Microcerotermes-sp-G--Australia-Australia--LAKMIEEK_17417_d__Bacteria_p__Spirochaetota_c__Spirochaetia_o__Treponematales_f__Treponemataceae_B_g__Treponema_E_1"
"831","272-12--AUS66--Microcerotermes--Microcerotermes-sp-E--Australia-Australia--GDNKKEHJ_03373_d__Bacteria_p__Spirochaetota_c__Spirochaetia_o__Treponematales_f__Treponemataceae_B_g__Treponema_E_1"
"832","301-17--AUS66--Microcerotermes--Microcerotermes-sp-E--Australia-Australia--MHPNFKFI_01140_d__Bacteria_p__Spirochaetota_c__Spirochaetia_o__Treponematales_f__Treponemataceae_B_g__Treponema_E_1"
"833","272-12--AUS66--Microcerotermes--Microcerotermes-sp-E--Australia-Australia--GDNKKEHJ_15445_d__Bacteria_p__Spirochaetota_c__Spirochaetia_o__Treponematales_f__Treponemataceae_B_1"
"834","301-17--AUS66--Microcerotermes--Microcerotermes-sp-E--Australia-Australia--MHPNFKFI_00347_d__Bacteria_p__Spirochaetota_c__Spirochaetia_o__Treponematales_f__Treponemataceae_B_1"
"835","301-11--AUS114--Microcerotermes--Microcerotermes-sp-H--Australia-Australia--EOGHOPED_29124_d__Bacteria_p__Spirochaetota_c__Spirochaetia_o__Treponematales_f__Treponemataceae_B_1"
"836","272-14--AUS71--Microcerotermes--Microcerotermes-sp-G--Australia-Australia--LAKMIEEK_41788_d__Bacteria_p__Spirochaetota_c__Spirochaetia_o__Treponematales_f__Treponemataceae_B_1"
"837","301-11--AUS114--Microcerotermes--Microcerotermes-sp-H--Australia-Australia--EOGHOPED_17537_d__Bacteria_p__Spirochaetota_c__Spirochaetia_o__Treponematales_f__Treponemataceae_B_1"
"838","272-15--AUS82--Microcerotermes--Microcerotermes-sp-I--Australia-Australia--BIPLFEAP_10143_d__Bacteria_p__Spirochaetota_c__Spirochaetia_o__Treponematales_f__Treponemataceae_B_1"
"839","272-100--THAI54--Microcerotermes--Microcerotermes-crassus--Thailand-Oriental--COJKPCNP_30498_d__Bacteria_p__Spirochaetota_c__Spirochaetia_o__Treponematales_f__Treponemataceae_B_1"
"840","272-89--T2-IC--Microcerotermes--Microcerotermes-havilandi--Singapore-Oriental--OCBKEODD_11577_d__Bacteria_p__Spirochaetota_c__Spirochaetia_o__Treponematales_f__Treponemataceae_B_g__Treponema_E_1"
"841","272-95--TBRU912E--Microcerotermes--Microcerotermes-serrula--Brunei-Oriental--MIGHMNII_04601_d__Bacteria_p__Spirochaetota_c__Spirochaetia_o__Treponematales_f__Treponemataceae_B_1"
"842","272-95--TBRU912E--Microcerotermes--Microcerotermes-serrula--Brunei-Oriental--MIGHMNII_10169_d__Bacteria_p__Spirochaetota_c__Spirochaetia_o__Treponematales_f__Treponemataceae_B_1"
"843","272-45--G689--Microcerotermes--Microcerotermes-sp--French-Guiana-Neo-tropical--GMFGPJLH_16288_d__Bacteria_p__Spirochaetota_c__Spirochaetia_o__Treponematales_f__Treponemataceae_B_1"
"844","272-43--G-13-58--Microcerotermes--Microcerotermes--French-Guiana-Neo-tropical--NCHCEIMM_09999_d__Bacteria_p__Spirochaetota_c__Spirochaetia_o__Treponematales_f__Treponemataceae_B_1"
"845","272-19--BDIT102--Microcerotermes--Microcerotermes-fuscotibialis--Burundi-Afro-tropical--CAECBDLP_06107_d__Bacteria_p__Spirochaetota_c__Spirochaetia_o__Treponematales_f__Treponemataceae_B_1"
"846","272-77--RDCT033--Microcerotermes--Microcerotermes-fuscotibialis--Congo-Afro-tropical--POOGOANK_20415_d__Bacteria_p__Spirochaetota_c__Spirochaetia_o__Treponematales_f__Treponemataceae_B_1"
"847","272-66--MAD15-76--Microcerotermes--Microcerotermes-mad-sp-G--Madagascar-Madagascar--BKGPDEIL_04307_d__Bacteria_p__Spirochaetota_c__Spirochaetia_o__Treponematales_f__Treponemataceae_B_1"
"848","301-59--MAD15-16--Microcerotermes--Microcerotermes-mad-sp-C--Madagascar-Madagascar--KIFAEBMO_11858_d__Bacteria_p__Spirochaetota_c__Spirochaetia_o__Treponematales_f__Treponemataceae_B_1"
"849","301-61--MAD15-71--Microcerotermes--Microcerotermes-mad-sp-B--Madagascar-Madagascar--HLHCAAJD_18745_d__Bacteria_p__Spirochaetota_c__Spirochaetia_o__Treponematales_f__Treponemataceae_B_1"
"850","272-54--MAD15-130--Microcerotermes--Microcerotermes-mad-sp-B--Madagascar-Madagascar--DFAMJLME_15140_d__Bacteria_p__Spirochaetota_c__Spirochaetia_o__Treponematales_f__Treponemataceae_B_1"
"851","272-56--MAD15-139--Microcerotermes--Microcerotermes-mad-sp-L--Madagascar-Madagascar--DPIGOLHB_17268_d__Bacteria_p__Spirochaetota_c__Spirochaetia_o__Treponematales_f__Treponemataceae_B_1"
"852","272-54--MAD15-130--Microcerotermes--Microcerotermes-mad-sp-B--Madagascar-Madagascar--DFAMJLME_63348_d__Bacteria_p__Spirochaetota_c__Spirochaetia_o__Treponematales_f__Treponemataceae_B_1"
"853","272-56--MAD15-139--Microcerotermes--Microcerotermes-mad-sp-L--Madagascar-Madagascar--DPIGOLHB_12364_d__Bacteria_p__Spirochaetota_c__Spirochaetia_o__Treponematales_f__Treponemataceae_B_1"
"854","272-68--MAD15-86--Microcerotermes--Microcerotermes-mad-sp-K--Madagascar-Madagascar--PDAPIIEL_02648_d__Bacteria_p__Spirochaetota_c__Spirochaetia_o__Treponematales_f__Treponemataceae_B_1"
"855","301-60--MAD15-66--Microcerotermes--Microcerotermes-mad-sp-E--Madagascar-Madagascar--MJONPIMI_00545_d__Bacteria_p__Spirochaetota_c__Spirochaetia_o__Treponematales_f__Treponemataceae_B_1"
"856","272-67--MAD15-85--Microcerotermes--Microcerotermes-mad-sp-A--Madagascar-Madagascar--FFCMJAEF_20710_d__Bacteria_p__Spirochaetota_c__Spirochaetia_o__Treponematales_f__Treponemataceae_B_1"
"857","272-58--MAD15-151--Microcerotermes--Microcerotermes-mad-sp-M--Madagascar-Madagascar--CNFKDAJD_11419_d__Bacteria_p__Spirochaetota_c__Spirochaetia_o__Treponematales_f__Treponemataceae_B_1"
"858","272-59--MAD15-169--Microcerotermes--Microcerotermes-mad-sp-D--Madagascar-Madagascar--BCNOAGMG_19048_d__Bacteria_p__Spirochaetota_c__Spirochaetia_o__Treponematales_f__Treponemataceae_B_1"
"859","272-59--MAD15-169--Microcerotermes--Microcerotermes-mad-sp-D--Madagascar-Madagascar--BCNOAGMG_57858_d__Bacteria_p__Spirochaetota_c__Spirochaetia_o__Treponematales_f__Treponemataceae_B_1"
"860","272-60--MAD15-21--Microcerotermes--Microcerotermes-mad-sp-D--Madagascar-Madagascar--ANILOFPC_46955_d__Bacteria_p__Spirochaetota_c__Spirochaetia_o__Treponematales_f__Treponemataceae_B_1"
"861","272-63--MAD15-5--Microcerotermes--Microcerotermes-mad-sp-E--Madagascar-Madagascar--LHGCDBLG_13006_d__Bacteria_p__Spirochaetota_c__Spirochaetia_o__Treponematales_f__Treponemataceae_B_g__Treponema_E_1"
"862","272-63--MAD15-5--Microcerotermes--Microcerotermes-mad-sp-E--Madagascar-Madagascar--LHGCDBLG_54296_d__Bacteria_p__Spirochaetota_c__Spirochaetia_o__Treponematales_f__Treponemataceae_B_g__Treponema_E_1"
"863","272-84--RDCT119--Microcerotermes--Microcerotermes-parvus--Congo-Afro-tropical--HFABNABN_34825_d__Bacteria_p__Spirochaetota_c__Spirochaetia_o__Treponematales_f__Treponemataceae_B_1"
"864","301-58--MAD15-116--Microcerotermes--Microcerotermes-mad-sp-H--Madagascar-Madagascar--BKJILCFM_14802_d__Bacteria_p__Spirochaetota_c__Spirochaetia_o__Treponematales_f__Treponemataceae_B_1"
"865","272-85--RDCT134--Microcerotermes--Microcerotermes-parvus--Congo-Afro-tropical--IJFECECG_42422_d__Bacteria_p__Spirochaetota_c__Spirochaetia_o__Treponematales_f__Treponemataceae_B_1"
"866","272-62--MAD15-59--Microcerotermes--Microcerotermes-mad-sp-F--Madagascar-Madagascar--PGAOBEJB_10738_d__Bacteria_p__Spirochaetota_c__Spirochaetia_o__Treponematales_f__Treponemataceae_B_1"
"867","301-58--MAD15-116--Microcerotermes--Microcerotermes-mad-sp-H--Madagascar-Madagascar--BKJILCFM_94777_d__Bacteria_p__Spirochaetota_c__Spirochaetia_o__Treponematales_f__Treponemataceae_B_1"
"868","272-33--FG-ND02-38--Microcerotermes--Microcerotermes-sp-SA--French-Guiana-Neo-tropical--PJPNMPFH_28161_d__Bacteria_p__Spirochaetota_c__Spirochaetia_o__Treponematales_f__Treponemataceae_B_1"
"869","272-34--FG-ND02-39--Microcerotermes--Microcerotermes-sp-SC--French-Guiana-Neo-tropical--JCIBENDC_127556_d__Bacteria_p__Spirochaetota_c__Spirochaetia_o__Treponematales_f__Treponemataceae_B_1"
"870","272-19--BDIT102--Microcerotermes--Microcerotermes-fuscotibialis--Burundi-Afro-tropical--CAECBDLP_07943_d__Bacteria_p__Spirochaetota_c__Spirochaetia_o__Treponematales_f__Treponemataceae_B_1"
"871","272-55--MAD15-136--Microcerotermes--Microcerotermes-mad-sp-G--Madagascar-Madagascar--IGAGHHBI_64092_d__Bacteria_p__Spirochaetota_c__Spirochaetia_o__Treponematales_f__Treponemataceae_B_1"
"872","272-67--MAD15-85--Microcerotermes--Microcerotermes-mad-sp-A--Madagascar-Madagascar--FFCMJAEF_46768_d__Bacteria_p__Spirochaetota_c__Spirochaetia_o__Treponematales_f__Treponemataceae_B_1"
"873","301-74--RD1T21M1-e--Termitinae--Promirotermes-pygmaeus--Congo-Afro-tropical--MJLOMOGD_442317_d__Bacteria_p__Spirochaetota_c__Spirochaetia_o__Treponematales_f__Treponemataceae_B_1"
"874","301-15--AUS4--Termitinae--Amitermes-meridionalis--Australia-Australia--AABCFOKG_184529_d__Bacteria_p__Spirochaetota_c__Spirochaetia_o__Treponematales_f__Treponemataceae_B_1"
"875","230-21--TBRU814E--Foraminitermitinae--Labritermes-buttelreepeni--Brunei-Oriental--KMDILHOK_05048_d__Bacteria_p__Spirochaetota_c__Spirochaetia_o__Treponematales_f__Treponemataceae_B_1"
"876","301-64--NSW6--Nasutitermitinae--Occasitermes--Australia-Australia--MDFLAMOO_56366_d__Bacteria_p__Spirochaetota_c__Spirochaetia_o__Treponematales_f__Treponemataceae_B_1"
"877","301-53--G730--Termitinae--Dentispicotermes-brevicarinatus--French-Guiana-Neo-tropical--LPCCGLLO_72355_d__Bacteria_p__Spirochaetota_c__Spirochaetia_o__Treponematales_f__Treponemataceae_B_1"
"878","301-74--RD1T21M1-e--Termitinae--Promirotermes-pygmaeus--Congo-Afro-tropical--MJLOMOGD_09911_d__Bacteria_p__Spirochaetota_c__Spirochaetia_o__Treponematales_f__Treponemataceae_B_1"
"879","301-68--RDCT098--Apicotermitinae--Amalotermes-phaeocephalus--Congo-Afro-tropical--NMODEKJG_86697_d__Bacteria_p__Spirochaetota_c__Spirochaetia_o__Treponematales_f__Treponemataceae_B_1"
"880","301-89--THAI096--Termitinae--Termes-propinqus--Thailand-Oriental--IDNAGNDJ_48842_d__Bacteria_p__Spirochaetota_c__Spirochaetia_o__Treponematales_f__Treponemataceae_B_1"
"881","301-15--AUS4--Termitinae--Amitermes-meridionalis--Australia-Australia--AABCFOKG_44433_d__Bacteria_p__Spirochaetota_c__Spirochaetia_o__Treponematales_f__Treponemataceae_B_1"
"882","301-15--AUS4--Termitinae--Amitermes-meridionalis--Australia-Australia--AABCFOKG_281985_d__Bacteria_p__Spirochaetota_c__Spirochaetia_o__Treponematales_f__Treponemataceae_B_1"
"883","301-15--AUS4--Termitinae--Amitermes-meridionalis--Australia-Australia--AABCFOKG_60530_d__Bacteria_p__Spirochaetota_c__Spirochaetia_o__Treponematales_f__Treponemataceae_B_1"
"884","229-07--Msp-RNA-1--Microcerotermes--Microcerotermes--South-East-Asia-Oriental--DPEHDFIK_05837_d__Bacteria_p__Spirochaetota_c__Spirochaetia_o__Treponematales_f__Treponemataceae_B_1"
"885","301-29--BDIT45--Microcerotermes--Microcerotermes-parvus--Burundi-Afro-tropical--GBGOPIBM_34850_d__Bacteria_p__Spirochaetota_c__Spirochaetia_o__Treponematales_f__Treponemataceae_B_1"
"886","272-59--MAD15-169--Microcerotermes--Microcerotermes-mad-sp-D--Madagascar-Madagascar--BCNOAGMG_21316_d__Bacteria_p__Spirochaetota_c__Spirochaetia_o__Treponematales_f__Treponemataceae_B_1"
"887","301-29--BDIT45--Microcerotermes--Microcerotermes-parvus--Burundi-Afro-tropical--GBGOPIBM_20535_d__Bacteria_p__Spirochaetota_c__Spirochaetia_o__Treponematales_f__Treponemataceae_B_1"
"888","272-09--AUS13--Microcerotermes--Microcerotermes-sp--Australia-Australia--BFPCAFDI_34508_d__Bacteria_p__Spirochaetota_c__Spirochaetia_o__Treponematales_f__Treponemataceae_B_1"
"889","272-104--TP114A--Microcerotermes--Microcerotermes-crassus--Malaysia-Oriental--NHIGIODF_18848_d__Bacteria_p__Spirochaetota_c__Spirochaetia_o__Treponematales_f__Treponemataceae_B_1"
"890","272-75--PHI1--Microcerotermes--Microcerotermes--Philippines-Oriental--EFHMCDAH_40740_d__Bacteria_p__Spirochaetota_c__Spirochaetia_o__Treponematales_f__Treponemataceae_B_1"
"891","272-04--48--Microcerotermes--Microcerotermes-papuanus--New-Guinea-Oceania--LLJHKGFM_38986_d__Bacteria_p__Spirochaetota_c__Spirochaetia_o__Treponematales_f__Treponemataceae_B_1"
"892","230-12--81--Microcerotermes--Microcerotermes-papuanus--New-Guinea-Oceania--GCKEGHAL_30984_d__Bacteria_p__Spirochaetota_c__Spirochaetia_o__Treponematales_f__Treponemataceae_B_1"
"893","301-08--81-2--Microcerotermes--Microcerotermes-papuanus--New-Guinea-Oceania--LIMPOKBC_55579_d__Bacteria_p__Spirochaetota_c__Spirochaetia_o__Treponematales_f__Treponemataceae_B_1"
"894","272-100--THAI54--Microcerotermes--Microcerotermes-crassus--Thailand-Oriental--COJKPCNP_80302_d__Bacteria_p__Spirochaetota_c__Spirochaetia_o__Treponematales_f__Treponemataceae_B_1"
"895","272-104--TP114A--Microcerotermes--Microcerotermes-crassus--Malaysia-Oriental--NHIGIODF_33009_d__Bacteria_p__Spirochaetota_c__Spirochaetia_o__Treponematales_f__Treponemataceae_B_1"
"896","272-02--28--Microcerotermes--Microcerotermes-papuanus--New-Guinea-Oceania--JCCLNIIL_30296_d__Bacteria_p__Spirochaetota_c__Spirochaetia_o__Treponematales_f__Treponemataceae_B_1"
"897","272-95--TBRU912E--Microcerotermes--Microcerotermes-serrula--Brunei-Oriental--MIGHMNII_139439_d__Bacteria_p__Spirochaetota_c__Spirochaetia_o__Treponematales_f__Treponemataceae_B_1"
"898","272-104--TP114A--Microcerotermes--Microcerotermes-crassus--Malaysia-Oriental--NHIGIODF_20085_d__Bacteria_p__Spirochaetota_c__Spirochaetia_o__Treponematales_f__Treponemataceae_B_1"
"899","272-64--MAD15-62--Microcerotermes--Microcerotermes-mad-sp-F--Madagascar-Madagascar--PHHMBOPJ_15499_d__Bacteria_p__Spirochaetota_c__Spirochaetia_o__Treponematales_f__Treponemataceae_B_1"
"900","272-84--RDCT119--Microcerotermes--Microcerotermes-parvus--Congo-Afro-tropical--HFABNABN_36201_d__Bacteria_p__Spirochaetota_c__Spirochaetia_o__Treponematales_f__Treponemataceae_B_1"
"901","230-14--RDCT055--Microcerotermes--Microcerotermes-parvus--Congo-Afro-tropical--AELJIOAN_22009_d__Bacteria_p__Spirochaetota_c__Spirochaetia_o__Treponematales_f__Treponemataceae_B_1"
"902","272-85--RDCT134--Microcerotermes--Microcerotermes-parvus--Congo-Afro-tropical--IJFECECG_20720_d__Bacteria_p__Spirochaetota_c__Spirochaetia_o__Treponematales_f__Treponemataceae_B_1"
"903","272-02--28--Microcerotermes--Microcerotermes-papuanus--New-Guinea-Oceania--JCCLNIIL_37766_d__Bacteria_p__Spirochaetota_c__Spirochaetia_o__Treponematales_f__Treponemataceae_B_1"
"904","230-12--81--Microcerotermes--Microcerotermes-papuanus--New-Guinea-Oceania--GCKEGHAL_38046_d__Bacteria_p__Spirochaetota_c__Spirochaetia_o__Treponematales_f__Treponemataceae_B_1"
"905","301-08--81-2--Microcerotermes--Microcerotermes-papuanus--New-Guinea-Oceania--LIMPOKBC_24593_d__Bacteria_p__Spirochaetota_c__Spirochaetia_o__Treponematales_f__Treponemataceae_B_1"
"906","301-61--MAD15-71--Microcerotermes--Microcerotermes-mad-sp-B--Madagascar-Madagascar--HLHCAAJD_51004_d__Bacteria_p__Spirochaetota_c__Spirochaetia_o__Treponematales_f__Treponemataceae_B_1"
"907","301-59--MAD15-16--Microcerotermes--Microcerotermes-mad-sp-C--Madagascar-Madagascar--KIFAEBMO_35705_d__Bacteria_p__Spirochaetota_c__Spirochaetia_o__Treponematales_f__Treponemataceae_B_1"
"908","272-54--MAD15-130--Microcerotermes--Microcerotermes-mad-sp-B--Madagascar-Madagascar--DFAMJLME_55621_d__Bacteria_p__Spirochaetota_c__Spirochaetia_o__Treponematales_f__Treponemataceae_B_1"
"909","301-61--MAD15-71--Microcerotermes--Microcerotermes-mad-sp-B--Madagascar-Madagascar--HLHCAAJD_30376_d__Bacteria_p__Spirochaetota_c__Spirochaetia_o__Treponematales_f__Treponemataceae_B_1"
"910","272-58--MAD15-151--Microcerotermes--Microcerotermes-mad-sp-M--Madagascar-Madagascar--CNFKDAJD_60110_d__Bacteria_p__Spirochaetota_c__Spirochaetia_o__Treponematales_f__Treponemataceae_B_1"
"911","272-60--MAD15-21--Microcerotermes--Microcerotermes-mad-sp-D--Madagascar-Madagascar--ANILOFPC_04449_d__Bacteria_p__Spirochaetota_c__Spirochaetia_o__Treponematales_f__Treponemataceae_B_1"
"912","272-34--FG-ND02-39--Microcerotermes--Microcerotermes-sp-SC--French-Guiana-Neo-tropical--JCIBENDC_20635_d__Bacteria_p__Spirochaetota_c__Spirochaetia_o__Treponematales_f__Treponemataceae_B_1"
"913","272-33--FG-ND02-38--Microcerotermes--Microcerotermes-sp-SA--French-Guiana-Neo-tropical--PJPNMPFH_03263_d__Bacteria_p__Spirochaetota_c__Spirochaetia_o__Treponematales_f__Treponemataceae_B_1"
"914","272-43--G-13-58--Microcerotermes--Microcerotermes--French-Guiana-Neo-tropical--NCHCEIMM_12401_d__Bacteria_p__Spirochaetota_c__Spirochaetia_o__Treponematales_f__Treponemataceae_B_1"
"915","272-01--10-2--Microcerotermes--Microcerotermes-biroi--New-Guinea--DOGAELGM_51087_d__Bacteria_p__Spirochaetota_c__Spirochaetia_o__Treponematales_f__Treponemataceae_B_1"
"916","230-11--60--Nasutitermitinae--Nasutitermes-gracilirostris--New-Guinea-Oceania--MHIDOOBA_15983_d__Bacteria_p__Spirochaetota_c__Spirochaetia_o__Treponematales_f__Treponemataceae_B_1"
"917","230-11--60--Nasutitermitinae--Nasutitermes-gracilirostris--New-Guinea-Oceania--MHIDOOBA_02465_d__Bacteria_p__Spirochaetota_c__Spirochaetia_o__Treponematales_f__Treponemataceae_B_1"
"918","301-07--69--Nasutitermitinae--Nasutitermes-bikpelanus--New-Guinea-Oceania--NMAGJELM_41379_d__Bacteria_p__Spirochaetota_c__Spirochaetia_o__Treponematales_f__Treponemataceae_B_1"
"919","272-25--BRU6--Nasutitermitinae--Nasutitermes--Brunei-Oriental--IJIDIGGP_17670_d__Bacteria_p__Spirochaetota_c__Spirochaetia_o__Treponematales_f__Treponemataceae_B_1"
"920","272-25--BRU6--Nasutitermitinae--Nasutitermes--Brunei-Oriental--IJIDIGGP_01058_d__Bacteria_p__Spirochaetota_c__Spirochaetia_o__Treponematales_f__Treponemataceae_B_1"
"921","272-25--BRU6--Nasutitermitinae--Nasutitermes--Brunei-Oriental--IJIDIGGP_14758_d__Bacteria_p__Spirochaetota_c__Spirochaetia_o__Treponematales_f__Treponemataceae_B_1"
"922","230-13--THAI43--Nasutitermitinae--Nasutitermes-sp-3--Thailand-Oriental--GAHIMCHH_16470_d__Bacteria_p__Spirochaetota_c__Spirochaetia_o__Treponematales_f__Treponemataceae_B_1"
"923","301-54--G733--Nasutitermitinae--Nasutitermes-macrocephalus--French-Guiana-Neo-tropical--POHOEHOL_14471_d__Bacteria_p__Spirochaetota_c__Spirochaetia_o__Treponematales_f__Treponemataceae_B_1"
"924","301-80--THAI100--Nasutitermitinae--Bulbitermes-nr-laticephalus--Thailand-Oriental--PLCNNCOE_16054_d__Bacteria_p__Spirochaetota_c__Spirochaetia_o__Treponematales_f__Treponemataceae_B_1"
"925","301-80--THAI100--Nasutitermitinae--Bulbitermes-nr-laticephalus--Thailand-Oriental--PLCNNCOE_20965_d__Bacteria_p__Spirochaetota_c__Spirochaetia_o__Treponematales_f__Treponemataceae_B_1"
"926","301-18--AUS62--Nasutitermitinae--Nasutitermes-graveolus--Australia-Australia--KOGODHHJ_03567_d__Bacteria_p__Spirochaetota_c__Spirochaetia_o__Treponematales_f__Treponemataceae_B_1"
"927","301-18--AUS62--Nasutitermitinae--Nasutitermes-graveolus--Australia-Australia--KOGODHHJ_06281_d__Bacteria_p__Spirochaetota_c__Spirochaetia_o__Treponematales_f__Treponemataceae_B_1"
"928","301-16--AUS54--Nasutitermitinae--Nasutitermes-triodiae--Australia-Australia--AKBEIDEJ_17142_d__Bacteria_p__Spirochaetota_c__Spirochaetia_o__Treponematales_f__Treponemataceae_B_1"
"929","301-54--G733--Nasutitermitinae--Nasutitermes-macrocephalus--French-Guiana-Neo-tropical--POHOEHOL_40277_d__Bacteria_p__Spirochaetota_c__Spirochaetia_o__Treponematales_f__Treponemataceae_B_1"
"930","301-54--G733--Nasutitermitinae--Nasutitermes-macrocephalus--French-Guiana-Neo-tropical--POHOEHOL_10071_d__Bacteria_p__Spirochaetota_c__Spirochaetia_o__Treponematales_f__Treponemataceae_B_g__Treponema_E_1"
"931","301-54--G733--Nasutitermitinae--Nasutitermes-macrocephalus--French-Guiana-Neo-tropical--POHOEHOL_34628_d__Bacteria_p__Spirochaetota_c__Spirochaetia_o__Treponematales_f__Treponemataceae_B_g__Treponema_E_1"
"932","230-11--60--Nasutitermitinae--Nasutitermes-gracilirostris--New-Guinea-Oceania--MHIDOOBA_22452_d__Bacteria_p__Spirochaetota_c__Spirochaetia_o__Treponematales_f__Treponemataceae_B_1"
"933","272-82--RDCT106--Nasutitermitinae--Nasutitermes-lujae--Congo-Afro-tropical--LMFHLHNK_11103_d__Bacteria_p__Spirochaetota_c__Spirochaetia_o__Treponematales_f__Treponemataceae_B_1"
"934","272-40--G13-30--Nasutitermitinae--Coatitermes-kartaboensis--French-Guiana-Neo-tropical--FGHEMLMB_12114_d__Bacteria_p__Spirochaetota_c__Spirochaetia_o__Treponematales_f__Treponemataceae_B_1"
"935","301-39--G13-130--Nasutitermitinae--Coatitermes-sp-2--French-Guiana-Neo-tropical--KIBFDEIN_12359_d__Bacteria_p__Spirochaetota_c__Spirochaetia_o__Treponematales_f__Treponemataceae_B_1"
"936","229-07--Msp-RNA-1--Microcerotermes--Microcerotermes--South-East-Asia-Oriental--DPEHDFIK_13942_d__Bacteria_p__Spirochaetota_c__Spirochaetia_o__Treponematales_f__Treponemataceae_B_1"
"937","272-69--MAL22--Microcerotermes--Microcerotermes-crassus--Malaysia-Oriental--DANCONHC_19623_d__Bacteria_p__Spirochaetota_c__Spirochaetia_o__Treponematales_f__Treponemataceae_B_1"
"938","229-07--Msp-RNA-1--Microcerotermes--Microcerotermes--South-East-Asia-Oriental--DPEHDFIK_55997_d__Bacteria_p__Spirochaetota_c__Spirochaetia_o__Treponematales_f__Treponemataceae_B_1"
"939","272-43--G-13-58--Microcerotermes--Microcerotermes--French-Guiana-Neo-tropical--NCHCEIMM_42875_d__Bacteria_p__Spirochaetota_c__Spirochaetia_o__Treponematales_f__Treponemataceae_B_1"
"940","272-34--FG-ND02-39--Microcerotermes--Microcerotermes-sp-SC--French-Guiana-Neo-tropical--JCIBENDC_53772_d__Bacteria_p__Spirochaetota_c__Spirochaetia_o__Treponematales_f__Treponemataceae_B_1"
"941","272-19--BDIT102--Microcerotermes--Microcerotermes-fuscotibialis--Burundi-Afro-tropical--CAECBDLP_11000_d__Bacteria_p__Spirochaetota_c__Spirochaetia_o__Treponematales_f__Treponemataceae_B_1"
"942","272-55--MAD15-136--Microcerotermes--Microcerotermes-mad-sp-G--Madagascar-Madagascar--IGAGHHBI_23764_d__Bacteria_p__Spirochaetota_c__Spirochaetia_o__Treponematales_f__Treponemataceae_B_1"
"943","301-71--RDCT125--Termitinae--Tuberculitermes-bycanistes--Congo-Afro-tropical--IDKKCBBF_49671_d__Bacteria_p__Spirochaetota_c__Spirochaetia_o__Treponematales_f__Treponemataceae_B_1"
"944","230-13--THAI43--Nasutitermitinae--Nasutitermes-sp-3--Thailand-Oriental--GAHIMCHH_01316_d__Bacteria_p__Spirochaetota_c__Spirochaetia_o__Treponematales_f__Treponemataceae_B_1"
"945","301-14--AUS49--Nasutitermitinae--Nasutitermes-sp-G--Australia-Australia--KHIKJGJF_03584_d__Bacteria_p__Spirochaetota_c__Spirochaetia_o__Treponematales_f__Treponemataceae_B_1"
"946","301-40--G13-28--Termitinae--Planicapritermes-planiceps--French-Guiana-Neo-tropical--JHDBPCMP_02872_d__Bacteria_p__Spirochaetota_c__Spirochaetia_o__Treponematales_f__Treponemataceae_B_1"
"947","301-40--G13-28--Termitinae--Planicapritermes-planiceps--French-Guiana-Neo-tropical--JHDBPCMP_14246_d__Bacteria_p__Spirochaetota_c__Spirochaetia_o__Treponematales_f__Treponemataceae_B_1"
"948","301-50--G683--Termitinae--Neocapritermes-sp-H--French-Guiana-Neo-tropical--MFJENAHB_06356_d__Bacteria_p__Spirochaetota_c__Spirochaetia_o__Treponematales_f__Treponemataceae_B_1"
"949","301-50--G683--Termitinae--Neocapritermes-sp-H--French-Guiana-Neo-tropical--MFJENAHB_16207_d__Bacteria_p__Spirochaetota_c__Spirochaetia_o__Treponematales_f__Treponemataceae_B_1"
"950","272-62--MAD15-59--Microcerotermes--Microcerotermes-mad-sp-F--Madagascar-Madagascar--PGAOBEJB_41953_d__Bacteria_p__Spirochaetota_c__Spirochaetia_o__Treponematales_f__Treponemataceae_B_1"
"951","229-07--Msp-RNA-1--Microcerotermes--Microcerotermes--South-East-Asia-Oriental--DPEHDFIK_26359_d__Bacteria_p__Spirochaetota_c__Spirochaetia_o__Treponematales_f__Treponemataceae_B_1"
"952","272-79--RDCT053--Microcerotermes--Microcerotermes-parvus--Congo-Afro-tropical--HDFGGIOE_20906_d__Bacteria_p__Spirochaetota_c__Spirochaetia_o__Treponematales_f__Treponemataceae_B_1"
"953","272-84--RDCT119--Microcerotermes--Microcerotermes-parvus--Congo-Afro-tropical--HFABNABN_03309_d__Bacteria_p__Spirochaetota_c__Spirochaetia_o__Treponematales_f__Treponemataceae_B_1"
"954","272-55--MAD15-136--Microcerotermes--Microcerotermes-mad-sp-G--Madagascar-Madagascar--IGAGHHBI_14184_d__Bacteria_p__Spirochaetota_c__Spirochaetia_o__Treponematales_f__Treponemataceae_B_1"
"955","272-54--MAD15-130--Microcerotermes--Microcerotermes-mad-sp-B--Madagascar-Madagascar--DFAMJLME_34407_d__Bacteria_p__Spirochaetota_c__Spirochaetia_o__Treponematales_f__Treponemataceae_B_1"
"956","272-56--MAD15-139--Microcerotermes--Microcerotermes-mad-sp-L--Madagascar-Madagascar--DPIGOLHB_16650_d__Bacteria_p__Spirochaetota_c__Spirochaetia_o__Treponematales_f__Treponemataceae_B_1"
"957","229-07--Msp-RNA-1--Microcerotermes--Microcerotermes--South-East-Asia-Oriental--DPEHDFIK_28692_d__Bacteria_p__Spirochaetota_c__Spirochaetia_o__Treponematales_f__Treponemataceae_B_1"
"958","272-79--RDCT053--Microcerotermes--Microcerotermes-parvus--Congo-Afro-tropical--HDFGGIOE_66953_d__Bacteria_p__Spirochaetota_c__Spirochaetia_o__Treponematales_f__Treponemataceae_B_1"
"959","272-84--RDCT119--Microcerotermes--Microcerotermes-parvus--Congo-Afro-tropical--HFABNABN_74930_d__Bacteria_p__Spirochaetota_c__Spirochaetia_o__Treponematales_f__Treponemataceae_B_g__Treponema_E_1"
"960","301-58--MAD15-116--Microcerotermes--Microcerotermes-mad-sp-H--Madagascar-Madagascar--BKJILCFM_63467_d__Bacteria_p__Spirochaetota_c__Spirochaetia_o__Treponematales_f__Treponemataceae_B_1"
"961","229-07--Msp-RNA-1--Microcerotermes--Microcerotermes--South-East-Asia-Oriental--DPEHDFIK_43161_d__Bacteria_p__Spirochaetota_c__Spirochaetia_o__Treponematales_f__Treponemataceae_B_1"
"962","272-84--RDCT119--Microcerotermes--Microcerotermes-parvus--Congo-Afro-tropical--HFABNABN_40760_d__Bacteria_p__Spirochaetota_c__Spirochaetia_o__Treponematales_f__Treponemataceae_B_1"
"963","272-85--RDCT134--Microcerotermes--Microcerotermes-parvus--Congo-Afro-tropical--IJFECECG_31788_d__Bacteria_p__Spirochaetota_c__Spirochaetia_o__Treponematales_f__Treponemataceae_B_1"
"964","272-55--MAD15-136--Microcerotermes--Microcerotermes-mad-sp-G--Madagascar-Madagascar--IGAGHHBI_10558_d__Bacteria_p__Spirochaetota_c__Spirochaetia_o__Treponematales_f__Treponemataceae_B_1"
"965","272-54--MAD15-130--Microcerotermes--Microcerotermes-mad-sp-B--Madagascar-Madagascar--DFAMJLME_72623_d__Bacteria_p__Spirochaetota_c__Spirochaetia_o__Treponematales_f__Treponemataceae_B_1"
"966","301-60--MAD15-66--Microcerotermes--Microcerotermes-mad-sp-E--Madagascar-Madagascar--MJONPIMI_34092_d__Bacteria_p__Spirochaetota_c__Spirochaetia_o__Treponematales_f__Treponemataceae_B_1"
"967","301-61--MAD15-71--Microcerotermes--Microcerotermes-mad-sp-B--Madagascar-Madagascar--HLHCAAJD_21208_d__Bacteria_p__Spirochaetota_c__Spirochaetia_o__Treponematales_f__Treponemataceae_B_1"
"968","301-61--MAD15-71--Microcerotermes--Microcerotermes-mad-sp-B--Madagascar-Madagascar--HLHCAAJD_22608_d__Bacteria_p__Spirochaetota_c__Spirochaetia_o__Treponematales_f__Treponemataceae_B_1"
"969","230-16--MAD15-54--Microcerotermes--Microcerotermes-mad-sp-H--Madagascar-Madagascar--LABPPIEE_27095_d__Bacteria_p__Spirochaetota_c__Spirochaetia_o__Treponematales_f__Treponemataceae_B_1"
"970","272-54--MAD15-130--Microcerotermes--Microcerotermes-mad-sp-B--Madagascar-Madagascar--DFAMJLME_29258_d__Bacteria_p__Spirochaetota_c__Spirochaetia_o__Treponematales_f__Treponemataceae_B_1"
"971","272-54--MAD15-130--Microcerotermes--Microcerotermes-mad-sp-B--Madagascar-Madagascar--DFAMJLME_92380_d__Bacteria_p__Spirochaetota_c__Spirochaetia_o__Treponematales_f__Treponemataceae_B_1"
"972","272-67--MAD15-85--Microcerotermes--Microcerotermes-mad-sp-A--Madagascar-Madagascar--FFCMJAEF_66323_d__Bacteria_p__Spirochaetota_c__Spirochaetia_o__Treponematales_f__Treponemataceae_B_1"
"973","272-66--MAD15-76--Microcerotermes--Microcerotermes-mad-sp-G--Madagascar-Madagascar--BKGPDEIL_04746_d__Bacteria_p__Spirochaetota_c__Spirochaetia_o__Treponematales_f__Treponemataceae_B_1"
"974","301-60--MAD15-66--Microcerotermes--Microcerotermes-mad-sp-E--Madagascar-Madagascar--MJONPIMI_22892_d__Bacteria_p__Spirochaetota_c__Spirochaetia_o__Treponematales_f__Treponemataceae_B_1"
"975","272-52--MAD15-104--Microcerotermes--Microcerotermes-mad-sp-C--Madagascar-Madagascar--JEOFLHGI_07626_d__Bacteria_p__Spirochaetota_c__Spirochaetia_o__Treponematales_f__Treponemataceae_B_1"
"976","272-57--MAD15-148--Microcerotermes--Microcerotermes-mad-sp-F--Madagascar-Madagascar--HPMPMEPI_60127_d__Bacteria_p__Spirochaetota_c__Spirochaetia_o__Treponematales_f__Treponemataceae_B_1"
"977","301-58--MAD15-116--Microcerotermes--Microcerotermes-mad-sp-H--Madagascar-Madagascar--BKJILCFM_49799_d__Bacteria_p__Spirochaetota_c__Spirochaetia_o__Treponematales_f__Treponemataceae_B_1"
"978","272-84--RDCT119--Microcerotermes--Microcerotermes-parvus--Congo-Afro-tropical--HFABNABN_76267_d__Bacteria_p__Spirochaetota_c__Spirochaetia_o__Treponematales_f__Treponemataceae_B_1"
"979","272-79--RDCT053--Microcerotermes--Microcerotermes-parvus--Congo-Afro-tropical--HDFGGIOE_74034_d__Bacteria_p__Spirochaetota_c__Spirochaetia_o__Treponematales_f__Treponemataceae_B_1"
"980","301-29--BDIT45--Microcerotermes--Microcerotermes-parvus--Burundi-Afro-tropical--GBGOPIBM_24811_d__Bacteria_p__Spirochaetota_c__Spirochaetia_o__Treponematales_f__Treponemataceae_B_1"
"981","301-58--MAD15-116--Microcerotermes--Microcerotermes-mad-sp-H--Madagascar-Madagascar--BKJILCFM_02849_d__Bacteria_p__Spirochaetota_c__Spirochaetia_o__Treponematales_f__Treponemataceae_B_1"
"982","272-79--RDCT053--Microcerotermes--Microcerotermes-parvus--Congo-Afro-tropical--HDFGGIOE_61100_d__Bacteria_p__Spirochaetota_c__Spirochaetia_o__Treponematales_f__Treponemataceae_B_1"
"983","272-84--RDCT119--Microcerotermes--Microcerotermes-parvus--Congo-Afro-tropical--HFABNABN_70736_d__Bacteria_p__Spirochaetota_c__Spirochaetia_o__Treponematales_f__Treponemataceae_B_1"
"984","230-14--RDCT055--Microcerotermes--Microcerotermes-parvus--Congo-Afro-tropical--AELJIOAN_11136_d__Bacteria_p__Spirochaetota_c__Spirochaetia_o__Treponematales_f__Treponemataceae_B_1"
"985","272-85--RDCT134--Microcerotermes--Microcerotermes-parvus--Congo-Afro-tropical--IJFECECG_08794_d__Bacteria_p__Spirochaetota_c__Spirochaetia_o__Treponematales_f__Treponemataceae_B_1"
"986","272-62--MAD15-59--Microcerotermes--Microcerotermes-mad-sp-F--Madagascar-Madagascar--PGAOBEJB_09747_d__Bacteria_p__Spirochaetota_c__Spirochaetia_o__Treponematales_f__Treponemataceae_B_1"
"987","272-85--RDCT134--Microcerotermes--Microcerotermes-parvus--Congo-Afro-tropical--IJFECECG_13303_d__Bacteria_p__Spirochaetota_c__Spirochaetia_o__Treponematales_f__Treponemataceae_B_1"
"988","272-79--RDCT053--Microcerotermes--Microcerotermes-parvus--Congo-Afro-tropical--HDFGGIOE_07956_d__Bacteria_p__Spirochaetota_c__Spirochaetia_o__Treponematales_f__Treponemataceae_B_1"
"989","301-29--BDIT45--Microcerotermes--Microcerotermes-parvus--Burundi-Afro-tropical--GBGOPIBM_73477_d__Bacteria_p__Spirochaetota_c__Spirochaetia_o__Treponematales_f__Treponemataceae_B_1"
"990","230-14--RDCT055--Microcerotermes--Microcerotermes-parvus--Congo-Afro-tropical--AELJIOAN_12028_d__Bacteria_p__Spirochaetota_c__Spirochaetia_o__Treponematales_f__Treponemataceae_B_1"
"991","272-79--RDCT053--Microcerotermes--Microcerotermes-parvus--Congo-Afro-tropical--HDFGGIOE_09667_d__Bacteria_p__Spirochaetota_c__Spirochaetia_o__Treponematales_f__Treponemataceae_B_1"
"992","272-52--MAD15-104--Microcerotermes--Microcerotermes-mad-sp-C--Madagascar-Madagascar--JEOFLHGI_18560_d__Bacteria_p__Spirochaetota_c__Spirochaetia_o__Treponematales_f__Treponemataceae_B_1"
"993","272-55--MAD15-136--Microcerotermes--Microcerotermes-mad-sp-G--Madagascar-Madagascar--IGAGHHBI_20301_d__Bacteria_p__Spirochaetota_c__Spirochaetia_o__Treponematales_f__Treponemataceae_B_1"
"994","272-56--MAD15-139--Microcerotermes--Microcerotermes-mad-sp-L--Madagascar-Madagascar--DPIGOLHB_23130_d__Bacteria_p__Spirochaetota_c__Spirochaetia_o__Treponematales_f__Treponemataceae_B_1"
"995","272-53--MAD15-113--Microcerotermes--Microcerotermes-mad-sp-G--Madagascar-Madagascar--IKDIKFDP_06002_d__Bacteria_p__Spirochaetota_c__Spirochaetia_o__Treponematales_f__Treponemataceae_B_1"
"996","272-68--MAD15-86--Microcerotermes--Microcerotermes-mad-sp-K--Madagascar-Madagascar--PDAPIIEL_11123_d__Bacteria_p__Spirochaetota_c__Spirochaetia_o__Treponematales_f__Treponemataceae_B_1"
"997","272-54--MAD15-130--Microcerotermes--Microcerotermes-mad-sp-B--Madagascar-Madagascar--DFAMJLME_12914_d__Bacteria_p__Spirochaetota_c__Spirochaetia_o__Treponematales_f__Treponemataceae_B_1"
"998","230-16--MAD15-54--Microcerotermes--Microcerotermes-mad-sp-H--Madagascar-Madagascar--LABPPIEE_04300_d__Bacteria_p__Spirochaetota_c__Spirochaetia_o__Treponematales_f__Treponemataceae_B_1"
"999","301-60--MAD15-66--Microcerotermes--Microcerotermes-mad-sp-E--Madagascar-Madagascar--MJONPIMI_08990_d__Bacteria_p__Spirochaetota_c__Spirochaetia_o__Treponematales_f__Treponemataceae_B_1"
"1000","272-66--MAD15-76--Microcerotermes--Microcerotermes-mad-sp-G--Madagascar-Madagascar--BKGPDEIL_05885_d__Bacteria_p__Spirochaetota_c__Spirochaetia_o__Treponematales_f__Treponemataceae_B_1"
"1001","301-61--MAD15-71--Microcerotermes--Microcerotermes-mad-sp-B--Madagascar-Madagascar--HLHCAAJD_14112_d__Bacteria_p__Spirochaetota_c__Spirochaetia_o__Treponematales_f__Treponemataceae_B_1"
"1002","230-14--RDCT055--Microcerotermes--Microcerotermes-parvus--Congo-Afro-tropical--AELJIOAN_66240_d__Bacteria_p__Spirochaetota_c__Spirochaetia_o__Treponematales_f__Treponemataceae_B_1"
"1003","272-85--RDCT134--Microcerotermes--Microcerotermes-parvus--Congo-Afro-tropical--IJFECECG_13365_d__Bacteria_p__Spirochaetota_c__Spirochaetia_o__Treponematales_f__Treponemataceae_B_1"
"1004","272-19--BDIT102--Microcerotermes--Microcerotermes-fuscotibialis--Burundi-Afro-tropical--CAECBDLP_53187_d__Bacteria_p__Spirochaetota_c__Spirochaetia_o__Treponematales_f__Treponemataceae_B_g__Treponema_E_1"
"1005","272-77--RDCT033--Microcerotermes--Microcerotermes-fuscotibialis--Congo-Afro-tropical--POOGOANK_51317_d__Bacteria_p__Spirochaetota_c__Spirochaetia_o__Treponematales_f__Treponemataceae_B_g__Treponema_E_1"
"1006","272-58--MAD15-151--Microcerotermes--Microcerotermes-mad-sp-M--Madagascar-Madagascar--CNFKDAJD_14885_d__Bacteria_p__Spirochaetota_c__Spirochaetia_o__Treponematales_f__Treponemataceae_B_1"
"1007","272-63--MAD15-5--Microcerotermes--Microcerotermes-mad-sp-E--Madagascar-Madagascar--LHGCDBLG_10599_d__Bacteria_p__Spirochaetota_c__Spirochaetia_o__Treponematales_f__Treponemataceae_B_1"
"1008","272-91--T614--Microcerotermes--Microcerotermes--Singapore-Oriental--ECJLCPLO_27433_d__Bacteria_p__Spirochaetota_c__Spirochaetia_o__Treponematales_f__Treponemataceae_B_1"
"1009","272-95--TBRU912E--Microcerotermes--Microcerotermes-serrula--Brunei-Oriental--MIGHMNII_17385_d__Bacteria_p__Spirochaetota_c__Spirochaetia_o__Treponematales_f__Treponemataceae_B_1"
"1010","230-03--PHI8--Microcerotermes--Microcerotermes--Philippines-Oriental--FFKHHJAJ_16249_d__Bacteria_p__Spirochaetota_c__Spirochaetia_o__Treponematales_f__Treponemataceae_B_1"
"1011","230-03--PHI8--Microcerotermes--Microcerotermes--Philippines-Oriental--FFKHHJAJ_96707_d__Bacteria_p__Spirochaetota_c__Spirochaetia_o__Treponematales_f__Treponemataceae_B_1"
"1012","272-75--PHI1--Microcerotermes--Microcerotermes--Philippines-Oriental--EFHMCDAH_07565_d__Bacteria_p__Spirochaetota_c__Spirochaetia_o__Treponematales_f__Treponemataceae_B_1"
"1013","272-34--FG-ND02-39--Microcerotermes--Microcerotermes-sp-SC--French-Guiana-Neo-tropical--JCIBENDC_44546_d__Bacteria_p__Spirochaetota_c__Spirochaetia_o__Treponematales_f__Treponemataceae_B_1"
"1014","272-33--FG-ND02-38--Microcerotermes--Microcerotermes-sp-SA--French-Guiana-Neo-tropical--PJPNMPFH_20735_d__Bacteria_p__Spirochaetota_c__Spirochaetia_o__Treponematales_f__Treponemataceae_B_1"
"1015","272-43--G-13-58--Microcerotermes--Microcerotermes--French-Guiana-Neo-tropical--NCHCEIMM_89491_d__Bacteria_p__Spirochaetota_c__Spirochaetia_o__Treponematales_f__Treponemataceae_B_1"
"1016","272-02--28--Microcerotermes--Microcerotermes-papuanus--New-Guinea-Oceania--JCCLNIIL_43563_d__Bacteria_p__Spirochaetota_c__Spirochaetia_o__Treponematales_f__Treponemataceae_B_1"
"1017","301-08--81-2--Microcerotermes--Microcerotermes-papuanus--New-Guinea-Oceania--LIMPOKBC_02574_d__Bacteria_p__Spirochaetota_c__Spirochaetia_o__Treponematales_f__Treponemataceae_B_1"
"1018","230-12--81--Microcerotermes--Microcerotermes-papuanus--New-Guinea-Oceania--GCKEGHAL_00651_d__Bacteria_p__Spirochaetota_c__Spirochaetia_o__Treponematales_f__Treponemataceae_B_1"
"1019","272-04--48--Microcerotermes--Microcerotermes-papuanus--New-Guinea-Oceania--LLJHKGFM_52835_d__Bacteria_p__Spirochaetota_c__Spirochaetia_o__Treponematales_f__Treponemataceae_B_1"
"1020","272-89--T2-IC--Microcerotermes--Microcerotermes-havilandi--Singapore-Oriental--OCBKEODD_40531_d__Bacteria_p__Spirochaetota_c__Spirochaetia_o__Treponematales_f__Treponemataceae_B_1"
"1021","272-01--10-2--Microcerotermes--Microcerotermes-biroi--New-Guinea--DOGAELGM_35621_d__Bacteria_p__Spirochaetota_c__Spirochaetia_o__Treponematales_f__Treponemataceae_B_1"
"1022","272-02--28--Microcerotermes--Microcerotermes-papuanus--New-Guinea-Oceania--JCCLNIIL_26018_d__Bacteria_p__Spirochaetota_c__Spirochaetia_o__Treponematales_f__Treponemataceae_B_1"
"1023","272-04--48--Microcerotermes--Microcerotermes-papuanus--New-Guinea-Oceania--LLJHKGFM_04304_d__Bacteria_p__Spirochaetota_c__Spirochaetia_o__Treponematales_f__Treponemataceae_B_1"
"1024","230-12--81--Microcerotermes--Microcerotermes-papuanus--New-Guinea-Oceania--GCKEGHAL_46421_d__Bacteria_p__Spirochaetota_c__Spirochaetia_o__Treponematales_f__Treponemataceae_B_1"
"1025","301-08--81-2--Microcerotermes--Microcerotermes-papuanus--New-Guinea-Oceania--LIMPOKBC_15965_d__Bacteria_p__Spirochaetota_c__Spirochaetia_o__Treponematales_f__Treponemataceae_B_1"
"1026","230-15--D2-34--Microcerotermes--Microcerotermes-biroi--New-Guinea-Oceania--HEFGFCPB_21800_d__Bacteria_p__Spirochaetota_c__Spirochaetia_o__Treponematales_f__Treponemataceae_B_1"
"1027","272-01--10-2--Microcerotermes--Microcerotermes-biroi--New-Guinea--DOGAELGM_08364_d__Bacteria_p__Spirochaetota_c__Spirochaetia_o__Treponematales_f__Treponemataceae_B_1"
"1028","272-13--AUS6--Microcerotermes--Microcerotermes-nervosus--Australia-Australia--FLPAOEAJ_26121_d__Bacteria_p__Spirochaetota_c__Spirochaetia_o__Treponematales_f__Treponemataceae_B_1"
"1029","272-14--AUS71--Microcerotermes--Microcerotermes-sp-G--Australia-Australia--LAKMIEEK_23322_d__Bacteria_p__Spirochaetota_c__Spirochaetia_o__Treponematales_f__Treponemataceae_B_1"
"1030","301-17--AUS66--Microcerotermes--Microcerotermes-sp-E--Australia-Australia--MHPNFKFI_76128_d__Bacteria_p__Spirochaetota_c__Spirochaetia_o__Treponematales_f__Treponemataceae_B_1"
"1031","272-04--48--Microcerotermes--Microcerotermes-papuanus--New-Guinea-Oceania--LLJHKGFM_52697_d__Bacteria_p__Spirochaetota_c__Spirochaetia_o__Treponematales_f__Treponemataceae_B_1"
"1032","230-12--81--Microcerotermes--Microcerotermes-papuanus--New-Guinea-Oceania--GCKEGHAL_14146_d__Bacteria_p__Spirochaetota_c__Spirochaetia_o__Treponematales_f__Treponemataceae_B_1"
"1033","301-08--81-2--Microcerotermes--Microcerotermes-papuanus--New-Guinea-Oceania--LIMPOKBC_55284_d__Bacteria_p__Spirochaetota_c__Spirochaetia_o__Treponematales_f__Treponemataceae_B_1"
"1034","272-02--28--Microcerotermes--Microcerotermes-papuanus--New-Guinea-Oceania--JCCLNIIL_66595_d__Bacteria_p__Spirochaetota_c__Spirochaetia_o__Treponematales_f__Treponemataceae_B_1"
"1035","272-04--48--Microcerotermes--Microcerotermes-papuanus--New-Guinea-Oceania--LLJHKGFM_05309_d__Bacteria_p__Spirochaetota_c__Spirochaetia_o__Treponematales_f__Treponemataceae_B_1"
"1036","272-04--48--Microcerotermes--Microcerotermes-papuanus--New-Guinea-Oceania--LLJHKGFM_48712_d__Bacteria_p__Spirochaetota_c__Spirochaetia_o__Treponematales_f__Treponemataceae_B_1"
"1037","230-15--D2-34--Microcerotermes--Microcerotermes-biroi--New-Guinea-Oceania--HEFGFCPB_47998_d__Bacteria_p__Spirochaetota_c__Spirochaetia_o__Treponematales_f__Treponemataceae_B_1"
"1038","272-05--71--Microcerotermes--Microcerotermes-biroi--New-Guinea-Oceania--BHIIBGBD_60401_d__Bacteria_p__Spirochaetota_c__Spirochaetia_o__Treponematales_f__Treponemataceae_B_1"
"1039","272-01--10-2--Microcerotermes--Microcerotermes-biroi--New-Guinea--DOGAELGM_28050_d__Bacteria_p__Spirochaetota_c__Spirochaetia_o__Treponematales_f__Treponemataceae_B_1"
"1040","272-69--MAL22--Microcerotermes--Microcerotermes-crassus--Malaysia-Oriental--DANCONHC_96662_d__Bacteria_p__Spirochaetota_c__Spirochaetia_o__Treponematales_f__Treponemataceae_B_1"
"1041","272-95--TBRU912E--Microcerotermes--Microcerotermes-serrula--Brunei-Oriental--MIGHMNII_49468_d__Bacteria_p__Spirochaetota_c__Spirochaetia_o__Treponematales_f__Treponemataceae_B_1"
"1042","272-100--THAI54--Microcerotermes--Microcerotermes-crassus--Thailand-Oriental--COJKPCNP_46402_d__Bacteria_p__Spirochaetota_c__Spirochaetia_o__Treponematales_f__Treponemataceae_B_1"
"1043","272-91--T614--Microcerotermes--Microcerotermes--Singapore-Oriental--ECJLCPLO_51182_d__Bacteria_p__Spirochaetota_c__Spirochaetia_o__Treponematales_f__Treponemataceae_B_1"
"1044","272-95--TBRU912E--Microcerotermes--Microcerotermes-serrula--Brunei-Oriental--MIGHMNII_34809_d__Bacteria_p__Spirochaetota_c__Spirochaetia_o__Treponematales_f__Treponemataceae_B_1"
"1045","272-95--TBRU912E--Microcerotermes--Microcerotermes-serrula--Brunei-Oriental--MIGHMNII_56429_d__Bacteria_p__Spirochaetota_c__Spirochaetia_o__Treponematales_f__Treponemataceae_B_1"
"1046","301-17--AUS66--Microcerotermes--Microcerotermes-sp-E--Australia-Australia--MHPNFKFI_48003_d__Bacteria_p__Spirochaetota_c__Spirochaetia_o__Treponematales_f__Treponemataceae_B_1"
"1047","272-13--AUS6--Microcerotermes--Microcerotermes-nervosus--Australia-Australia--FLPAOEAJ_114119_d__Bacteria_p__Spirochaetota_c__Spirochaetia_o__Treponematales_f__Treponemataceae_B_1"
"1048","272-13--AUS6--Microcerotermes--Microcerotermes-nervosus--Australia-Australia--FLPAOEAJ_116372_d__Bacteria_p__Spirochaetota_c__Spirochaetia_o__Treponematales_f__Treponemataceae_B_1"
"1049","272-15--AUS82--Microcerotermes--Microcerotermes-sp-I--Australia-Australia--BIPLFEAP_07691_d__Bacteria_p__Spirochaetota_c__Spirochaetia_o__Treponematales_f__Treponemataceae_B_1"
"1050","272-02--28--Microcerotermes--Microcerotermes-papuanus--New-Guinea-Oceania--JCCLNIIL_25916_d__Bacteria_p__Spirochaetota_c__Spirochaetia_o__Treponematales_f__Treponemataceae_B_1"
"1051","301-34--BRA3--Syntermitinae--Cornitermes-cumulans--Brazil-Neo-tropical--GEIPMBLL_20023_d__Bacteria_p__Spirochaetota_c__Spirochaetia_o__Treponematales_f__Treponemataceae_B_1"
"1052","229-07--Msp-RNA-1--Microcerotermes--Microcerotermes--South-East-Asia-Oriental--DPEHDFIK_35141_d__Bacteria_p__Spirochaetota_c__Spirochaetia_o__Treponematales_f__Treponemataceae_B_1"
"1053","301-59--MAD15-16--Microcerotermes--Microcerotermes-mad-sp-C--Madagascar-Madagascar--KIFAEBMO_17040_d__Bacteria_p__Spirochaetota_c__Spirochaetia_o__Treponematales_f__Treponemataceae_B_1"
"1054","272-14--AUS71--Microcerotermes--Microcerotermes-sp-G--Australia-Australia--LAKMIEEK_24268_d__Bacteria_p__Spirochaetota_c__Spirochaetia_o__Treponematales_f__Treponemataceae_B_1"
"1055","272-02--28--Microcerotermes--Microcerotermes-papuanus--New-Guinea-Oceania--JCCLNIIL_07483_d__Bacteria_p__Spirochaetota_c__Spirochaetia_o__Treponematales_f__Treponemataceae_B_1"
"1056","272-04--48--Microcerotermes--Microcerotermes-papuanus--New-Guinea-Oceania--LLJHKGFM_46481_d__Bacteria_p__Spirochaetota_c__Spirochaetia_o__Treponematales_f__Treponemataceae_B_1"
"1057","272-75--PHI1--Microcerotermes--Microcerotermes--Philippines-Oriental--EFHMCDAH_18220_d__Bacteria_p__Spirochaetota_c__Spirochaetia_o__Treponematales_f__Treponemataceae_B_1"
"1058","272-91--T614--Microcerotermes--Microcerotermes--Singapore-Oriental--ECJLCPLO_43872_d__Bacteria_p__Spirochaetota_c__Spirochaetia_o__Treponematales_f__Treponemataceae_B_1"
"1059","272-95--TBRU912E--Microcerotermes--Microcerotermes-serrula--Brunei-Oriental--MIGHMNII_33535_d__Bacteria_p__Spirochaetota_c__Spirochaetia_o__Treponematales_f__Treponemataceae_B_1"
"1060","272-57--MAD15-148--Microcerotermes--Microcerotermes-mad-sp-F--Madagascar-Madagascar--HPMPMEPI_54478_d__Bacteria_p__Spirochaetota_c__Spirochaetia_o__Treponematales_f__Treponemataceae_B_1"
"1061","272-84--RDCT119--Microcerotermes--Microcerotermes-parvus--Congo-Afro-tropical--HFABNABN_28065_d__Bacteria_p__Spirochaetota_c__Spirochaetia_o__Treponematales_f__Treponemataceae_B_1"
"1062","229-07--Msp-RNA-1--Microcerotermes--Microcerotermes--South-East-Asia-Oriental--DPEHDFIK_73387_d__Bacteria_p__Spirochaetota_c__Spirochaetia_o__Treponematales_f__Treponemataceae_B_1"
"1063","272-77--RDCT033--Microcerotermes--Microcerotermes-fuscotibialis--Congo-Afro-tropical--POOGOANK_41089_d__Bacteria_p__Spirochaetota_c__Spirochaetia_o__Treponematales_f__Treponemataceae_B_1"
"1064","272-84--RDCT119--Microcerotermes--Microcerotermes-parvus--Congo-Afro-tropical--HFABNABN_144562_d__Bacteria_p__Spirochaetota_c__Spirochaetia_o__Treponematales_f__Treponemataceae_B_1"
"1065","272-15--AUS82--Microcerotermes--Microcerotermes-sp-I--Australia-Australia--BIPLFEAP_178510_d__Bacteria_p__Spirochaetota_c__Spirochaetia_o__Treponematales_f__Treponemataceae_B_1"
"1066","272-14--AUS71--Microcerotermes--Microcerotermes-sp-G--Australia-Australia--LAKMIEEK_61865_d__Bacteria_p__Spirochaetota_c__Spirochaetia_o__Treponematales_f__Treponemataceae_B_1"
"1067","272-13--AUS6--Microcerotermes--Microcerotermes-nervosus--Australia-Australia--FLPAOEAJ_03307_d__Bacteria_p__Spirochaetota_c__Spirochaetia_o__Treponematales_f__Treponemataceae_B_1"
"1068","230-15--D2-34--Microcerotermes--Microcerotermes-biroi--New-Guinea-Oceania--HEFGFCPB_37653_d__Bacteria_p__Spirochaetota_c__Spirochaetia_o__Treponematales_f__Treponemataceae_B_g__Treponema_E_1"
"1069","230-12--81--Microcerotermes--Microcerotermes-papuanus--New-Guinea-Oceania--GCKEGHAL_15797_d__Bacteria_p__Spirochaetota_c__Spirochaetia_o__Treponematales_f__Treponemataceae_B_1"
"1070","272-04--48--Microcerotermes--Microcerotermes-papuanus--New-Guinea-Oceania--LLJHKGFM_66232_d__Bacteria_p__Spirochaetota_c__Spirochaetia_o__Treponematales_f__Treponemataceae_B_1"
"1071","272-34--FG-ND02-39--Microcerotermes--Microcerotermes-sp-SC--French-Guiana-Neo-tropical--JCIBENDC_40938_d__Bacteria_p__Spirochaetota_c__Spirochaetia_o__Treponematales_f__Treponemataceae_B_1"
"1072","272-33--FG-ND02-38--Microcerotermes--Microcerotermes-sp-SA--French-Guiana-Neo-tropical--PJPNMPFH_35258_d__Bacteria_p__Spirochaetota_c__Spirochaetia_o__Treponematales_f__Treponemataceae_B_1"
"1073","272-43--G-13-58--Microcerotermes--Microcerotermes--French-Guiana-Neo-tropical--NCHCEIMM_23725_d__Bacteria_p__Spirochaetota_c__Spirochaetia_o__Treponematales_f__Treponemataceae_B_1"
"1074","272-104--TP114A--Microcerotermes--Microcerotermes-crassus--Malaysia-Oriental--NHIGIODF_51286_d__Bacteria_p__Spirochaetota_c__Spirochaetia_o__Treponematales_f__Treponemataceae_B_1"
"1075","272-34--FG-ND02-39--Microcerotermes--Microcerotermes-sp-SC--French-Guiana-Neo-tropical--JCIBENDC_172529_d__Bacteria_p__Spirochaetota_c__Spirochaetia_o__Treponematales_f__Treponemataceae_B_1"
"1076","272-40--G13-30--Nasutitermitinae--Coatitermes-kartaboensis--French-Guiana-Neo-tropical--FGHEMLMB_63310_d__Bacteria_p__Spirochaetota_c__Spirochaetia_o__Treponematales_f__Treponemataceae_B_1"
"1077","230-22--RDCT165--Sphaerotermitinae--Sphaerotermes-sphaerothorax--Congo-Afro-tropical--NOBJMEMK_50217_d__Bacteria_p__Spirochaetota_c__Spirochaetia_o__Treponematales_f__Treponemataceae_B_g__Treponema_E_1"
"1078","230-22--RDCT165--Sphaerotermitinae--Sphaerotermes-sphaerothorax--Congo-Afro-tropical--NOBJMEMK_10899_d__Bacteria_p__Spirochaetota_c__Spirochaetia_o__Treponematales_f__Treponemataceae_B_1"
"1079","230-22--RDCT165--Sphaerotermitinae--Sphaerotermes-sphaerothorax--Congo-Afro-tropical--NOBJMEMK_20476_d__Bacteria_p__Spirochaetota_c__Spirochaetia_o__Treponematales_f__Treponemataceae_B_g__Treponema_E_1"
"1080","230-22--RDCT165--Sphaerotermitinae--Sphaerotermes-sphaerothorax--Congo-Afro-tropical--NOBJMEMK_13509_d__Bacteria_p__Spirochaetota_c__Spirochaetia_o__Treponematales_f__Treponemataceae_B_1"
"1081","230-22--RDCT165--Sphaerotermitinae--Sphaerotermes-sphaerothorax--Congo-Afro-tropical--NOBJMEMK_20154_d__Bacteria_p__Spirochaetota_c__Spirochaetia_o__Treponematales_f__Treponemataceae_B_1"
"1082","230-22--RDCT165--Sphaerotermitinae--Sphaerotermes-sphaerothorax--Congo-Afro-tropical--NOBJMEMK_46721_d__Bacteria_p__Spirochaetota_c__Spirochaetia_o__Treponematales_f__Treponemataceae_B_1"
"1083","230-22--RDCT165--Sphaerotermitinae--Sphaerotermes-sphaerothorax--Congo-Afro-tropical--NOBJMEMK_125377_d__Bacteria_p__Spirochaetota_c__Spirochaetia_o__Treponematales_f__Treponemataceae_B_1"
"1084","230-22--RDCT165--Sphaerotermitinae--Sphaerotermes-sphaerothorax--Congo-Afro-tropical--NOBJMEMK_35012_d__Bacteria_p__Spirochaetota_c__Spirochaetia_o__Treponematales_f__Treponemataceae_B_1"
"1085","230-22--RDCT165--Sphaerotermitinae--Sphaerotermes-sphaerothorax--Congo-Afro-tropical--NOBJMEMK_38450_d__Bacteria_p__Spirochaetota_c__Spirochaetia_o__Treponematales_f__Treponemataceae_B_g__Treponema_E_1"
"1086","230-22--RDCT165--Sphaerotermitinae--Sphaerotermes-sphaerothorax--Congo-Afro-tropical--NOBJMEMK_30826_d__Bacteria_p__Spirochaetota_c__Spirochaetia_o__Treponematales_f__Treponemataceae_B_1"
"1087","230-22--RDCT165--Sphaerotermitinae--Sphaerotermes-sphaerothorax--Congo-Afro-tropical--NOBJMEMK_70618_d__Bacteria_p__Spirochaetota_c__Spirochaetia_o__Treponematales_f__Treponemataceae_B_1"
"1088","230-22--RDCT165--Sphaerotermitinae--Sphaerotermes-sphaerothorax--Congo-Afro-tropical--NOBJMEMK_52288_d__Bacteria_p__Spirochaetota_c__Spirochaetia_o__Treponematales_f__Treponemataceae_B_1"
"1089","230-22--RDCT165--Sphaerotermitinae--Sphaerotermes-sphaerothorax--Congo-Afro-tropical--NOBJMEMK_31069_d__Bacteria_p__Spirochaetota_c__Spirochaetia_o__Treponematales_f__Treponemataceae_B_1"
"1090","230-22--RDCT165--Sphaerotermitinae--Sphaerotermes-sphaerothorax--Congo-Afro-tropical--NOBJMEMK_38393_d__Bacteria_p__Spirochaetota_c__Spirochaetia_o__Treponematales_f__Treponemataceae_B_1"
"1091","301-40--G13-28--Termitinae--Planicapritermes-planiceps--French-Guiana-Neo-tropical--JHDBPCMP_118577_d__Bacteria_p__Spirochaetota_c__Spirochaetia_o__Treponematales_f__Treponemataceae_B_1"
"1092","301-40--G13-28--Termitinae--Planicapritermes-planiceps--French-Guiana-Neo-tropical--JHDBPCMP_193560_d__Bacteria_p__Spirochaetota_c__Spirochaetia_o__Treponematales_f__Treponemataceae_B_1"
"1093","230-13--THAI43--Nasutitermitinae--Nasutitermes-sp-3--Thailand-Oriental--GAHIMCHH_37105_d__Bacteria_p__Spirochaetota_c__Spirochaetia_o__Treponematales_f__Treponemataceae_B_1"
"1094","301-24--BDIT094--Nasutitermitinae--Trinervitermes-sp--Burundi-Afro-tropical--PNDKBPLD_30707_d__Bacteria_p__Spirochaetota_c__Spirochaetia_o__Treponematales_f__Treponemataceae_B_1"
"1095","301-80--THAI100--Nasutitermitinae--Bulbitermes-nr-laticephalus--Thailand-Oriental--PLCNNCOE_00637_d__Bacteria_p__Spirochaetota_c__Spirochaetia_o__Treponematales_f__Treponemataceae_B_1"
"1096","301-80--THAI100--Nasutitermitinae--Bulbitermes-nr-laticephalus--Thailand-Oriental--PLCNNCOE_15339_d__Bacteria_p__Spirochaetota_c__Spirochaetia_o__Treponematales_f__Treponemataceae_B_1"
"1097","230-22--RDCT165--Sphaerotermitinae--Sphaerotermes-sphaerothorax--Congo-Afro-tropical--NOBJMEMK_20858_d__Bacteria_p__Spirochaetota_c__Spirochaetia_o__Treponematales_f__Treponemataceae_B_g__Treponema_E_s__Treponema_Eazotonutricium_1"
"1098","272-54--MAD15-130--Microcerotermes--Microcerotermes-mad-sp-B--Madagascar-Madagascar--DFAMJLME_67613_d__Bacteria_p__Spirochaetota_c__Spirochaetia_o__Treponematales_f__Treponemataceae_B_g__Treponema_E_1"
"1099","272-14--AUS71--Microcerotermes--Microcerotermes-sp-G--Australia-Australia--LAKMIEEK_96207_d__Bacteria_p__Spirochaetota_c__Spirochaetia_o__Treponematales_f__Treponemataceae_B_g__Treponema_E_1"
"1100","272-75--PHI1--Microcerotermes--Microcerotermes--Philippines-Oriental--EFHMCDAH_61205_d__Bacteria_p__Spirochaetota_c__Spirochaetia_o__Treponematales_f__Treponemataceae_B_g__Treponema_E_1"
"1101","230-03--PHI8--Microcerotermes--Microcerotermes--Philippines-Oriental--FFKHHJAJ_10910_d__Bacteria_p__Spirochaetota_c__Spirochaetia_o__Treponematales_f__Treponemataceae_B_g__Treponema_E_1"
"1102","272-04--48--Microcerotermes--Microcerotermes-papuanus--New-Guinea-Oceania--LLJHKGFM_131899_d__Bacteria_p__Spirochaetota_c__Spirochaetia_o__Treponematales_f__Treponemataceae_B_1"
"1103","272-04--48--Microcerotermes--Microcerotermes-papuanus--New-Guinea-Oceania--LLJHKGFM_53537_d__Bacteria_p__Spirochaetota_c__Spirochaetia_o__Treponematales_f__Treponemataceae_B_g__Treponema_E_1"
"1104","272-59--MAD15-169--Microcerotermes--Microcerotermes-mad-sp-D--Madagascar-Madagascar--BCNOAGMG_87428_d__Bacteria_p__Spirochaetota_c__Spirochaetia_o__Treponematales_f__Treponemataceae_B_g__Treponema_E_1"
"1105","301-77--TBRU414--Microcerotermes--Microcerotermes-nr-havilandi--Brunei-Oriental--LEAPNMHI_105219_d__Bacteria_p__Spirochaetota_c__Spirochaetia_o__Treponematales_f__Treponemataceae_B_1"
"1106","272-15--AUS82--Microcerotermes--Microcerotermes-sp-I--Australia-Australia--BIPLFEAP_41176_d__Bacteria_p__Spirochaetota_c__Spirochaetia_o__Treponematales_f__Treponemataceae_B_g__Treponema_E_1"
"1107","230-12--81--Microcerotermes--Microcerotermes-papuanus--New-Guinea-Oceania--GCKEGHAL_55080_d__Bacteria_p__Spirochaetota_c__Spirochaetia_o__Treponematales_f__Treponemataceae_B_g__Treponema_E_1"
"1108","301-08--81-2--Microcerotermes--Microcerotermes-papuanus--New-Guinea-Oceania--LIMPOKBC_30587_d__Bacteria_p__Spirochaetota_c__Spirochaetia_o__Treponematales_f__Treponemataceae_B_g__Treponema_E_1"
"1109","272-33--FG-ND02-38--Microcerotermes--Microcerotermes-sp-SA--French-Guiana-Neo-tropical--PJPNMPFH_08506_d__Bacteria_p__Spirochaetota_c__Spirochaetia_o__Treponematales_f__Treponemataceae_B_g__Treponema_E_1"
"1110","272-43--G-13-58--Microcerotermes--Microcerotermes--French-Guiana-Neo-tropical--NCHCEIMM_05986_d__Bacteria_p__Spirochaetota_c__Spirochaetia_o__Treponematales_f__Treponemataceae_B_g__Treponema_E_1"
"1111","272-13--AUS6--Microcerotermes--Microcerotermes-nervosus--Australia-Australia--FLPAOEAJ_05056_d__Bacteria_p__Spirochaetota_c__Spirochaetia_o__Treponematales_f__Treponemataceae_B_g__Treponema_E_1"
"1112","272-04--48--Microcerotermes--Microcerotermes-papuanus--New-Guinea-Oceania--LLJHKGFM_30000_d__Bacteria_p__Spirochaetota_c__Spirochaetia_o__Treponematales_f__Treponemataceae_B_g__Treponema_E_1"
"1113","272-02--28--Microcerotermes--Microcerotermes-papuanus--New-Guinea-Oceania--JCCLNIIL_92078_d__Bacteria_p__Spirochaetota_c__Spirochaetia_o__Treponematales_f__Treponemataceae_B_g__Treponema_E_1"
"1114","301-08--81-2--Microcerotermes--Microcerotermes-papuanus--New-Guinea-Oceania--LIMPOKBC_35469_d__Bacteria_p__Spirochaetota_c__Spirochaetia_o__Treponematales_f__Treponemataceae_B_g__Treponema_E_1"
"1115","272-85--RDCT134--Microcerotermes--Microcerotermes-parvus--Congo-Afro-tropical--IJFECECG_42691_d__Bacteria_p__Spirochaetota_c__Spirochaetia_o__Treponematales_f__Treponemataceae_B_g__Treponema_E_1"
"1116","230-14--RDCT055--Microcerotermes--Microcerotermes-parvus--Congo-Afro-tropical--AELJIOAN_105578_d__Bacteria_p__Spirochaetota_c__Spirochaetia_o__Treponematales_f__Treponemataceae_B_g__Treponema_E_1"
"1117","301-29--BDIT45--Microcerotermes--Microcerotermes-parvus--Burundi-Afro-tropical--GBGOPIBM_05844_d__Bacteria_p__Spirochaetota_c__Spirochaetia_o__Treponematales_f__Treponemataceae_B_g__Treponema_E_1"
"1118","272-68--MAD15-86--Microcerotermes--Microcerotermes-mad-sp-K--Madagascar-Madagascar--PDAPIIEL_94547_d__Bacteria_p__Spirochaetota_c__Spirochaetia_o__Treponematales_f__Treponemataceae_B_g__Treponema_E_1"
"1119","272-54--MAD15-130--Microcerotermes--Microcerotermes-mad-sp-B--Madagascar-Madagascar--DFAMJLME_50343_d__Bacteria_p__Spirochaetota_c__Spirochaetia_o__Treponematales_f__Treponemataceae_B_g__Treponema_E_1"
"1120","272-54--MAD15-130--Microcerotermes--Microcerotermes-mad-sp-B--Madagascar-Madagascar--DFAMJLME_30830_d__Bacteria_p__Spirochaetota_c__Spirochaetia_o__Treponematales_f__Treponemataceae_B_g__Treponema_E_1"
"1121","301-61--MAD15-71--Microcerotermes--Microcerotermes-mad-sp-B--Madagascar-Madagascar--HLHCAAJD_32888_d__Bacteria_p__Spirochaetota_c__Spirochaetia_o__Treponematales_f__Treponemataceae_B_g__Treponema_E_1"
"1122","272-77--RDCT033--Microcerotermes--Microcerotermes-fuscotibialis--Congo-Afro-tropical--POOGOANK_19722_d__Bacteria_p__Spirochaetota_c__Spirochaetia_o__Treponematales_f__Treponemataceae_B_g__Treponema_E_1"
"1123","301-59--MAD15-16--Microcerotermes--Microcerotermes-mad-sp-C--Madagascar-Madagascar--KIFAEBMO_17190_d__Bacteria_p__Spirochaetota_c__Spirochaetia_o__Treponematales_f__Treponemataceae_B_g__Treponema_E_1"
"1124","272-55--MAD15-136--Microcerotermes--Microcerotermes-mad-sp-G--Madagascar-Madagascar--IGAGHHBI_71926_d__Bacteria_p__Spirochaetota_c__Spirochaetia_o__Treponematales_f__Treponemataceae_B_1"
"1125","272-66--MAD15-76--Microcerotermes--Microcerotermes-mad-sp-G--Madagascar-Madagascar--BKGPDEIL_58587_d__Bacteria_p__Spirochaetota_c__Spirochaetia_o__Treponematales_f__Treponemataceae_B_g__Treponema_E_1"
"1126","272-56--MAD15-139--Microcerotermes--Microcerotermes-mad-sp-L--Madagascar-Madagascar--DPIGOLHB_37765_d__Bacteria_p__Spirochaetota_c__Spirochaetia_o__Treponematales_f__Treponemataceae_B_g__Treponema_E_1"
"1127","272-85--RDCT134--Microcerotermes--Microcerotermes-parvus--Congo-Afro-tropical--IJFECECG_75081_d__Bacteria_p__Spirochaetota_c__Spirochaetia_o__Treponematales_f__Treponemataceae_B_g__Treponema_E_1"
"1128","272-34--FG-ND02-39--Microcerotermes--Microcerotermes-sp-SC--French-Guiana-Neo-tropical--JCIBENDC_161907_d__Bacteria_p__Spirochaetota_c__Spirochaetia_o__Treponematales_f__Treponemataceae_B_g__Treponema_E_1"
"1129","272-45--G689--Microcerotermes--Microcerotermes-sp--French-Guiana-Neo-tropical--GMFGPJLH_08273_d__Bacteria_p__Spirochaetota_c__Spirochaetia_o__Treponematales_f__Treponemataceae_B_g__Treponema_E_1"
"1130","272-34--FG-ND02-39--Microcerotermes--Microcerotermes-sp-SC--French-Guiana-Neo-tropical--JCIBENDC_05266_d__Bacteria_p__Spirochaetota_c__Spirochaetia_o__Treponematales_f__Treponemataceae_B_g__Treponema_E_1"
"1131","272-33--FG-ND02-38--Microcerotermes--Microcerotermes-sp-SA--French-Guiana-Neo-tropical--PJPNMPFH_46848_d__Bacteria_p__Spirochaetota_c__Spirochaetia_o__Treponematales_f__Treponemataceae_B_g__Treponema_E_1"
"1132","272-43--G-13-58--Microcerotermes--Microcerotermes--French-Guiana-Neo-tropical--NCHCEIMM_123880_d__Bacteria_p__Spirochaetota_c__Spirochaetia_o__Treponematales_f__Treponemataceae_B_g__Treponema_E_1"
"1133","272-34--FG-ND02-39--Microcerotermes--Microcerotermes-sp-SC--French-Guiana-Neo-tropical--JCIBENDC_91828_d__Bacteria_p__Spirochaetota_c__Spirochaetia_o__Treponematales_f__Treponemataceae_B_g__Treponema_E_1"
"1134","272-34--FG-ND02-39--Microcerotermes--Microcerotermes-sp-SC--French-Guiana-Neo-tropical--JCIBENDC_39083_d__Bacteria_p__Spirochaetota_c__Spirochaetia_o__Treponematales_f__Treponemataceae_B_g__Treponema_E_1"
"1135","272-45--G689--Microcerotermes--Microcerotermes-sp--French-Guiana-Neo-tropical--GMFGPJLH_25165_d__Bacteria_p__Spirochaetota_c__Spirochaetia_o__Treponematales_f__Treponemataceae_B_g__Treponema_E_1"
"1136","230-16--MAD15-54--Microcerotermes--Microcerotermes-mad-sp-H--Madagascar-Madagascar--LABPPIEE_25716_d__Bacteria_p__Spirochaetota_c__Spirochaetia_o__Treponematales_f__Treponemataceae_B_g__Treponema_E_1"
"1137","272-04--48--Microcerotermes--Microcerotermes-papuanus--New-Guinea-Oceania--LLJHKGFM_62386_d__Bacteria_p__Spirochaetota_c__Spirochaetia_o__Treponematales_f__Treponemataceae_B_g__Treponema_E_1"
"1138","230-15--D2-34--Microcerotermes--Microcerotermes-biroi--New-Guinea-Oceania--HEFGFCPB_85590_d__Bacteria_p__Spirochaetota_c__Spirochaetia_o__Treponematales_f__Treponemataceae_B_1"
"1139","272-02--28--Microcerotermes--Microcerotermes-papuanus--New-Guinea-Oceania--JCCLNIIL_41055_d__Bacteria_p__Spirochaetota_c__Spirochaetia_o__Treponematales_f__Treponemataceae_B_g__Treponema_E_1"
"1140","272-33--FG-ND02-38--Microcerotermes--Microcerotermes-sp-SA--French-Guiana-Neo-tropical--PJPNMPFH_80319_d__Bacteria_p__Spirochaetota_c__Spirochaetia_o__Treponematales_f__Treponemataceae_B_g__Treponema_E_1"
"1141","272-33--FG-ND02-38--Microcerotermes--Microcerotermes-sp-SA--French-Guiana-Neo-tropical--PJPNMPFH_100841_d__Bacteria_p__Spirochaetota_c__Spirochaetia_o__Treponematales_f__Treponemataceae_B_g__Treponema_E_1"
"1142","272-43--G-13-58--Microcerotermes--Microcerotermes--French-Guiana-Neo-tropical--NCHCEIMM_177627_d__Bacteria_p__Spirochaetota_c__Spirochaetia_o__Treponematales_f__Treponemataceae_B_1"
"1143","272-33--FG-ND02-38--Microcerotermes--Microcerotermes-sp-SA--French-Guiana-Neo-tropical--PJPNMPFH_43974_d__Bacteria_p__Spirochaetota_c__Spirochaetia_o__Treponematales_f__Treponemataceae_B_g__Treponema_E_1"
"1144","272-34--FG-ND02-39--Microcerotermes--Microcerotermes-sp-SC--French-Guiana-Neo-tropical--JCIBENDC_97161_d__Bacteria_p__Spirochaetota_c__Spirochaetia_o__Treponematales_f__Treponemataceae_B_g__Treponema_E_1"
"1145","272-43--G-13-58--Microcerotermes--Microcerotermes--French-Guiana-Neo-tropical--NCHCEIMM_58556_d__Bacteria_p__Spirochaetota_c__Spirochaetia_o__Treponematales_f__Treponemataceae_B_g__Treponema_E_1"
"1146","272-34--FG-ND02-39--Microcerotermes--Microcerotermes-sp-SC--French-Guiana-Neo-tropical--JCIBENDC_101657_d__Bacteria_p__Spirochaetota_c__Spirochaetia_o__Treponematales_f__Treponemataceae_B_g__Treponema_E_1"
"1147","230-16--MAD15-54--Microcerotermes--Microcerotermes-mad-sp-H--Madagascar-Madagascar--LABPPIEE_74138_d__Bacteria_p__Spirochaetota_c__Spirochaetia_o__Treponematales_f__Treponemataceae_B_g__Treponema_E_1"
"1148","272-34--FG-ND02-39--Microcerotermes--Microcerotermes-sp-SC--French-Guiana-Neo-tropical--JCIBENDC_185883_d__Bacteria_p__Spirochaetota_c__Spirochaetia_o__Treponematales_f__Treponemataceae_B_1"
"1149","272-55--MAD15-136--Microcerotermes--Microcerotermes-mad-sp-G--Madagascar-Madagascar--IGAGHHBI_66292_d__Bacteria_p__Spirochaetota_c__Spirochaetia_o__Treponematales_f__Treponemataceae_B_g__Treponema_E_1"
"1150","272-33--FG-ND02-38--Microcerotermes--Microcerotermes-sp-SA--French-Guiana-Neo-tropical--PJPNMPFH_72418_d__Bacteria_p__Spirochaetota_c__Spirochaetia_o__Treponematales_f__Treponemataceae_B_g__Treponema_E_1"
"1151","272-45--G689--Microcerotermes--Microcerotermes-sp--French-Guiana-Neo-tropical--GMFGPJLH_24945_d__Bacteria_p__Spirochaetota_c__Spirochaetia_o__Treponematales_f__Treponemataceae_B_g__Treponema_E_1"
"1152","272-40--G13-30--Nasutitermitinae--Coatitermes-kartaboensis--French-Guiana-Neo-tropical--FGHEMLMB_42079_d__Bacteria_p__Spirochaetota_c__Spirochaetia_o__Treponematales_f__Treponemataceae_B_g__Treponema_E_1"
"1153","301-40--G13-28--Termitinae--Planicapritermes-planiceps--French-Guiana-Neo-tropical--JHDBPCMP_08789_d__Bacteria_p__Spirochaetota_c__Spirochaetia_o__Treponematales_f__Treponemataceae_B_g__Treponema_E_s__Treponema_Eazotonutricium_1"
"1154","301-05--49--Termitinae--Protocapritermes-odontomachus--New-Guinea-Oceania--EIGMLILD_137615_d__Bacteria_p__Spirochaetota_c__Spirochaetia_o__Treponematales_f__Treponemataceae_B_1"
"1155","301-65--RDCT021--Apicotermitinae--Acidnotermes-praus--Congo-Afro-tropical--MOIHAFJF_22208_d__Bacteria_p__Spirochaetota_c__Spirochaetia_o__Treponematales_f__Treponemataceae_B_g__Treponema_E_1"
"1156","272-87--SAF5--Macrotermitinae--Allodontotermes-schultzei--South-Africa-Afro-tropical--GBGDJPGA_373027_d__Bacteria_p__Spirochaetota_c__Spirochaetia_o__Treponematales_f__Treponemataceae_B_g__Treponema_E_1"
"1157","301-40--G13-28--Termitinae--Planicapritermes-planiceps--French-Guiana-Neo-tropical--JHDBPCMP_59843_d__Bacteria_p__Spirochaetota_c__Spirochaetia_o__Treponematales_f__Treponemataceae_B_g__Treponema_E_s__Treponema_Eazotonutricium_1"
"1158","230-13--THAI43--Nasutitermitinae--Nasutitermes-sp-3--Thailand-Oriental--GAHIMCHH_06938_d__Bacteria_p__Spirochaetota_c__Spirochaetia_o__Treponematales_f__Treponemataceae_B_g__Treponema_E_1"
"1159","301-64--NSW6--Nasutitermitinae--Occasitermes--Australia-Australia--MDFLAMOO_01592_d__Bacteria_p__Spirochaetota_c__Spirochaetia_o__Treponematales_f__Treponemataceae_B_g__Treponema_E_1"
"1160","301-80--THAI100--Nasutitermitinae--Bulbitermes-nr-laticephalus--Thailand-Oriental--PLCNNCOE_115745_d__Bacteria_p__Spirochaetota_c__Spirochaetia_o__Treponematales_f__Treponemataceae_B_g__Treponema_E_1"
"1161","272-50--KE15-44--Nasutitermitinae--Trinervitermes-gratiosus--Kenya-Afro-tropical--KCLNDEGO_26675_d__Bacteria_p__Spirochaetota_c__Spirochaetia_o__Treponematales_f__Treponemataceae_B_g__Treponema_E_1"
"1162","301-24--BDIT094--Nasutitermitinae--Trinervitermes-sp--Burundi-Afro-tropical--PNDKBPLD_335727_d__Bacteria_p__Spirochaetota_c__Spirochaetia_o__Treponematales_f__Treponemataceae_B_1"
"1163","272-50--KE15-44--Nasutitermitinae--Trinervitermes-gratiosus--Kenya-Afro-tropical--KCLNDEGO_81844_d__Bacteria_p__Spirochaetota_c__Spirochaetia_o__Treponematales_f__Treponemataceae_B_1"
"1164","301-24--BDIT094--Nasutitermitinae--Trinervitermes-sp--Burundi-Afro-tropical--PNDKBPLD_335759_d__Bacteria_p__Spirochaetota_c__Spirochaetia_o__Treponematales_f__Treponemataceae_B_g__Treponema_E_1"
"1165","301-15--AUS4--Termitinae--Amitermes-meridionalis--Australia-Australia--AABCFOKG_143683_d__Bacteria_p__Spirochaetota_c__Spirochaetia_o__Treponematales_f__Treponemataceae_B_g__Treponema_E_s__Treponema_Eazotonutricium_1"
"1166","301-32--BRA1--Nasutitermitinae--Constrictotermes-ciphergaster--Brazil-Neo-tropical--LLHKHKLA_13170_d__Bacteria_p__Spirochaetota_c__Spirochaetia_o__Treponematales_f__Treponemataceae_B_g__Treponema_E_s__Treponema_Eazotonutricium_1"
"1167","301-40--G13-28--Termitinae--Planicapritermes-planiceps--French-Guiana-Neo-tropical--JHDBPCMP_11325_d__Bacteria_p__Spirochaetota_c__Spirochaetia_o__Treponematales_f__Treponemataceae_B_g__Treponema_E_1"
"1168","301-30--BDIT086--Macrotermitinae--Odontotermes-sp--Burundi-Afro-tropical--GKHMPODP_248815_d__Bacteria_p__Spirochaetota_c__Spirochaetia_o__Treponematales_f__Treponemataceae_B_g__Treponema_E_s__Treponema_Eazotonutricium_1"
"1169","301-32--BRA1--Nasutitermitinae--Constrictotermes-ciphergaster--Brazil-Neo-tropical--LLHKHKLA_228206_d__Bacteria_p__Spirochaetota_c__Spirochaetia_o__Treponematales_f__Treponemataceae_B_g__Treponema_E_1"
"1170","272-93--TBRU711D--Termitinae--Orientotermes--Brunei-Oriental--OAMOGONE_24233_d__Bacteria_p__Spirochaetota_c__Spirochaetia_o__Treponematales_f__Treponemataceae_B_g__Treponema_E_1"
"1171","301-41--G13-32--Apicotermitinae--Anoplotermes-banksi--French-Guiana-Neo-tropical--GBOCAJFK_61673_d__Bacteria_p__Spirochaetota_c__Spirochaetia_o__Treponematales_f__Treponemataceae_B_g__Treponema_E_1"
"1172","272-87--SAF5--Macrotermitinae--Allodontotermes-schultzei--South-Africa-Afro-tropical--GBGDJPGA_318598_d__Bacteria_p__Spirochaetota_c__Spirochaetia_o__Treponematales_f__Treponemataceae_B_g__Treponema_E_1"
"1173","301-30--BDIT086--Macrotermitinae--Odontotermes-sp--Burundi-Afro-tropical--GKHMPODP_143797_d__Bacteria_p__Spirochaetota_c__Spirochaetia_o__Treponematales_f__Treponemataceae_B_g__Treponema_E_s__Treponema_Eazotonutricium_1"
"1174","301-40--G13-28--Termitinae--Planicapritermes-planiceps--French-Guiana-Neo-tropical--JHDBPCMP_11209_d__Bacteria_p__Spirochaetota_c__Spirochaetia_o__Treponematales_f__Treponemataceae_B_g__Treponema_E_s__Treponema_Eazotonutricium_1"
"1175","272-39--G13-24--Termitinae--Cylindrotermes--French-Guiana-Neo-tropical--OBOEKFOA_271187_d__Bacteria_p__Spirochaetota_c__Spirochaetia_o__Treponematales_f__Treponemataceae_B_1"
"1176","272-39--G13-24--Termitinae--Cylindrotermes--French-Guiana-Neo-tropical--OBOEKFOA_09194_d__Bacteria_p__Spirochaetota_c__Spirochaetia_o__Treponematales_f__Treponemataceae_B_g__Treponema_E_s__Treponema_Eazotonutricium_1"
"1177","272-39--G13-24--Termitinae--Cylindrotermes--French-Guiana-Neo-tropical--OBOEKFOA_12150_d__Bacteria_p__Spirochaetota_c__Spirochaetia_o__Treponematales_f__Treponemataceae_B_g__Treponema_E_1"
"1178","272-86--RDCT180--Termitinae--Cephalotermes--Congo-Afro-tropical--MFLDAJAL_01197_d__Bacteria_p__Spirochaetota_c__Spirochaetia_o__Treponematales_f__Treponemataceae_B_g__Treponema_E_s__Treponema_Eazotonutricium_1"
"1179","272-86--RDCT180--Termitinae--Cephalotermes--Congo-Afro-tropical--MFLDAJAL_05472_d__Bacteria_p__Spirochaetota_c__Spirochaetia_o__Treponematales_f__Treponemataceae_B_g__Treponema_E_s__Treponema_Eazotonutricium_1"
"1180","272-61--MAD15-2--Kalotermitidae--Bifiditermes--Madagascar-Madagascar--CIMHPALE_110013_d__Bacteria_p__Spirochaetota_c__Spirochaetia_o__Treponematales_f__Treponemataceae_B_g__Treponema_E_1"
"1181","301-19--AUS89--Kalotermitidae--Kalotermitidae-sp-A--Australia-Australia--JAHMBFEI_343280_d__Bacteria_p__Spirochaetota_c__Spirochaetia_o__Treponematales_f__Treponemataceae_B_g__Treponema_E_1"
"1182","RS_GCF_000214355_1_d__Bacteria_p__Spirochaetota_c__Spirochaetia_o__Treponematales_f__Treponemataceae_B_g__Treponema_E_s__Treponema_Eazotonutricium_termitegut_1"
"1183","301-30--BDIT086--Macrotermitinae--Odontotermes-sp--Burundi-Afro-tropical--GKHMPODP_244288_d__Bacteria_p__Spirochaetota_c__Spirochaetia_o__Treponematales_f__Treponemataceae_B_g__Treponema_E_s__Treponema_Eazotonutricium_1"
"1184","272-86--RDCT180--Termitinae--Cephalotermes--Congo-Afro-tropical--MFLDAJAL_30425_d__Bacteria_p__Spirochaetota_c__Spirochaetia_o__Treponematales_f__Treponemataceae_B_g__Treponema_E_s__Treponema_Eazotonutricium_1"
"1185","272-86--RDCT180--Termitinae--Cephalotermes--Congo-Afro-tropical--MFLDAJAL_37404_d__Bacteria_p__Spirochaetota_c__Spirochaetia_o__Treponematales_f__Treponemataceae_B_g__Treponema_E_1"
"1186","301-40--G13-28--Termitinae--Planicapritermes-planiceps--French-Guiana-Neo-tropical--JHDBPCMP_145679_d__Bacteria_p__Spirochaetota_c__Spirochaetia_o__Treponematales_f__Treponemataceae_B_g__Treponema_E_s__Treponema_Eazotonutricium_1"
"1187","301-40--G13-28--Termitinae--Planicapritermes-planiceps--French-Guiana-Neo-tropical--JHDBPCMP_63309_d__Bacteria_p__Spirochaetota_c__Spirochaetia_o__Treponematales_f__Treponemataceae_B_g__Treponema_E_s__Treponema_Eazotonutricium_1"
"1188","301-40--G13-28--Termitinae--Planicapritermes-planiceps--French-Guiana-Neo-tropical--JHDBPCMP_12219_d__Bacteria_p__Spirochaetota_c__Spirochaetia_o__Treponematales_f__Treponemataceae_B_g__Treponema_E_s__Treponema_Eazotonutricium_1"
"1189","301-40--G13-28--Termitinae--Planicapritermes-planiceps--French-Guiana-Neo-tropical--JHDBPCMP_05799_d__Bacteria_p__Spirochaetota_c__Spirochaetia_o__Treponematales_f__Treponemataceae_B_g__Treponema_E_s__Treponema_Eazotonutricium_1"
"1190","301-50--G683--Termitinae--Neocapritermes-sp-H--French-Guiana-Neo-tropical--MFJENAHB_159661_d__Bacteria_p__Spirochaetota_c__Spirochaetia_o__Treponematales_f__Treponemataceae_B_g__Treponema_E_s__Treponema_Eazotonutricium_1"
"1191","301-40--G13-28--Termitinae--Planicapritermes-planiceps--French-Guiana-Neo-tropical--JHDBPCMP_23185_d__Bacteria_p__Spirochaetota_c__Spirochaetia_o__Treponematales_f__Treponemataceae_B_g__Treponema_E_s__Treponema_Eazotonutricium_1"
"1192","301-40--G13-28--Termitinae--Planicapritermes-planiceps--French-Guiana-Neo-tropical--JHDBPCMP_49094_d__Bacteria_p__Spirochaetota_c__Spirochaetia_o__Treponematales_f__Treponemataceae_B_g__Treponema_E_s__Treponema_Eazotonutricium_1"
