"","."
"1","229-03--CF-RNA-1--Rhinotermitidae--Coptotermes-formosanus--South-East-Asia-Oriental--GINAPPOA_206324_d__Bacteria_p__Spirochaetota_c__Spirochaetia_o__Treponematales_f__Treponemataceae_B_1"
"2","229-03--CF-RNA-1--Rhinotermitidae--Coptotermes-formosanus--South-East-Asia-Oriental--GINAPPOA_327994_d__Bacteria_p__Spirochaetota_c__Spirochaetia_o__Treponematales_f__Treponemataceae_B_1"
"3","230-04--RDCT185--Rhinotermitidae--Coptotermes-Congo-Afro-tropical--AEOJKODN_29392_d__Bacteria_p__Spirochaetota_c__Spirochaetia_o__Treponematales_f__Treponemataceae_B_g__Treponema_E_1"
"4","230-04--RDCT185--Rhinotermitidae--Coptotermes-Congo-Afro-tropical--AEOJKODN_49784_d__Bacteria_p__Spirochaetota_c__Spirochaetia_o__Treponematales_f__Treponemataceae_B_1"
"5","272-03--30--Rhinotermitidae--Parrhinotermes-browni--New-Guinea-Oceania--BFIFJDIC_33636_d__Bacteria_p__Spirochaetota_c__Spirochaetia_o__Treponematales_f__Treponemataceae_B_1"
"6","301-72--RDCT144--Macrotermitinae--Odontotermes-sp-D--Congo-Afro-tropical--PIOHDNCJ_155698_d__Bacteria_p__Spirochaetota_c__Spirochaetia_o__Treponematales_f__Treponemataceae_B_1"
"7","272-03--30--Rhinotermitidae--Parrhinotermes-browni--New-Guinea-Oceania--BFIFJDIC_408197_d__Bacteria_p__Spirochaetota_c__Spirochaetia_o__Treponematales_f__Treponemataceae_B_1"
"8","301-63--NG90--Rhinotermitidae--Prorhinotermes-inopinatus--New-Guinea-Oceania--OFHFMJGH_392447_d__Bacteria_p__Spirochaetota_c__Spirochaetia_o__Treponematales_f__Treponemataceae_B_1"
"9","229-03--CF-RNA-1--Rhinotermitidae--Coptotermes-formosanus--South-East-Asia-Oriental--GINAPPOA_352054_d__Bacteria_p__Spirochaetota_c__Spirochaetia_o__Treponematales_f__Treponemataceae_B_1"
"10","272-03--30--Rhinotermitidae--Parrhinotermes-browni--New-Guinea-Oceania--BFIFJDIC_563858_d__Bacteria_p__Spirochaetota_c__Spirochaetia_o__Treponematales_1"
"11","229-05--MD-RNA-1--Mastotermitidae--Mastotermes-darwiniensis--Australia-Australia--PPNPLOKA_469778_d__Bacteria_p__Spirochaetota_c__Spirochaetia_o__Treponematales_1"
"12","230-22--RDCT165--Sphaerotermitinae--Sphaerotermes-sphaerothorax--Congo-Afro-tropical--NOBJMEMK_36113_d__Bacteria_p__Spirochaetota_c__Spirochaetia_o__Treponematales_f__Treponemataceae_B_1"
"13","230-22--RDCT165--Sphaerotermitinae--Sphaerotermes-sphaerothorax--Congo-Afro-tropical--NOBJMEMK_26975_d__Bacteria_p__Spirochaetota_c__Spirochaetia_o__Treponematales_f__Treponemataceae_B_1"
"14","230-22--RDCT165--Sphaerotermitinae--Sphaerotermes-sphaerothorax--Congo-Afro-tropical--NOBJMEMK_49416_d__Bacteria_p__Spirochaetota_c__Spirochaetia_o__Treponematales_f__Treponemataceae_B_1"
"15","230-22--RDCT165--Sphaerotermitinae--Sphaerotermes-sphaerothorax--Congo-Afro-tropical--NOBJMEMK_120412_d__Bacteria_p__Spirochaetota_c__Spirochaetia_o__Treponematales_f__Treponemataceae_B_1"
"16","230-22--RDCT165--Sphaerotermitinae--Sphaerotermes-sphaerothorax--Congo-Afro-tropical--NOBJMEMK_129120_d__Bacteria_p__Spirochaetota_c__Spirochaetia_o__Treponematales_f__Treponemataceae_B_1"
"17","272-59--MAD15-169--Microcerotermes--Microcerotermes-mad-sp-D--Madagascar-Madagascar--BCNOAGMG_37475_d__Bacteria_p__Spirochaetota_c__Spirochaetia_o__Treponematales_1"
"18","272-84--RDCT119--Microcerotermes--Microcerotermes-parvus--Congo-Afro-tropical--HFABNABN_157544_d__Bacteria_p__Spirochaetota_c__Spirochaetia_o__Treponematales_1"
"19","272-34--FG-ND02-39--Microcerotermes--Microcerotermes-sp-SC--French-Guiana-Neo-tropical--JCIBENDC_96949_d__Bacteria_p__Spirochaetota_c__Spirochaetia_o__Treponematales_1"
"20","229-07--Msp-RNA-1--Microcerotermes--Microcerotermes--South-East-Asia-Oriental--DPEHDFIK_17856_d__Bacteria_p__Spirochaetota_c__Spirochaetia_o__Treponematales_1"
"21","272-55--MAD15-136--Microcerotermes--Microcerotermes-mad-sp-G--Madagascar-Madagascar--IGAGHHBI_38288_d__Bacteria_p__Spirochaetota_c__Spirochaetia_o__Treponematales_1"
"22","272-34--FG-ND02-39--Microcerotermes--Microcerotermes-sp-SC--French-Guiana-Neo-tropical--JCIBENDC_48959_d__Bacteria_p__Spirochaetota_c__Spirochaetia_o__Treponematales_f__Treponemataceae_B_1"
"23","272-33--FG-ND02-38--Microcerotermes--Microcerotermes-sp-SA--French-Guiana-Neo-tropical--PJPNMPFH_108389_d__Bacteria_p__Spirochaetota_c__Spirochaetia_o__Treponematales_1"
"24","272-43--G-13-58--Microcerotermes--Microcerotermes--French-Guiana-Neo-tropical--NCHCEIMM_54514_d__Bacteria_p__Spirochaetota_c__Spirochaetia_o__Treponematales_f__Treponemataceae_B_1"
"25","272-34--FG-ND02-39--Microcerotermes--Microcerotermes-sp-SC--French-Guiana-Neo-tropical--JCIBENDC_163022_d__Bacteria_p__Spirochaetota_c__Spirochaetia_o__Treponematales_1"
"26","272-34--FG-ND02-39--Microcerotermes--Microcerotermes-sp-SC--French-Guiana-Neo-tropical--JCIBENDC_176769_d__Bacteria_p__Spirochaetota_c__Spirochaetia_o__Treponematales_1"
"27","272-34--FG-ND02-39--Microcerotermes--Microcerotermes-sp-SC--French-Guiana-Neo-tropical--JCIBENDC_117933_d__Bacteria_p__Spirochaetota_c__Spirochaetia_o__Treponematales_f__Treponemataceae_B_1"
"28","272-34--FG-ND02-39--Microcerotermes--Microcerotermes-sp-SC--French-Guiana-Neo-tropical--JCIBENDC_143063_d__Bacteria_p__Spirochaetota_c__Spirochaetia_o__Treponematales_f__Treponemataceae_B_1"
"29","272-34--FG-ND02-39--Microcerotermes--Microcerotermes-sp-SC--French-Guiana-Neo-tropical--JCIBENDC_145158_d__Bacteria_p__Spirochaetota_c__Spirochaetia_o__Treponematales_1"
"30","272-34--FG-ND02-39--Microcerotermes--Microcerotermes-sp-SC--French-Guiana-Neo-tropical--JCIBENDC_62100_d__Bacteria_p__Spirochaetota_c__Spirochaetia_o__Treponematales_1"
"31","230-14--RDCT055--Microcerotermes--Microcerotermes-parvus--Congo-Afro-tropical--AELJIOAN_84327_d__Bacteria_p__Spirochaetota_c__Spirochaetia_o__Treponematales_f__Treponemataceae_B_1"
"32","272-84--RDCT119--Microcerotermes--Microcerotermes-parvus--Congo-Afro-tropical--HFABNABN_113755_d__Bacteria_p__Spirochaetota_c__Spirochaetia_o__Treponematales_f__Treponemataceae_B_1"
"33","301-58--MAD15-116--Microcerotermes--Microcerotermes-mad-sp-H--Madagascar-Madagascar--BKJILCFM_06532_d__Bacteria_p__Spirochaetota_c__Spirochaetia_o__Treponematales_f__Treponemataceae_B_1"
"34","272-57--MAD15-148--Microcerotermes--Microcerotermes-mad-sp-F--Madagascar-Madagascar--HPMPMEPI_52345_d__Bacteria_p__Spirochaetota_c__Spirochaetia_o__Treponematales_1"
"35","301-58--MAD15-116--Microcerotermes--Microcerotermes-mad-sp-H--Madagascar-Madagascar--BKJILCFM_09892_d__Bacteria_p__Spirochaetota_c__Spirochaetia_o__Treponematales_f__Treponemataceae_B_1"
"36","272-52--MAD15-104--Microcerotermes--Microcerotermes-mad-sp-C--Madagascar-Madagascar--JEOFLHGI_34734_d__Bacteria_p__Spirochaetota_c__Spirochaetia_o__Treponematales_f__Treponemataceae_B_1"
"37","272-67--MAD15-85--Microcerotermes--Microcerotermes-mad-sp-A--Madagascar-Madagascar--FFCMJAEF_76884_d__Bacteria_p__Spirochaetota_c__Spirochaetia_o__Treponematales_1"
"38","230-16--MAD15-54--Microcerotermes--Microcerotermes-mad-sp-H--Madagascar-Madagascar--LABPPIEE_33249_d__Bacteria_p__Spirochaetota_c__Spirochaetia_o__Treponematales_f__Treponemataceae_B_1"
"39","272-56--MAD15-139--Microcerotermes--Microcerotermes-mad-sp-L--Madagascar-Madagascar--DPIGOLHB_33702_d__Bacteria_p__Spirochaetota_c__Spirochaetia_o__Treponematales_1"
"40","272-53--MAD15-113--Microcerotermes--Microcerotermes-mad-sp-G--Madagascar-Madagascar--IKDIKFDP_28819_d__Bacteria_p__Spirochaetota_c__Spirochaetia_o__Treponematales_1"
"41","272-68--MAD15-86--Microcerotermes--Microcerotermes-mad-sp-K--Madagascar-Madagascar--PDAPIIEL_25990_d__Bacteria_p__Spirochaetota_c__Spirochaetia_o__Treponematales_1"
"42","272-54--MAD15-130--Microcerotermes--Microcerotermes-mad-sp-B--Madagascar-Madagascar--DFAMJLME_55356_d__Bacteria_p__Spirochaetota_c__Spirochaetia_o__Treponematales_1"
"43","272-68--MAD15-86--Microcerotermes--Microcerotermes-mad-sp-K--Madagascar-Madagascar--PDAPIIEL_78182_d__Bacteria_p__Spirochaetota_c__Spirochaetia_o__Treponematales_1"
"44","301-61--MAD15-71--Microcerotermes--Microcerotermes-mad-sp-B--Madagascar-Madagascar--HLHCAAJD_84838_d__Bacteria_p__Spirochaetota_c__Spirochaetia_o__Treponematales_f__Treponemataceae_B_1"
"45","272-55--MAD15-136--Microcerotermes--Microcerotermes-mad-sp-G--Madagascar-Madagascar--IGAGHHBI_10641_d__Bacteria_p__Spirochaetota_c__Spirochaetia_o__Treponematales_f__Treponemataceae_B_1"
"46","272-56--MAD15-139--Microcerotermes--Microcerotermes-mad-sp-L--Madagascar-Madagascar--DPIGOLHB_75525_d__Bacteria_p__Spirochaetota_c__Spirochaetia_o__Treponematales_1"
"47","272-15--AUS82--Microcerotermes--Microcerotermes-sp-I--Australia-Australia--BIPLFEAP_19412_d__Bacteria_p__Spirochaetota_c__Spirochaetia_o__Treponematales_f__Treponemataceae_B_1"
"48","230-12--81--Microcerotermes--Microcerotermes-papuanus--New-Guinea-Oceania--GCKEGHAL_09793_d__Bacteria_p__Spirochaetota_c__Spirochaetia_o__Treponematales_f__Treponemataceae_B_1"
"49","272-75--PHI1--Microcerotermes--Microcerotermes--Philippines-Oriental--EFHMCDAH_72870_d__Bacteria_p__Spirochaetota_c__Spirochaetia_o__Treponematales_1"
"50","272-95--TBRU912E--Microcerotermes--Microcerotermes-serrula--Brunei-Oriental--MIGHMNII_143348_d__Bacteria_p__Spirochaetota_c__Spirochaetia_o__Treponematales_1"
"51","272-04--48--Microcerotermes--Microcerotermes-papuanus--New-Guinea-Oceania--LLJHKGFM_114998_d__Bacteria_p__Spirochaetota_c__Spirochaetia_o__Treponematales_1"
"52","301-08--81-2--Microcerotermes--Microcerotermes-papuanus--New-Guinea-Oceania--LIMPOKBC_112082_d__Bacteria_p__Spirochaetota_c__Spirochaetia_o__Treponematales_1"
"53","230-03--PHI8--Microcerotermes--Microcerotermes--Philippines-Oriental--FFKHHJAJ_18827_d__Bacteria_p__Spirochaetota_c__Spirochaetia_o__Treponematales_1"
"54","272-84--RDCT119--Microcerotermes--Microcerotermes-parvus--Congo-Afro-tropical--HFABNABN_133768_d__Bacteria_p__Spirochaetota_c__Spirochaetia_o__Treponematales_f__Treponemataceae_B_1"
"55","272-19--BDIT102--Microcerotermes--Microcerotermes-fuscotibialis--Burundi-Afro-tropical--CAECBDLP_44431_d__Bacteria_p__Spirochaetota_c__Spirochaetia_o__Treponematales_f__Treponemataceae_B_1"
"56","272-77--RDCT033--Microcerotermes--Microcerotermes-fuscotibialis--Congo-Afro-tropical--POOGOANK_26757_d__Bacteria_p__Spirochaetota_c__Spirochaetia_o__Treponematales_f__Treponemataceae_B_1"
"57","301-32--BRA1--Nasutitermitinae--Constrictotermes-ciphergaster--Brazil-Neo-tropical--LLHKHKLA_44290_d__Bacteria_p__Spirochaetota_c__Spirochaetia_o__Treponematales_1"
"58","301-14--AUS49--Nasutitermitinae--Nasutitermes-sp-G--Australia-Australia--KHIKJGJF_62650_d__Bacteria_p__Spirochaetota_c__Spirochaetia_o__Treponematales_1"
"59","230-11--60--Nasutitermitinae--Nasutitermes-gracilirostris--New-Guinea-Oceania--MHIDOOBA_16082_d__Bacteria_p__Spirochaetota_c__Spirochaetia_o__Treponematales_1"
"60","301-07--69--Nasutitermitinae--Nasutitermes-bikpelanus--New-Guinea-Oceania--NMAGJELM_59275_d__Bacteria_p__Spirochaetota_c__Spirochaetia_o__Treponematales_1"
"61","301-54--G733--Nasutitermitinae--Nasutitermes-macrocephalus--French-Guiana-Neo-tropical--POHOEHOL_02077_d__Bacteria_p__Spirochaetota_c__Spirochaetia_o__Treponematales_1"
"62","272-50--KE15-44--Nasutitermitinae--Trinervitermes-gratiosus--Kenya-Afro-tropical--KCLNDEGO_19103_d__Bacteria_p__Spirochaetota_c__Spirochaetia_o__Treponematales_1"
"63","272-50--KE15-44--Nasutitermitinae--Trinervitermes-gratiosus--Kenya-Afro-tropical--KCLNDEGO_16423_d__Bacteria_p__Spirochaetota_c__Spirochaetia_o__Treponematales_1"
"64","272-50--KE15-44--Nasutitermitinae--Trinervitermes-gratiosus--Kenya-Afro-tropical--KCLNDEGO_06143_d__Bacteria_p__Spirochaetota_c__Spirochaetia_o__Treponematales_1"
"65","301-24--BDIT094--Nasutitermitinae--Trinervitermes-sp--Burundi-Afro-tropical--PNDKBPLD_01090_d__Bacteria_p__Spirochaetota_c__Spirochaetia_o__Treponematales_1"
"66","272-25--BRU6--Nasutitermitinae--Nasutitermes--Brunei-Oriental--IJIDIGGP_34946_d__Bacteria_p__Spirochaetota_c__Spirochaetia_o__Treponematales_1"
"67","301-80--THAI100--Nasutitermitinae--Bulbitermes-nr-laticephalus--Thailand-Oriental--PLCNNCOE_01463_d__Bacteria_p__Spirochaetota_c__Spirochaetia_o__Treponematales_1"
"68","230-13--THAI43--Nasutitermitinae--Nasutitermes-sp-3--Thailand-Oriental--GAHIMCHH_01229_d__Bacteria_p__Spirochaetota_c__Spirochaetia_o__Treponematales_1"
"69","230-13--THAI43--Nasutitermitinae--Nasutitermes-sp-3--Thailand-Oriental--GAHIMCHH_30213_d__Bacteria_p__Spirochaetota_c__Spirochaetia_o__Treponematales_1"
"70","230-13--THAI43--Nasutitermitinae--Nasutitermes-sp-3--Thailand-Oriental--GAHIMCHH_57719_d__Bacteria_p__Spirochaetota_c__Spirochaetia_o__Treponematales_f__Treponemataceae_B_1"
"71","272-46--G728--Nasutitermitinae--Agnathotermes-crassinasus--French-Guiana-Neo-tropical--MGHCOOPN_03436_d__Bacteria_p__Spirochaetota_c__Spirochaetia_o__Treponematales_1"
"72","301-39--G13-130--Nasutitermitinae--Coatitermes-sp-2--French-Guiana-Neo-tropical--KIBFDEIN_09874_d__Bacteria_p__Spirochaetota_c__Spirochaetia_o__Treponematales_1"
"73","230-11--60--Nasutitermitinae--Nasutitermes-gracilirostris--New-Guinea-Oceania--MHIDOOBA_44226_d__Bacteria_p__Spirochaetota_c__Spirochaetia_o__Treponematales_f__Treponemataceae_B_1"
"74","272-13--AUS6--Microcerotermes--Microcerotermes-nervosus--Australia-Australia--FLPAOEAJ_135496_d__Bacteria_p__Spirochaetota_c__Spirochaetia_o__Treponematales_f__Treponemataceae_B_1"
"75","230-12--81--Microcerotermes--Microcerotermes-papuanus--New-Guinea-Oceania--GCKEGHAL_120723_d__Bacteria_p__Spirochaetota_c__Spirochaetia_o__Treponematales_1"
"76","272-02--28--Microcerotermes--Microcerotermes-papuanus--New-Guinea-Oceania--JCCLNIIL_108393_d__Bacteria_p__Spirochaetota_c__Spirochaetia_o__Treponematales_1"
"77","272-33--FG-ND02-38--Microcerotermes--Microcerotermes-sp-SA--French-Guiana-Neo-tropical--PJPNMPFH_127286_d__Bacteria_p__Spirochaetota_c__Spirochaetia_o__Treponematales_1"
"78","272-59--MAD15-169--Microcerotermes--Microcerotermes-mad-sp-D--Madagascar-Madagascar--BCNOAGMG_89311_d__Bacteria_p__Spirochaetota_c__Spirochaetia_o__Treponematales_f__Treponemataceae_B_1"
"79","301-50--G683--Termitinae--Neocapritermes-sp-H--French-Guiana-Neo-tropical--MFJENAHB_43933_d__Bacteria_p__Spirochaetota_c__Spirochaetia_o__Treponematales_1"
"80","272-39--G13-24--Termitinae--Cylindrotermes--French-Guiana-Neo-tropical--OBOEKFOA_59462_d__Bacteria_p__Spirochaetota_c__Spirochaetia_o__Treponematales_f__Treponemataceae_B_1"
"81","272-39--G13-24--Termitinae--Cylindrotermes--French-Guiana-Neo-tropical--OBOEKFOA_22979_d__Bacteria_p__Spirochaetota_c__Spirochaetia_o__Treponematales_f__Treponemataceae_B_1"
"82","272-39--G13-24--Termitinae--Cylindrotermes--French-Guiana-Neo-tropical--OBOEKFOA_26014_d__Bacteria_p__Spirochaetota_c__Spirochaetia_o__Treponematales_1"
"83","272-39--G13-24--Termitinae--Cylindrotermes--French-Guiana-Neo-tropical--OBOEKFOA_42637_d__Bacteria_p__Spirochaetota_c__Spirochaetia_o__Treponematales_f__Treponemataceae_B_1"
"84","272-86--RDCT180--Termitinae--Cephalotermes--Congo-Afro-tropical--MFLDAJAL_02877_d__Bacteria_p__Spirochaetota_c__Spirochaetia_o__Treponematales_1"
"85","272-86--RDCT180--Termitinae--Cephalotermes--Congo-Afro-tropical--MFLDAJAL_71272_d__Bacteria_p__Spirochaetota_c__Spirochaetia_o__Treponematales_1"
"86","272-86--RDCT180--Termitinae--Cephalotermes--Congo-Afro-tropical--MFLDAJAL_07873_d__Bacteria_p__Spirochaetota_c__Spirochaetia_o__Treponematales_1"
"87","272-86--RDCT180--Termitinae--Cephalotermes--Congo-Afro-tropical--MFLDAJAL_39943_d__Bacteria_p__Spirochaetota_c__Spirochaetia_o__Treponematales_1"
"88","301-44--G13-48--Nasutitermitinae--Constrictotermes-cavifrons--French-Guiana-Neo-tropical--COLCIDHM_61993_d__Bacteria_p__Spirochaetota_c__Spirochaetia_o__Treponematales_1"
"89","272-40--G13-30--Nasutitermitinae--Coatitermes-kartaboensis--French-Guiana-Neo-tropical--FGHEMLMB_53611_d__Bacteria_p__Spirochaetota_c__Spirochaetia_o__Treponematales_1"
"90","301-39--G13-130--Nasutitermitinae--Coatitermes-sp-2--French-Guiana-Neo-tropical--KIBFDEIN_30630_d__Bacteria_p__Spirochaetota_c__Spirochaetia_o__Treponematales_1"
"91","301-57--SP1--Termitinae--Sinocapritermes-sp1--Iriomote-Japan-Paleo-arctic--FIOHNEIO_67228_d__Bacteria_p__Spirochaetota_c__Spirochaetia_o__Treponematales_1"
"92","301-40--G13-28--Termitinae--Planicapritermes-planiceps--French-Guiana-Neo-tropical--JHDBPCMP_13946_d__Bacteria_p__Spirochaetota_c__Spirochaetia_o__Treponematales_1"
"93","301-40--G13-28--Termitinae--Planicapritermes-planiceps--French-Guiana-Neo-tropical--JHDBPCMP_241508_d__Bacteria_p__Spirochaetota_c__Spirochaetia_o__Treponematales_1"
"94","230-21--TBRU814E--Foraminitermitinae--Labritermes-buttelreepeni--Brunei-Oriental--KMDILHOK_06076_d__Bacteria_p__Spirochaetota_c__Spirochaetia_o__Treponematales_1"
"95","272-93--TBRU711D--Termitinae--Orientotermes--Brunei-Oriental--OAMOGONE_07494_d__Bacteria_p__Spirochaetota_c__Spirochaetia_o__Treponematales_1"
"96","272-93--TBRU711D--Termitinae--Orientotermes--Brunei-Oriental--OAMOGONE_15579_d__Bacteria_p__Spirochaetota_c__Spirochaetia_o__Treponematales_f__Treponemataceae_B_1"
"97","301-53--G730--Termitinae--Dentispicotermes-brevicarinatus--French-Guiana-Neo-tropical--LPCCGLLO_22393_d__Bacteria_p__Spirochaetota_c__Spirochaetia_o__Treponematales_1"
"98","272-37--G13-144--Serritermitidae--Glossotermes--French-Guiana-Neo-tropical--NONKNBHG_195556_d__Bacteria_p__Spirochaetota_c__Spirochaetia_o__Treponematales_1"
"99","301-62--NG45--Termitinae--Pericapritermes-parvus--New-Guinea-Oceania--NCHNJOLC_11628_d__Bacteria_p__Spirochaetota_c__Spirochaetia_o__Treponematales_1"
"100","301-62--NG45--Termitinae--Pericapritermes-parvus--New-Guinea-Oceania--NCHNJOLC_14336_d__Bacteria_p__Spirochaetota_c__Spirochaetia_o__Treponematales_f__Treponemataceae_B_1"
"101","272-87--SAF5--Macrotermitinae--Allodontotermes-schultzei--South-Africa-Afro-tropical--GBGDJPGA_276834_d__Bacteria_p__Spirochaetota_c__Spirochaetia_o__Treponematales_f__Treponemataceae_B_1"
"102","272-87--SAF5--Macrotermitinae--Allodontotermes-schultzei--South-Africa-Afro-tropical--GBGDJPGA_349170_d__Bacteria_p__Spirochaetota_c__Spirochaetia_o__Treponematales_1"
"103","272-86--RDCT180--Termitinae--Cephalotermes--Congo-Afro-tropical--MFLDAJAL_11277_d__Bacteria_p__Spirochaetota_c__Spirochaetia_o__Treponematales_1"
"104","272-101--THAI055--Microcerotermes--Microcerotermes-sp-B--Thailand-Oriental--CKPDMAEN_51073_d__Bacteria_p__Spirochaetota_c__Spirochaetia_o__Treponematales_1"
"105","229-07--Msp-RNA-1--Microcerotermes--Microcerotermes--South-East-Asia-Oriental--DPEHDFIK_04737_d__Bacteria_p__Spirochaetota_c__Spirochaetia_o__Treponematales_1"
"106","272-79--RDCT053--Microcerotermes--Microcerotermes-parvus--Congo-Afro-tropical--HDFGGIOE_37856_d__Bacteria_p__Spirochaetota_c__Spirochaetia_o__Treponematales_1"
"107","230-14--RDCT055--Microcerotermes--Microcerotermes-parvus--Congo-Afro-tropical--AELJIOAN_87983_d__Bacteria_p__Spirochaetota_c__Spirochaetia_o__Treponematales_1"
"108","272-84--RDCT119--Microcerotermes--Microcerotermes-parvus--Congo-Afro-tropical--HFABNABN_49284_d__Bacteria_p__Spirochaetota_c__Spirochaetia_o__Treponematales_1"
"109","229-07--Msp-RNA-1--Microcerotermes--Microcerotermes--South-East-Asia-Oriental--DPEHDFIK_148370_d__Bacteria_p__Spirochaetota_c__Spirochaetia_o__Treponematales_1"
"110","272-33--FG-ND02-38--Microcerotermes--Microcerotermes-sp-SA--French-Guiana-Neo-tropical--PJPNMPFH_03678_d__Bacteria_p__Spirochaetota_c__Spirochaetia_o__Treponematales_1"
"111","272-43--G-13-58--Microcerotermes--Microcerotermes--French-Guiana-Neo-tropical--NCHCEIMM_61458_d__Bacteria_p__Spirochaetota_c__Spirochaetia_o__Treponematales_1"
"112","272-34--FG-ND02-39--Microcerotermes--Microcerotermes-sp-SC--French-Guiana-Neo-tropical--JCIBENDC_02996_d__Bacteria_p__Spirochaetota_c__Spirochaetia_o__Treponematales_1"
"113","272-45--G689--Microcerotermes--Microcerotermes-sp--French-Guiana-Neo-tropical--GMFGPJLH_03099_d__Bacteria_p__Spirochaetota_c__Spirochaetia_o__Treponematales_1"
"114","272-45--G689--Microcerotermes--Microcerotermes-sp--French-Guiana-Neo-tropical--GMFGPJLH_05573_d__Bacteria_p__Spirochaetota_c__Spirochaetia_o__Treponematales_1"
"115","272-45--G689--Microcerotermes--Microcerotermes-sp--French-Guiana-Neo-tropical--GMFGPJLH_07515_d__Bacteria_p__Spirochaetota_c__Spirochaetia_o__Treponematales_1"
"116","301-59--MAD15-16--Microcerotermes--Microcerotermes-mad-sp-C--Madagascar-Madagascar--KIFAEBMO_25219_d__Bacteria_p__Spirochaetota_c__Spirochaetia_o__Treponematales_1"
"117","229-07--Msp-RNA-1--Microcerotermes--Microcerotermes--South-East-Asia-Oriental--DPEHDFIK_26791_d__Bacteria_p__Spirochaetota_c__Spirochaetia_o__Treponematales_1"
"118","229-07--Msp-RNA-1--Microcerotermes--Microcerotermes--South-East-Asia-Oriental--DPEHDFIK_63225_d__Bacteria_p__Spirochaetota_c__Spirochaetia_o__Treponematales_1"
"119","301-58--MAD15-116--Microcerotermes--Microcerotermes-mad-sp-H--Madagascar-Madagascar--BKJILCFM_08084_d__Bacteria_p__Spirochaetota_c__Spirochaetia_o__Treponematales_1"
"120","230-14--RDCT055--Microcerotermes--Microcerotermes-parvus--Congo-Afro-tropical--AELJIOAN_21571_d__Bacteria_p__Spirochaetota_c__Spirochaetia_o__Treponematales_1"
"121","272-84--RDCT119--Microcerotermes--Microcerotermes-parvus--Congo-Afro-tropical--HFABNABN_37729_d__Bacteria_p__Spirochaetota_c__Spirochaetia_o__Treponematales_1"
"122","272-79--RDCT053--Microcerotermes--Microcerotermes-parvus--Congo-Afro-tropical--HDFGGIOE_04670_d__Bacteria_p__Spirochaetota_c__Spirochaetia_o__Treponematales_1"
"123","301-29--BDIT45--Microcerotermes--Microcerotermes-parvus--Burundi-Afro-tropical--GBGOPIBM_03892_d__Bacteria_p__Spirochaetota_c__Spirochaetia_o__Treponematales_1"
"124","272-57--MAD15-148--Microcerotermes--Microcerotermes-mad-sp-F--Madagascar-Madagascar--HPMPMEPI_01418_d__Bacteria_p__Spirochaetota_c__Spirochaetia_o__Treponematales_1"
"125","272-62--MAD15-59--Microcerotermes--Microcerotermes-mad-sp-F--Madagascar-Madagascar--PGAOBEJB_23595_d__Bacteria_p__Spirochaetota_c__Spirochaetia_o__Treponematales_1"
"126","272-59--MAD15-169--Microcerotermes--Microcerotermes-mad-sp-D--Madagascar-Madagascar--BCNOAGMG_03143_d__Bacteria_p__Spirochaetota_c__Spirochaetia_o__Treponematales_1"
"127","272-68--MAD15-86--Microcerotermes--Microcerotermes-mad-sp-K--Madagascar-Madagascar--PDAPIIEL_07848_d__Bacteria_p__Spirochaetota_c__Spirochaetia_o__Treponematales_1"
"128","272-53--MAD15-113--Microcerotermes--Microcerotermes-mad-sp-G--Madagascar-Madagascar--IKDIKFDP_18338_d__Bacteria_p__Spirochaetota_c__Spirochaetia_o__Treponematales_1"
"129","272-54--MAD15-130--Microcerotermes--Microcerotermes-mad-sp-B--Madagascar-Madagascar--DFAMJLME_50396_d__Bacteria_p__Spirochaetota_c__Spirochaetia_o__Treponematales_1"
"130","272-66--MAD15-76--Microcerotermes--Microcerotermes-mad-sp-G--Madagascar-Madagascar--BKGPDEIL_08812_d__Bacteria_p__Spirochaetota_c__Spirochaetia_o__Treponematales_1"
"131","301-61--MAD15-71--Microcerotermes--Microcerotermes-mad-sp-B--Madagascar-Madagascar--HLHCAAJD_06605_d__Bacteria_p__Spirochaetota_c__Spirochaetia_o__Treponematales_1"
"132","272-55--MAD15-136--Microcerotermes--Microcerotermes-mad-sp-G--Madagascar-Madagascar--IGAGHHBI_10590_d__Bacteria_p__Spirochaetota_c__Spirochaetia_o__Treponematales_1"
"133","272-77--RDCT033--Microcerotermes--Microcerotermes-fuscotibialis--Congo-Afro-tropical--POOGOANK_15526_d__Bacteria_p__Spirochaetota_c__Spirochaetia_o__Treponematales_1"
"134","272-85--RDCT134--Microcerotermes--Microcerotermes-parvus--Congo-Afro-tropical--IJFECECG_97759_d__Bacteria_p__Spirochaetota_c__Spirochaetia_o__Treponematales_f__Treponemataceae_B_1"
"135","272-05--71--Microcerotermes--Microcerotermes-biroi--New-Guinea-Oceania--BHIIBGBD_41428_d__Bacteria_p__Spirochaetota_c__Spirochaetia_o__Treponematales_f__Treponemataceae_B_1"
"136","272-15--AUS82--Microcerotermes--Microcerotermes-sp-I--Australia-Australia--BIPLFEAP_28224_d__Bacteria_p__Spirochaetota_c__Spirochaetia_o__Treponematales_1"
"137","301-77--TBRU414--Microcerotermes--Microcerotermes-nr-havilandi--Brunei-Oriental--LEAPNMHI_62886_d__Bacteria_p__Spirochaetota_c__Spirochaetia_o__Treponematales_1"
"138","272-02--28--Microcerotermes--Microcerotermes-papuanus--New-Guinea-Oceania--JCCLNIIL_49753_d__Bacteria_p__Spirochaetota_c__Spirochaetia_o__Treponematales_1"
"139","272-101--THAI055--Microcerotermes--Microcerotermes-sp-B--Thailand-Oriental--CKPDMAEN_06103_d__Bacteria_p__Spirochaetota_c__Spirochaetia_o__Treponematales_1"
"140","272-89--T2-IC--Microcerotermes--Microcerotermes-havilandi--Singapore-Oriental--OCBKEODD_26192_d__Bacteria_p__Spirochaetota_c__Spirochaetia_o__Treponematales_1"
"141","272-15--AUS82--Microcerotermes--Microcerotermes-sp-I--Australia-Australia--BIPLFEAP_04927_d__Bacteria_p__Spirochaetota_c__Spirochaetia_o__Treponematales_1"
"142","272-09--AUS13--Microcerotermes--Microcerotermes-sp--Australia-Australia--BFPCAFDI_56058_d__Bacteria_p__Spirochaetota_c__Spirochaetia_o__Treponematales_1"
"143","301-11--AUS114--Microcerotermes--Microcerotermes-sp-H--Australia-Australia--EOGHOPED_106146_d__Bacteria_p__Spirochaetota_c__Spirochaetia_o__Treponematales_1"
"144","272-12--AUS66--Microcerotermes--Microcerotermes-sp-E--Australia-Australia--GDNKKEHJ_39896_d__Bacteria_p__Spirochaetota_c__Spirochaetia_o__Treponematales_1"
"145","301-17--AUS66--Microcerotermes--Microcerotermes-sp-E--Australia-Australia--MHPNFKFI_22170_d__Bacteria_p__Spirochaetota_c__Spirochaetia_o__Treponematales_1"
"146","272-14--AUS71--Microcerotermes--Microcerotermes-sp-G--Australia-Australia--LAKMIEEK_134538_d__Bacteria_p__Spirochaetota_c__Spirochaetia_o__Treponematales_f__Treponemataceae_B_1"
"147","301-11--AUS114--Microcerotermes--Microcerotermes-sp-H--Australia-Australia--EOGHOPED_29709_d__Bacteria_p__Spirochaetota_c__Spirochaetia_o__Treponematales_1"
"148","272-14--AUS71--Microcerotermes--Microcerotermes-sp-G--Australia-Australia--LAKMIEEK_105551_d__Bacteria_p__Spirochaetota_c__Spirochaetia_o__Treponematales_f__Treponemataceae_B_1"
"149","230-12--81--Microcerotermes--Microcerotermes-papuanus--New-Guinea-Oceania--GCKEGHAL_09336_d__Bacteria_p__Spirochaetota_c__Spirochaetia_o__Treponematales_1"
"150","272-02--28--Microcerotermes--Microcerotermes-papuanus--New-Guinea-Oceania--JCCLNIIL_12817_d__Bacteria_p__Spirochaetota_c__Spirochaetia_o__Treponematales_1"
"151","230-15--D2-34--Microcerotermes--Microcerotermes-biroi--New-Guinea-Oceania--HEFGFCPB_18332_d__Bacteria_p__Spirochaetota_c__Spirochaetia_o__Treponematales_1"
"152","272-01--10-2--Microcerotermes--Microcerotermes-biroi--New-Guinea--DOGAELGM_63624_d__Bacteria_p__Spirochaetota_c__Spirochaetia_o__Treponematales_f__Treponemataceae_B_1"
"153","272-05--71--Microcerotermes--Microcerotermes-biroi--New-Guinea-Oceania--BHIIBGBD_31751_d__Bacteria_p__Spirochaetota_c__Spirochaetia_o__Treponematales_1"
"154","272-19--BDIT102--Microcerotermes--Microcerotermes-fuscotibialis--Burundi-Afro-tropical--CAECBDLP_36706_d__Bacteria_p__Spirochaetota_c__Spirochaetia_o__Treponematales_1"
"155","272-77--RDCT033--Microcerotermes--Microcerotermes-fuscotibialis--Congo-Afro-tropical--POOGOANK_46498_d__Bacteria_p__Spirochaetota_c__Spirochaetia_o__Treponematales_1"
"156","272-66--MAD15-76--Microcerotermes--Microcerotermes-mad-sp-G--Madagascar-Madagascar--BKGPDEIL_02841_d__Bacteria_p__Spirochaetota_c__Spirochaetia_o__Treponematales_1"
"157","301-61--MAD15-71--Microcerotermes--Microcerotermes-mad-sp-B--Madagascar-Madagascar--HLHCAAJD_07497_d__Bacteria_p__Spirochaetota_c__Spirochaetia_o__Treponematales_1"
"158","272-59--MAD15-169--Microcerotermes--Microcerotermes-mad-sp-D--Madagascar-Madagascar--BCNOAGMG_76544_d__Bacteria_p__Spirochaetota_c__Spirochaetia_o__Treponematales_1"
"159","272-63--MAD15-5--Microcerotermes--Microcerotermes-mad-sp-E--Madagascar-Madagascar--LHGCDBLG_86714_d__Bacteria_p__Spirochaetota_c__Spirochaetia_o__Treponematales_1"
"160","272-52--MAD15-104--Microcerotermes--Microcerotermes-mad-sp-C--Madagascar-Madagascar--JEOFLHGI_04472_d__Bacteria_p__Spirochaetota_c__Spirochaetia_o__Treponematales_1"
"161","272-84--RDCT119--Microcerotermes--Microcerotermes-parvus--Congo-Afro-tropical--HFABNABN_121604_d__Bacteria_p__Spirochaetota_c__Spirochaetia_o__Treponematales_1"
"162","272-68--MAD15-86--Microcerotermes--Microcerotermes-mad-sp-K--Madagascar-Madagascar--PDAPIIEL_10296_d__Bacteria_p__Spirochaetota_c__Spirochaetia_o__Treponematales_1"
"163","272-66--MAD15-76--Microcerotermes--Microcerotermes-mad-sp-G--Madagascar-Madagascar--BKGPDEIL_10163_d__Bacteria_p__Spirochaetota_c__Spirochaetia_o__Treponematales_1"
"164","272-56--MAD15-139--Microcerotermes--Microcerotermes-mad-sp-L--Madagascar-Madagascar--DPIGOLHB_16362_d__Bacteria_p__Spirochaetota_c__Spirochaetia_o__Treponematales_f__Treponemataceae_B_1"
"165","272-55--MAD15-136--Microcerotermes--Microcerotermes-mad-sp-G--Madagascar-Madagascar--IGAGHHBI_15928_d__Bacteria_p__Spirochaetota_c__Spirochaetia_o__Treponematales_1"
"166","272-55--MAD15-136--Microcerotermes--Microcerotermes-mad-sp-G--Madagascar-Madagascar--IGAGHHBI_10361_d__Bacteria_p__Spirochaetota_c__Spirochaetia_o__Treponematales_1"
"167","301-29--BDIT45--Microcerotermes--Microcerotermes-parvus--Burundi-Afro-tropical--GBGOPIBM_132600_d__Bacteria_p__Spirochaetota_c__Spirochaetia_o__Treponematales_f__Treponemataceae_B_1"
"168","229-07--Msp-RNA-1--Microcerotermes--Microcerotermes--South-East-Asia-Oriental--DPEHDFIK_19746_d__Bacteria_p__Spirochaetota_c__Spirochaetia_o__Treponematales_f__Treponemataceae_B_1"
"169","272-79--RDCT053--Microcerotermes--Microcerotermes-parvus--Congo-Afro-tropical--HDFGGIOE_48387_d__Bacteria_p__Spirochaetota_c__Spirochaetia_o__Treponematales_f__Treponemataceae_B_1"
"170","272-84--RDCT119--Microcerotermes--Microcerotermes-parvus--Congo-Afro-tropical--HFABNABN_07360_d__Bacteria_p__Spirochaetota_c__Spirochaetia_o__Treponematales_1"
"171","301-29--BDIT45--Microcerotermes--Microcerotermes-parvus--Burundi-Afro-tropical--GBGOPIBM_12660_d__Bacteria_p__Spirochaetota_c__Spirochaetia_o__Treponematales_f__Treponemataceae_B_1"
"172","272-79--RDCT053--Microcerotermes--Microcerotermes-parvus--Congo-Afro-tropical--HDFGGIOE_94023_d__Bacteria_p__Spirochaetota_c__Spirochaetia_o__Treponematales_f__Treponemataceae_B_1"
"173","272-85--RDCT134--Microcerotermes--Microcerotermes-parvus--Congo-Afro-tropical--IJFECECG_85316_d__Bacteria_p__Spirochaetota_c__Spirochaetia_o__Treponematales_f__Treponemataceae_B_1"
"174","272-57--MAD15-148--Microcerotermes--Microcerotermes-mad-sp-F--Madagascar-Madagascar--HPMPMEPI_46259_d__Bacteria_p__Spirochaetota_c__Spirochaetia_o__Treponematales_f__Treponemataceae_B_1"
"175","272-62--MAD15-59--Microcerotermes--Microcerotermes-mad-sp-F--Madagascar-Madagascar--PGAOBEJB_40576_d__Bacteria_p__Spirochaetota_c__Spirochaetia_o__Treponematales_f__Treponemataceae_B_1"
"176","230-14--RDCT055--Microcerotermes--Microcerotermes-parvus--Congo-Afro-tropical--AELJIOAN_24289_d__Bacteria_p__Spirochaetota_c__Spirochaetia_o__Treponematales_1"
"177","272-79--RDCT053--Microcerotermes--Microcerotermes-parvus--Congo-Afro-tropical--HDFGGIOE_50929_d__Bacteria_p__Spirochaetota_c__Spirochaetia_o__Treponematales_f__Treponemataceae_B_1"
"178","301-29--BDIT45--Microcerotermes--Microcerotermes-parvus--Burundi-Afro-tropical--GBGOPIBM_64112_d__Bacteria_p__Spirochaetota_c__Spirochaetia_o__Treponematales_f__Treponemataceae_B_1"
"179","272-62--MAD15-59--Microcerotermes--Microcerotermes-mad-sp-F--Madagascar-Madagascar--PGAOBEJB_05102_d__Bacteria_p__Spirochaetota_c__Spirochaetia_o__Treponematales_1"
"180","301-58--MAD15-116--Microcerotermes--Microcerotermes-mad-sp-H--Madagascar-Madagascar--BKJILCFM_11941_d__Bacteria_p__Spirochaetota_c__Spirochaetia_o__Treponematales_f__Treponemataceae_B_1"
"181","272-84--RDCT119--Microcerotermes--Microcerotermes-parvus--Congo-Afro-tropical--HFABNABN_50487_d__Bacteria_p__Spirochaetota_c__Spirochaetia_o__Treponematales_1"
"182","272-85--RDCT134--Microcerotermes--Microcerotermes-parvus--Congo-Afro-tropical--IJFECECG_14533_d__Bacteria_p__Spirochaetota_c__Spirochaetia_o__Treponematales_1"
"183","272-53--MAD15-113--Microcerotermes--Microcerotermes-mad-sp-G--Madagascar-Madagascar--IKDIKFDP_11641_d__Bacteria_p__Spirochaetota_c__Spirochaetia_o__Treponematales_f__Treponemataceae_B_1"
"184","272-54--MAD15-130--Microcerotermes--Microcerotermes-mad-sp-B--Madagascar-Madagascar--DFAMJLME_88887_d__Bacteria_p__Spirochaetota_c__Spirochaetia_o__Treponematales_f__Treponemataceae_B_1"
"185","272-68--MAD15-86--Microcerotermes--Microcerotermes-mad-sp-K--Madagascar-Madagascar--PDAPIIEL_52926_d__Bacteria_p__Spirochaetota_c__Spirochaetia_o__Treponematales_1"
"186","272-54--MAD15-130--Microcerotermes--Microcerotermes-mad-sp-B--Madagascar-Madagascar--DFAMJLME_29850_d__Bacteria_p__Spirochaetota_c__Spirochaetia_o__Treponematales_f__Treponemataceae_B_1"
"187","272-54--MAD15-130--Microcerotermes--Microcerotermes-mad-sp-B--Madagascar-Madagascar--DFAMJLME_82828_d__Bacteria_p__Spirochaetota_c__Spirochaetia_o__Treponematales_f__Treponemataceae_B_1"
"188","272-54--MAD15-130--Microcerotermes--Microcerotermes-mad-sp-B--Madagascar-Madagascar--DFAMJLME_23595_d__Bacteria_p__Spirochaetota_c__Spirochaetia_o__Treponematales_1"
"189","230-16--MAD15-54--Microcerotermes--Microcerotermes-mad-sp-H--Madagascar-Madagascar--LABPPIEE_16964_d__Bacteria_p__Spirochaetota_c__Spirochaetia_o__Treponematales_f__Treponemataceae_B_1"
"190","272-68--MAD15-86--Microcerotermes--Microcerotermes-mad-sp-K--Madagascar-Madagascar--PDAPIIEL_36570_d__Bacteria_p__Spirochaetota_c__Spirochaetia_o__Treponematales_f__Treponemataceae_B_1"
"191","272-53--MAD15-113--Microcerotermes--Microcerotermes-mad-sp-G--Madagascar-Madagascar--IKDIKFDP_07509_d__Bacteria_p__Spirochaetota_c__Spirochaetia_o__Treponematales_f__Treponemataceae_B_1"
"192","301-60--MAD15-66--Microcerotermes--Microcerotermes-mad-sp-E--Madagascar-Madagascar--MJONPIMI_24419_d__Bacteria_p__Spirochaetota_c__Spirochaetia_o__Treponematales_f__Treponemataceae_B_1"
"193","272-66--MAD15-76--Microcerotermes--Microcerotermes-mad-sp-G--Madagascar-Madagascar--BKGPDEIL_08736_d__Bacteria_p__Spirochaetota_c__Spirochaetia_o__Treponematales_f__Treponemataceae_B_1"
"194","301-61--MAD15-71--Microcerotermes--Microcerotermes-mad-sp-B--Madagascar-Madagascar--HLHCAAJD_08517_d__Bacteria_p__Spirochaetota_c__Spirochaetia_o__Treponematales_f__Treponemataceae_B_1"
"195","272-54--MAD15-130--Microcerotermes--Microcerotermes-mad-sp-B--Madagascar-Madagascar--DFAMJLME_52308_d__Bacteria_p__Spirochaetota_c__Spirochaetia_o__Treponematales_1"
"196","272-56--MAD15-139--Microcerotermes--Microcerotermes-mad-sp-L--Madagascar-Madagascar--DPIGOLHB_07696_d__Bacteria_p__Spirochaetota_c__Spirochaetia_o__Treponematales_1"
"197","272-63--MAD15-5--Microcerotermes--Microcerotermes-mad-sp-E--Madagascar-Madagascar--LHGCDBLG_47715_d__Bacteria_p__Spirochaetota_c__Spirochaetia_o__Treponematales_1"
"198","272-60--MAD15-21--Microcerotermes--Microcerotermes-mad-sp-D--Madagascar-Madagascar--ANILOFPC_24765_d__Bacteria_p__Spirochaetota_c__Spirochaetia_o__Treponematales_f__Treponemataceae_B_1"
"199","272-63--MAD15-5--Microcerotermes--Microcerotermes-mad-sp-E--Madagascar-Madagascar--LHGCDBLG_21327_d__Bacteria_p__Spirochaetota_c__Spirochaetia_o__Treponematales_1"
"200","301-59--MAD15-16--Microcerotermes--Microcerotermes-mad-sp-C--Madagascar-Madagascar--KIFAEBMO_21433_d__Bacteria_p__Spirochaetota_c__Spirochaetia_o__Treponematales_1"
"201","272-19--BDIT102--Microcerotermes--Microcerotermes-fuscotibialis--Burundi-Afro-tropical--CAECBDLP_13265_d__Bacteria_p__Spirochaetota_c__Spirochaetia_o__Treponematales_1"
"202","229-07--Msp-RNA-1--Microcerotermes--Microcerotermes--South-East-Asia-Oriental--DPEHDFIK_33945_d__Bacteria_p__Spirochaetota_c__Spirochaetia_o__Treponematales_1"
"203","272-34--FG-ND02-39--Microcerotermes--Microcerotermes-sp-SC--French-Guiana-Neo-tropical--JCIBENDC_85991_d__Bacteria_p__Spirochaetota_c__Spirochaetia_o__Treponematales_1"
"204","301-61--MAD15-71--Microcerotermes--Microcerotermes-mad-sp-B--Madagascar-Madagascar--HLHCAAJD_14949_d__Bacteria_p__Spirochaetota_c__Spirochaetia_o__Treponematales_1"
"205","272-66--MAD15-76--Microcerotermes--Microcerotermes-mad-sp-G--Madagascar-Madagascar--BKGPDEIL_05407_d__Bacteria_p__Spirochaetota_c__Spirochaetia_o__Treponematales_1"
"206","272-67--MAD15-85--Microcerotermes--Microcerotermes-mad-sp-A--Madagascar-Madagascar--FFCMJAEF_26444_d__Bacteria_p__Spirochaetota_c__Spirochaetia_o__Treponematales_1"
"207","272-63--MAD15-5--Microcerotermes--Microcerotermes-mad-sp-E--Madagascar-Madagascar--LHGCDBLG_64299_d__Bacteria_p__Spirochaetota_c__Spirochaetia_o__Treponematales_f__Treponemataceae_B_1"
"208","272-59--MAD15-169--Microcerotermes--Microcerotermes-mad-sp-D--Madagascar-Madagascar--BCNOAGMG_36448_d__Bacteria_p__Spirochaetota_c__Spirochaetia_o__Treponematales_f__Treponemataceae_B_1"
"209","272-60--MAD15-21--Microcerotermes--Microcerotermes-mad-sp-D--Madagascar-Madagascar--ANILOFPC_21462_d__Bacteria_p__Spirochaetota_c__Spirochaetia_o__Treponematales_f__Treponemataceae_B_1"
"210","272-12--AUS66--Microcerotermes--Microcerotermes-sp-E--Australia-Australia--GDNKKEHJ_09765_d__Bacteria_p__Spirochaetota_c__Spirochaetia_o__Treponematales_1"
"211","301-17--AUS66--Microcerotermes--Microcerotermes-sp-E--Australia-Australia--MHPNFKFI_02087_d__Bacteria_p__Spirochaetota_c__Spirochaetia_o__Treponematales_1"
"212","272-19--BDIT102--Microcerotermes--Microcerotermes-fuscotibialis--Burundi-Afro-tropical--CAECBDLP_13964_d__Bacteria_p__Spirochaetota_c__Spirochaetia_o__Treponematales_1"
"213","272-77--RDCT033--Microcerotermes--Microcerotermes-fuscotibialis--Congo-Afro-tropical--POOGOANK_06073_d__Bacteria_p__Spirochaetota_c__Spirochaetia_o__Treponematales_1"
"214","272-84--RDCT119--Microcerotermes--Microcerotermes-parvus--Congo-Afro-tropical--HFABNABN_23481_d__Bacteria_p__Spirochaetota_c__Spirochaetia_o__Treponematales_1"
"215","301-58--MAD15-116--Microcerotermes--Microcerotermes-mad-sp-H--Madagascar-Madagascar--BKJILCFM_08461_d__Bacteria_p__Spirochaetota_c__Spirochaetia_o__Treponematales_1"
"216","272-55--MAD15-136--Microcerotermes--Microcerotermes-mad-sp-G--Madagascar-Madagascar--IGAGHHBI_73093_d__Bacteria_p__Spirochaetota_c__Spirochaetia_o__Treponematales_1"
"217","272-34--FG-ND02-39--Microcerotermes--Microcerotermes-sp-SC--French-Guiana-Neo-tropical--JCIBENDC_45954_d__Bacteria_p__Spirochaetota_c__Spirochaetia_o__Treponematales_1"
"218","272-43--G-13-58--Microcerotermes--Microcerotermes--French-Guiana-Neo-tropical--NCHCEIMM_05806_d__Bacteria_p__Spirochaetota_c__Spirochaetia_o__Treponematales_1"
"219","272-68--MAD15-86--Microcerotermes--Microcerotermes-mad-sp-K--Madagascar-Madagascar--PDAPIIEL_06984_d__Bacteria_p__Spirochaetota_c__Spirochaetia_o__Treponematales_1"
"220","301-60--MAD15-66--Microcerotermes--Microcerotermes-mad-sp-E--Madagascar-Madagascar--MJONPIMI_01346_d__Bacteria_p__Spirochaetota_c__Spirochaetia_o__Treponematales_1"
"221","272-54--MAD15-130--Microcerotermes--Microcerotermes-mad-sp-B--Madagascar-Madagascar--DFAMJLME_06561_d__Bacteria_p__Spirochaetota_c__Spirochaetia_o__Treponematales_1"
"222","272-56--MAD15-139--Microcerotermes--Microcerotermes-mad-sp-L--Madagascar-Madagascar--DPIGOLHB_07842_d__Bacteria_p__Spirochaetota_c__Spirochaetia_o__Treponematales_f__Treponemataceae_B_1"
"223","272-19--BDIT102--Microcerotermes--Microcerotermes-fuscotibialis--Burundi-Afro-tropical--CAECBDLP_06895_d__Bacteria_p__Spirochaetota_c__Spirochaetia_o__Treponematales_1"
"224","272-67--MAD15-85--Microcerotermes--Microcerotermes-mad-sp-A--Madagascar-Madagascar--FFCMJAEF_39544_d__Bacteria_p__Spirochaetota_c__Spirochaetia_o__Treponematales_1"
"225","272-33--FG-ND02-38--Microcerotermes--Microcerotermes-sp-SA--French-Guiana-Neo-tropical--PJPNMPFH_35349_d__Bacteria_p__Spirochaetota_c__Spirochaetia_o__Treponematales_1"
"226","272-34--FG-ND02-39--Microcerotermes--Microcerotermes-sp-SC--French-Guiana-Neo-tropical--JCIBENDC_15927_d__Bacteria_p__Spirochaetota_c__Spirochaetia_o__Treponematales_1"
"227","272-67--MAD15-85--Microcerotermes--Microcerotermes-mad-sp-A--Madagascar-Madagascar--FFCMJAEF_43217_d__Bacteria_p__Spirochaetota_c__Spirochaetia_o__Treponematales_f__Treponemataceae_B_1"
"228","272-45--G689--Microcerotermes--Microcerotermes-sp--French-Guiana-Neo-tropical--GMFGPJLH_51710_d__Bacteria_p__Spirochaetota_c__Spirochaetia_o__Treponematales_1"
"229","272-34--FG-ND02-39--Microcerotermes--Microcerotermes-sp-SC--French-Guiana-Neo-tropical--JCIBENDC_17492_d__Bacteria_p__Spirochaetota_c__Spirochaetia_o__Treponematales_1"
"230","272-33--FG-ND02-38--Microcerotermes--Microcerotermes-sp-SA--French-Guiana-Neo-tropical--PJPNMPFH_10231_d__Bacteria_p__Spirochaetota_c__Spirochaetia_o__Treponematales_1"
"231","272-43--G-13-58--Microcerotermes--Microcerotermes--French-Guiana-Neo-tropical--NCHCEIMM_13852_d__Bacteria_p__Spirochaetota_c__Spirochaetia_o__Treponematales_1"
"232","272-95--TBRU912E--Microcerotermes--Microcerotermes-serrula--Brunei-Oriental--MIGHMNII_64601_d__Bacteria_p__Spirochaetota_c__Spirochaetia_o__Treponematales_f__Treponemataceae_B_1"
"233","230-03--PHI8--Microcerotermes--Microcerotermes--Philippines-Oriental--FFKHHJAJ_105501_d__Bacteria_p__Spirochaetota_c__Spirochaetia_o__Treponematales_f__Treponemataceae_B_1"
"234","272-75--PHI1--Microcerotermes--Microcerotermes--Philippines-Oriental--EFHMCDAH_03883_d__Bacteria_p__Spirochaetota_c__Spirochaetia_o__Treponematales_1"
"235","272-100--THAI54--Microcerotermes--Microcerotermes-crassus--Thailand-Oriental--COJKPCNP_104151_d__Bacteria_p__Spirochaetota_c__Spirochaetia_o__Treponematales_1"
"236","272-70--MAL37--Microcerotermes--Microcerotermes-crassus--Malaysia-Oriental--ILALFPAC_80906_d__Bacteria_p__Spirochaetota_c__Spirochaetia_o__Treponematales_f__Treponemataceae_B_1"
"237","272-04--48--Microcerotermes--Microcerotermes-papuanus--New-Guinea-Oceania--LLJHKGFM_32643_d__Bacteria_p__Spirochaetota_c__Spirochaetia_o__Treponematales_1"
"238","272-02--28--Microcerotermes--Microcerotermes-papuanus--New-Guinea-Oceania--JCCLNIIL_64806_d__Bacteria_p__Spirochaetota_c__Spirochaetia_o__Treponematales_1"
"239","230-12--81--Microcerotermes--Microcerotermes-papuanus--New-Guinea-Oceania--GCKEGHAL_07225_d__Bacteria_p__Spirochaetota_c__Spirochaetia_o__Treponematales_1"
"240","301-08--81-2--Microcerotermes--Microcerotermes-papuanus--New-Guinea-Oceania--LIMPOKBC_06224_d__Bacteria_p__Spirochaetota_c__Spirochaetia_o__Treponematales_1"
"241","272-02--28--Microcerotermes--Microcerotermes-papuanus--New-Guinea-Oceania--JCCLNIIL_39660_d__Bacteria_p__Spirochaetota_c__Spirochaetia_o__Treponematales_1"
"242","272-04--48--Microcerotermes--Microcerotermes-papuanus--New-Guinea-Oceania--LLJHKGFM_13659_d__Bacteria_p__Spirochaetota_c__Spirochaetia_o__Treponematales_f__Treponemataceae_B_1"
"243","230-12--81--Microcerotermes--Microcerotermes-papuanus--New-Guinea-Oceania--GCKEGHAL_25092_d__Bacteria_p__Spirochaetota_c__Spirochaetia_o__Treponematales_1"
"244","301-08--81-2--Microcerotermes--Microcerotermes-papuanus--New-Guinea-Oceania--LIMPOKBC_45607_d__Bacteria_p__Spirochaetota_c__Spirochaetia_o__Treponematales_f__Treponemataceae_B_1"
"245","272-04--48--Microcerotermes--Microcerotermes-papuanus--New-Guinea-Oceania--LLJHKGFM_22049_d__Bacteria_p__Spirochaetota_c__Spirochaetia_o__Treponematales_1"
"246","230-12--81--Microcerotermes--Microcerotermes-papuanus--New-Guinea-Oceania--GCKEGHAL_18759_d__Bacteria_p__Spirochaetota_c__Spirochaetia_o__Treponematales_1"
"247","301-08--81-2--Microcerotermes--Microcerotermes-papuanus--New-Guinea-Oceania--LIMPOKBC_28781_d__Bacteria_p__Spirochaetota_c__Spirochaetia_o__Treponematales_1"
"248","272-15--AUS82--Microcerotermes--Microcerotermes-sp-I--Australia-Australia--BIPLFEAP_21659_d__Bacteria_p__Spirochaetota_c__Spirochaetia_o__Treponematales_1"
"249","230-17--TBRU318a--Microcerotermes--Microcerotermes-nr-havilandi--Brunei-Oriental--MIEDJDJK_24255_d__Bacteria_p__Spirochaetota_c__Spirochaetia_o__Treponematales_1"
"250","230-17--TBRU318a--Microcerotermes--Microcerotermes-nr-havilandi--Brunei-Oriental--MIEDJDJK_24957_d__Bacteria_p__Spirochaetota_c__Spirochaetia_o__Treponematales_f__Treponemataceae_B_1"
"251","272-05--71--Microcerotermes--Microcerotermes-biroi--New-Guinea-Oceania--BHIIBGBD_30676_d__Bacteria_p__Spirochaetota_c__Spirochaetia_o__Treponematales_f__Treponemataceae_B_1"
"252","272-04--48--Microcerotermes--Microcerotermes-papuanus--New-Guinea-Oceania--LLJHKGFM_45208_d__Bacteria_p__Spirochaetota_c__Spirochaetia_o__Treponematales_1"
"253","272-02--28--Microcerotermes--Microcerotermes-papuanus--New-Guinea-Oceania--JCCLNIIL_70197_d__Bacteria_p__Spirochaetota_c__Spirochaetia_o__Treponematales_1"
"254","272-04--48--Microcerotermes--Microcerotermes-papuanus--New-Guinea-Oceania--LLJHKGFM_27213_d__Bacteria_p__Spirochaetota_c__Spirochaetia_o__Treponematales_1"
"255","272-14--AUS71--Microcerotermes--Microcerotermes-sp-G--Australia-Australia--LAKMIEEK_15203_d__Bacteria_p__Spirochaetota_c__Spirochaetia_o__Treponematales_1"
"256","272-13--AUS6--Microcerotermes--Microcerotermes-nervosus--Australia-Australia--FLPAOEAJ_110873_d__Bacteria_p__Spirochaetota_c__Spirochaetia_o__Treponematales_f__Treponemataceae_B_1"
"257","272-13--AUS6--Microcerotermes--Microcerotermes-nervosus--Australia-Australia--FLPAOEAJ_91044_d__Bacteria_p__Spirochaetota_c__Spirochaetia_o__Treponematales_1"
"258","272-15--AUS82--Microcerotermes--Microcerotermes-sp-I--Australia-Australia--BIPLFEAP_10240_d__Bacteria_p__Spirochaetota_c__Spirochaetia_o__Treponematales_1"
"259","230-03--PHI8--Microcerotermes--Microcerotermes--Philippines-Oriental--FFKHHJAJ_24492_d__Bacteria_p__Spirochaetota_c__Spirochaetia_o__Treponematales_1"
"260","272-100--THAI54--Microcerotermes--Microcerotermes-crassus--Thailand-Oriental--COJKPCNP_54738_d__Bacteria_p__Spirochaetota_c__Spirochaetia_o__Treponematales_1"
"261","272-101--THAI055--Microcerotermes--Microcerotermes-sp-B--Thailand-Oriental--CKPDMAEN_72396_d__Bacteria_p__Spirochaetota_c__Spirochaetia_o__Treponematales_f__Treponemataceae_B_1"
"262","272-70--MAL37--Microcerotermes--Microcerotermes-crassus--Malaysia-Oriental--ILALFPAC_31135_d__Bacteria_p__Spirochaetota_c__Spirochaetia_o__Treponematales_1"
"263","272-91--T614--Microcerotermes--Microcerotermes--Singapore-Oriental--ECJLCPLO_71143_d__Bacteria_p__Spirochaetota_c__Spirochaetia_o__Treponematales_1"
"264","272-79--RDCT053--Microcerotermes--Microcerotermes-parvus--Congo-Afro-tropical--HDFGGIOE_48543_d__Bacteria_p__Spirochaetota_c__Spirochaetia_o__Treponematales_1"
"265","272-84--RDCT119--Microcerotermes--Microcerotermes-parvus--Congo-Afro-tropical--HFABNABN_54172_d__Bacteria_p__Spirochaetota_c__Spirochaetia_o__Treponematales_1"
"266","272-04--48--Microcerotermes--Microcerotermes-papuanus--New-Guinea-Oceania--LLJHKGFM_90206_d__Bacteria_p__Spirochaetota_c__Spirochaetia_o__Treponematales_1"
"267","272-75--PHI1--Microcerotermes--Microcerotermes--Philippines-Oriental--EFHMCDAH_40615_d__Bacteria_p__Spirochaetota_c__Spirochaetia_o__Treponematales_1"
"268","272-01--10-2--Microcerotermes--Microcerotermes-biroi--New-Guinea--DOGAELGM_46635_d__Bacteria_p__Spirochaetota_c__Spirochaetia_o__Treponematales_1"
"269","272-02--28--Microcerotermes--Microcerotermes-papuanus--New-Guinea-Oceania--JCCLNIIL_24926_d__Bacteria_p__Spirochaetota_c__Spirochaetia_o__Treponematales_1"
"270","272-04--48--Microcerotermes--Microcerotermes-papuanus--New-Guinea-Oceania--LLJHKGFM_115781_d__Bacteria_p__Spirochaetota_c__Spirochaetia_o__Treponematales_1"
"271","272-15--AUS82--Microcerotermes--Microcerotermes-sp-I--Australia-Australia--BIPLFEAP_98973_d__Bacteria_p__Spirochaetota_c__Spirochaetia_o__Treponematales_1"
"272","272-13--AUS6--Microcerotermes--Microcerotermes-nervosus--Australia-Australia--FLPAOEAJ_10094_d__Bacteria_p__Spirochaetota_c__Spirochaetia_o__Treponematales_1"
"273","272-14--AUS71--Microcerotermes--Microcerotermes-sp-G--Australia-Australia--LAKMIEEK_70556_d__Bacteria_p__Spirochaetota_c__Spirochaetia_o__Treponematales_1"
"274","301-64--NSW6--Nasutitermitinae--Occasitermes--Australia-Australia--MDFLAMOO_11886_d__Bacteria_p__Spirochaetota_c__Spirochaetia_o__Treponematales_1"
"275","230-11--60--Nasutitermitinae--Nasutitermes-gracilirostris--New-Guinea-Oceania--MHIDOOBA_50556_d__Bacteria_p__Spirochaetota_c__Spirochaetia_o__Treponematales_f__Treponemataceae_B_1"
"276","301-07--69--Nasutitermitinae--Nasutitermes-bikpelanus--New-Guinea-Oceania--NMAGJELM_37112_d__Bacteria_p__Spirochaetota_c__Spirochaetia_o__Treponematales_1"
"277","301-16--AUS54--Nasutitermitinae--Nasutitermes-triodiae--Australia-Australia--AKBEIDEJ_06485_d__Bacteria_p__Spirochaetota_c__Spirochaetia_o__Treponematales_1"
"278","301-18--AUS62--Nasutitermitinae--Nasutitermes-graveolus--Australia-Australia--KOGODHHJ_70330_d__Bacteria_p__Spirochaetota_c__Spirochaetia_o__Treponematales_1"
"279","301-18--AUS62--Nasutitermitinae--Nasutitermes-graveolus--Australia-Australia--KOGODHHJ_08157_d__Bacteria_p__Spirochaetota_c__Spirochaetia_o__Treponematales_1"
"280","301-18--AUS62--Nasutitermitinae--Nasutitermes-graveolus--Australia-Australia--KOGODHHJ_105557_d__Bacteria_p__Spirochaetota_c__Spirochaetia_o__Treponematales_1"
"281","301-18--AUS62--Nasutitermitinae--Nasutitermes-graveolus--Australia-Australia--KOGODHHJ_109331_d__Bacteria_p__Spirochaetota_c__Spirochaetia_o__Treponematales_1"
"282","301-18--AUS62--Nasutitermitinae--Nasutitermes-graveolus--Australia-Australia--KOGODHHJ_12348_d__Bacteria_p__Spirochaetota_c__Spirochaetia_o__Treponematales_1"
"283","301-54--G733--Nasutitermitinae--Nasutitermes-macrocephalus--French-Guiana-Neo-tropical--POHOEHOL_33437_d__Bacteria_p__Spirochaetota_c__Spirochaetia_o__Treponematales_1"
"284","301-54--G733--Nasutitermitinae--Nasutitermes-macrocephalus--French-Guiana-Neo-tropical--POHOEHOL_39035_d__Bacteria_p__Spirochaetota_c__Spirochaetia_o__Treponematales_1"
"285","301-80--THAI100--Nasutitermitinae--Bulbitermes-nr-laticephalus--Thailand-Oriental--PLCNNCOE_01394_d__Bacteria_p__Spirochaetota_c__Spirochaetia_o__Treponematales_1"
"286","301-80--THAI100--Nasutitermitinae--Bulbitermes-nr-laticephalus--Thailand-Oriental--PLCNNCOE_59734_d__Bacteria_p__Spirochaetota_c__Spirochaetia_o__Treponematales_1"
"287","301-68--RDCT098--Apicotermitinae--Amalotermes-phaeocephalus--Congo-Afro-tropical--NMODEKJG_23671_d__Bacteria_p__Spirochaetota_c__Spirochaetia_o__Treponematales_1"
"288","230-19--G13-62--Syntermitinae--Cornitermes-sp-A--French-Guiana-Neo-tropical--EBADLNIJ_14397_d__Bacteria_p__Spirochaetota_c__Spirochaetia_o__Treponematales_f__Treponemataceae_B_1"
"289","230-19--G13-62--Syntermitinae--Cornitermes-sp-A--French-Guiana-Neo-tropical--EBADLNIJ_85310_d__Bacteria_p__Spirochaetota_c__Spirochaetia_o__Treponematales_1"
"290","301-34--BRA3--Syntermitinae--Cornitermes-cumulans--Brazil-Neo-tropical--GEIPMBLL_07251_d__Bacteria_p__Spirochaetota_c__Spirochaetia_o__Treponematales_1"
"291","301-34--BRA3--Syntermitinae--Cornitermes-cumulans--Brazil-Neo-tropical--GEIPMBLL_101441_d__Bacteria_p__Spirochaetota_c__Spirochaetia_o__Treponematales_f__Treponemataceae_B_1"
"292","301-34--BRA3--Syntermitinae--Cornitermes-cumulans--Brazil-Neo-tropical--GEIPMBLL_93802_d__Bacteria_p__Spirochaetota_c__Spirochaetia_o__Treponematales_1"
"293","301-34--BRA3--Syntermitinae--Cornitermes-cumulans--Brazil-Neo-tropical--GEIPMBLL_105167_d__Bacteria_p__Spirochaetota_c__Spirochaetia_o__Treponematales_f__Treponemataceae_B_1"
"294","301-34--BRA3--Syntermitinae--Cornitermes-cumulans--Brazil-Neo-tropical--GEIPMBLL_32149_d__Bacteria_p__Spirochaetota_c__Spirochaetia_o__Treponematales_1"
"295","272-93--TBRU711D--Termitinae--Orientotermes--Brunei-Oriental--OAMOGONE_06953_d__Bacteria_p__Spirochaetota_c__Spirochaetia_o__Treponematales_1"
"296","230-19--G13-62--Syntermitinae--Cornitermes-sp-A--French-Guiana-Neo-tropical--EBADLNIJ_04433_d__Bacteria_p__Spirochaetota_c__Spirochaetia_o__Treponematales_1"
"297","230-05--TBRU514A--Termitinae--Prohamitermes--Brunei-Oriental--LGBFAFNP_01098_d__Bacteria_p__Spirochaetota_c__Spirochaetia_o__Treponematales_1"
"298","230-05--TBRU514A--Termitinae--Prohamitermes--Brunei-Oriental--LGBFAFNP_18247_d__Bacteria_p__Spirochaetota_c__Spirochaetia_o__Treponematales_1"
"299","230-05--TBRU514A--Termitinae--Prohamitermes--Brunei-Oriental--LGBFAFNP_24178_d__Bacteria_p__Spirochaetota_c__Spirochaetia_o__Treponematales_1"
"300","230-19--G13-62--Syntermitinae--Cornitermes-sp-A--French-Guiana-Neo-tropical--EBADLNIJ_32225_d__Bacteria_p__Spirochaetota_c__Spirochaetia_o__Treponematales_1"
"301","301-34--BRA3--Syntermitinae--Cornitermes-cumulans--Brazil-Neo-tropical--GEIPMBLL_176317_d__Bacteria_p__Spirochaetota_c__Spirochaetia_o__Treponematales_1"
"302","301-89--THAI096--Termitinae--Termes-propinqus--Thailand-Oriental--IDNAGNDJ_58323_d__Bacteria_p__Spirochaetota_c__Spirochaetia_o__Treponematales_1"
"303","230-19--G13-62--Syntermitinae--Cornitermes-sp-A--French-Guiana-Neo-tropical--EBADLNIJ_05669_d__Bacteria_p__Spirochaetota_c__Spirochaetia_o__Treponematales_1"
"304","230-19--G13-62--Syntermitinae--Cornitermes-sp-A--French-Guiana-Neo-tropical--EBADLNIJ_21460_d__Bacteria_p__Spirochaetota_c__Spirochaetia_o__Treponematales_1"
"305","301-34--BRA3--Syntermitinae--Cornitermes-cumulans--Brazil-Neo-tropical--GEIPMBLL_20542_d__Bacteria_p__Spirochaetota_c__Spirochaetia_o__Treponematales_1"
"306","230-19--G13-62--Syntermitinae--Cornitermes-sp-A--French-Guiana-Neo-tropical--EBADLNIJ_34930_d__Bacteria_p__Spirochaetota_c__Spirochaetia_o__Treponematales_1"
"307","301-34--BRA3--Syntermitinae--Cornitermes-cumulans--Brazil-Neo-tropical--GEIPMBLL_52483_d__Bacteria_p__Spirochaetota_c__Spirochaetia_o__Treponematales_1"
"308","230-19--G13-62--Syntermitinae--Cornitermes-sp-A--French-Guiana-Neo-tropical--EBADLNIJ_06780_d__Bacteria_p__Spirochaetota_c__Spirochaetia_o__Treponematales_1"
"309","230-19--G13-62--Syntermitinae--Cornitermes-sp-A--French-Guiana-Neo-tropical--EBADLNIJ_10922_d__Bacteria_p__Spirochaetota_c__Spirochaetia_o__Treponematales_1"
"310","230-19--G13-62--Syntermitinae--Cornitermes-sp-A--French-Guiana-Neo-tropical--EBADLNIJ_23239_d__Bacteria_p__Spirochaetota_c__Spirochaetia_o__Treponematales_1"
"311","301-36--BRA9--Syntermitinae--Rhynchotermes-nasutissimus--Brazil-Neo-tropical--OCFIEBIH_32771_d__Bacteria_p__Spirochaetota_c__Spirochaetia_o__Treponematales_1"
"312","301-34--BRA3--Syntermitinae--Cornitermes-cumulans--Brazil-Neo-tropical--GEIPMBLL_41251_d__Bacteria_p__Spirochaetota_c__Spirochaetia_o__Treponematales_1"
"313","272-39--G13-24--Termitinae--Cylindrotermes--French-Guiana-Neo-tropical--OBOEKFOA_00564_d__Bacteria_p__Spirochaetota_c__Spirochaetia_o__Treponematales_1"
"314","301-36--BRA9--Syntermitinae--Rhynchotermes-nasutissimus--Brazil-Neo-tropical--OCFIEBIH_61998_d__Bacteria_p__Spirochaetota_c__Spirochaetia_o__Treponematales_1"
"315","301-07--69--Nasutitermitinae--Nasutitermes-bikpelanus--New-Guinea-Oceania--NMAGJELM_61561_d__Bacteria_p__Spirochaetota_c__Spirochaetia_o__Treponematales_1"
"316","230-11--60--Nasutitermitinae--Nasutitermes-gracilirostris--New-Guinea-Oceania--MHIDOOBA_06713_d__Bacteria_p__Spirochaetota_c__Spirochaetia_o__Treponematales_1"
"317","230-11--60--Nasutitermitinae--Nasutitermes-gracilirostris--New-Guinea-Oceania--MHIDOOBA_00386_d__Bacteria_p__Spirochaetota_c__Spirochaetia_o__Treponematales_1"
"318","301-54--G733--Nasutitermitinae--Nasutitermes-macrocephalus--French-Guiana-Neo-tropical--POHOEHOL_19212_d__Bacteria_p__Spirochaetota_c__Spirochaetia_o__Treponematales_1"
"319","301-54--G733--Nasutitermitinae--Nasutitermes-macrocephalus--French-Guiana-Neo-tropical--POHOEHOL_34222_d__Bacteria_p__Spirochaetota_c__Spirochaetia_o__Treponematales_1"
"320","301-14--AUS49--Nasutitermitinae--Nasutitermes-sp-G--Australia-Australia--KHIKJGJF_14820_d__Bacteria_p__Spirochaetota_c__Spirochaetia_o__Treponematales_1"
"321","272-46--G728--Nasutitermitinae--Agnathotermes-crassinasus--French-Guiana-Neo-tropical--MGHCOOPN_04975_d__Bacteria_p__Spirochaetota_c__Spirochaetia_1"
"322","272-40--G13-30--Nasutitermitinae--Coatitermes-kartaboensis--French-Guiana-Neo-tropical--FGHEMLMB_21509_d__Bacteria_p__Spirochaetota_c__Spirochaetia_o__Treponematales_1"
"323","272-40--G13-30--Nasutitermitinae--Coatitermes-kartaboensis--French-Guiana-Neo-tropical--FGHEMLMB_15611_d__Bacteria_p__Spirochaetota_c__Spirochaetia_o__Treponematales_f__Treponemataceae_B_1"
"324","301-39--G13-130--Nasutitermitinae--Coatitermes-sp-2--French-Guiana-Neo-tropical--KIBFDEIN_01924_d__Bacteria_p__Spirochaetota_c__Spirochaetia_o__Treponematales_1"
"325","272-82--RDCT106--Nasutitermitinae--Nasutitermes-lujae--Congo-Afro-tropical--LMFHLHNK_07542_d__Bacteria_p__Spirochaetota_c__Spirochaetia_o__Treponematales_1"
"326","230-13--THAI43--Nasutitermitinae--Nasutitermes-sp-3--Thailand-Oriental--GAHIMCHH_18282_d__Bacteria_p__Spirochaetota_c__Spirochaetia_o__Treponematales_1"
"327","272-50--KE15-44--Nasutitermitinae--Trinervitermes-gratiosus--Kenya-Afro-tropical--KCLNDEGO_45383_d__Bacteria_p__Spirochaetota_c__Spirochaetia_o__Treponematales_1"
"328","301-24--BDIT094--Nasutitermitinae--Trinervitermes-sp--Burundi-Afro-tropical--PNDKBPLD_235781_d__Bacteria_p__Spirochaetota_c__Spirochaetia_o__Treponematales_1"
"329","230-21--TBRU814E--Foraminitermitinae--Labritermes-buttelreepeni--Brunei-Oriental--KMDILHOK_00795_d__Bacteria_p__Spirochaetota_c__Spirochaetia_o__Treponematales_1"
"330","272-40--G13-30--Nasutitermitinae--Coatitermes-kartaboensis--French-Guiana-Neo-tropical--FGHEMLMB_05573_d__Bacteria_p__Spirochaetota_c__Spirochaetia_o__Treponematales_1"
"331","301-39--G13-130--Nasutitermitinae--Coatitermes-sp-2--French-Guiana-Neo-tropical--KIBFDEIN_39611_d__Bacteria_p__Spirochaetota_c__Spirochaetia_o__Treponematales_1"
"332","301-50--G683--Termitinae--Neocapritermes-sp-H--French-Guiana-Neo-tropical--MFJENAHB_161296_d__Bacteria_p__Spirochaetota_c__Spirochaetia_o__Treponematales_1"
"333","301-40--G13-28--Termitinae--Planicapritermes-planiceps--French-Guiana-Neo-tropical--JHDBPCMP_05608_d__Bacteria_p__Spirochaetota_c__Spirochaetia_o__Treponematales_1"
"334","301-40--G13-28--Termitinae--Planicapritermes-planiceps--French-Guiana-Neo-tropical--JHDBPCMP_40895_d__Bacteria_p__Spirochaetota_c__Spirochaetia_o__Treponematales_1"
"335","301-40--G13-28--Termitinae--Planicapritermes-planiceps--French-Guiana-Neo-tropical--JHDBPCMP_11055_d__Bacteria_p__Spirochaetota_c__Spirochaetia_o__Treponematales_1"
"336","301-40--G13-28--Termitinae--Planicapritermes-planiceps--French-Guiana-Neo-tropical--JHDBPCMP_57072_d__Bacteria_p__Spirochaetota_c__Spirochaetia_o__Treponematales_1"
"337","301-50--G683--Termitinae--Neocapritermes-sp-H--French-Guiana-Neo-tropical--MFJENAHB_10132_d__Bacteria_p__Spirochaetota_c__Spirochaetia_o__Treponematales_1"
"338","301-40--G13-28--Termitinae--Planicapritermes-planiceps--French-Guiana-Neo-tropical--JHDBPCMP_62823_d__Bacteria_p__Spirochaetota_c__Spirochaetia_o__Treponematales_1"
"339","301-24--BDIT094--Nasutitermitinae--Trinervitermes-sp--Burundi-Afro-tropical--PNDKBPLD_00553_d__Bacteria_p__Spirochaetota_c__Spirochaetia_o__Treponematales_1"
"340","301-80--THAI100--Nasutitermitinae--Bulbitermes-nr-laticephalus--Thailand-Oriental--PLCNNCOE_10656_d__Bacteria_p__Spirochaetota_c__Spirochaetia_o__Treponematales_1"
"341","301-80--THAI100--Nasutitermitinae--Bulbitermes-nr-laticephalus--Thailand-Oriental--PLCNNCOE_26506_d__Bacteria_p__Spirochaetota_c__Spirochaetia_o__Treponematales_1"
"342","301-15--AUS4--Termitinae--Amitermes-meridionalis--Australia-Australia--AABCFOKG_73242_d__Bacteria_p__Spirochaetota_c__Spirochaetia_o__Treponematales_1"
"343","301-15--AUS4--Termitinae--Amitermes-meridionalis--Australia-Australia--AABCFOKG_125833_d__Bacteria_p__Spirochaetota_c__Spirochaetia_o__Treponematales_1"
"344","301-15--AUS4--Termitinae--Amitermes-meridionalis--Australia-Australia--AABCFOKG_217472_d__Bacteria_p__Spirochaetota_c__Spirochaetia_o__Treponematales_1"
"345","301-15--AUS4--Termitinae--Amitermes-meridionalis--Australia-Australia--AABCFOKG_139412_d__Bacteria_p__Spirochaetota_c__Spirochaetia_o__Treponematales_1"
"346","301-15--AUS4--Termitinae--Amitermes-meridionalis--Australia-Australia--AABCFOKG_10458_d__Bacteria_p__Spirochaetota_c__Spirochaetia_o__Treponematales_1"
"347","301-15--AUS4--Termitinae--Amitermes-meridionalis--Australia-Australia--AABCFOKG_02825_d__Bacteria_p__Spirochaetota_c__Spirochaetia_o__Treponematales_1"
"348","301-15--AUS4--Termitinae--Amitermes-meridionalis--Australia-Australia--AABCFOKG_103914_d__Bacteria_p__Spirochaetota_c__Spirochaetia_o__Treponematales_1"
"349","301-15--AUS4--Termitinae--Amitermes-meridionalis--Australia-Australia--AABCFOKG_45736_d__Bacteria_p__Spirochaetota_c__Spirochaetia_o__Treponematales_1"
"350","301-15--AUS4--Termitinae--Amitermes-meridionalis--Australia-Australia--AABCFOKG_78232_d__Bacteria_p__Spirochaetota_c__Spirochaetia_o__Treponematales_1"
"351","301-15--AUS4--Termitinae--Amitermes-meridionalis--Australia-Australia--AABCFOKG_53879_d__Bacteria_p__Spirochaetota_c__Spirochaetia_o__Treponematales_1"
"352","301-15--AUS4--Termitinae--Amitermes-meridionalis--Australia-Australia--AABCFOKG_57603_d__Bacteria_p__Spirochaetota_c__Spirochaetia_o__Treponematales_1"
"353","301-24--BDIT094--Nasutitermitinae--Trinervitermes-sp--Burundi-Afro-tropical--PNDKBPLD_22514_d__Bacteria_p__Spirochaetota_c__Spirochaetia_o__Treponematales_1"
"354","230-11--60--Nasutitermitinae--Nasutitermes-gracilirostris--New-Guinea-Oceania--MHIDOOBA_41660_d__Bacteria_p__Spirochaetota_c__Spirochaetia_o__Treponematales_1"
"355","230-11--60--Nasutitermitinae--Nasutitermes-gracilirostris--New-Guinea-Oceania--MHIDOOBA_54233_d__Bacteria_p__Spirochaetota_c__Spirochaetia_o__Treponematales_1"
"356","301-16--AUS54--Nasutitermitinae--Nasutitermes-triodiae--Australia-Australia--AKBEIDEJ_11446_d__Bacteria_p__Spirochaetota_c__Spirochaetia_o__Treponematales_1"
"357","272-25--BRU6--Nasutitermitinae--Nasutitermes--Brunei-Oriental--IJIDIGGP_13984_d__Bacteria_p__Spirochaetota_c__Spirochaetia_o__Treponematales_1"
"358","301-16--AUS54--Nasutitermitinae--Nasutitermes-triodiae--Australia-Australia--AKBEIDEJ_196553_d__Bacteria_p__Spirochaetota_c__Spirochaetia_o__Treponematales_1"
"359","301-54--G733--Nasutitermitinae--Nasutitermes-macrocephalus--French-Guiana-Neo-tropical--POHOEHOL_93707_d__Bacteria_p__Spirochaetota_c__Spirochaetia_o__Treponematales_1"
"360","301-54--G733--Nasutitermitinae--Nasutitermes-macrocephalus--French-Guiana-Neo-tropical--POHOEHOL_94811_d__Bacteria_p__Spirochaetota_c__Spirochaetia_o__Treponematales_1"
"361","301-64--NSW6--Nasutitermitinae--Occasitermes--Australia-Australia--MDFLAMOO_37460_d__Bacteria_p__Spirochaetota_c__Spirochaetia_o__Treponematales_1"
"362","301-85--THAI45--Nasutitermitinae--Oriensubulitermes-inanis--Thailand-Oriental--FALHFBPB_24609_d__Bacteria_p__Spirochaetota_c__Spirochaetia_o__Treponematales_1"
"363","230-05--TBRU514A--Termitinae--Prohamitermes--Brunei-Oriental--LGBFAFNP_30554_d__Bacteria_p__Spirochaetota_c__Spirochaetia_o__Treponematales_1"
"364","230-19--G13-62--Syntermitinae--Cornitermes-sp-A--French-Guiana-Neo-tropical--EBADLNIJ_39670_d__Bacteria_p__Spirochaetota_c__Spirochaetia_o__Treponematales_1"
"365","301-66--RDCT051--Cubitermitinae--Orthotermes-depressifrons--Congo-Afro-tropical--DIEMMNNL_05526_d__Bacteria_p__Spirochaetota_c__Spirochaetia_o__Treponematales_1"
"366","301-74--RD1T21M1-e--Termitinae--Promirotermes-pygmaeus--Congo-Afro-tropical--MJLOMOGD_401911_d__Bacteria_p__Spirochaetota_c__Spirochaetia_o__Treponematales_1"
"367","230-22--RDCT165--Sphaerotermitinae--Sphaerotermes-sphaerothorax--Congo-Afro-tropical--NOBJMEMK_144096_d__Bacteria_p__Spirochaetota_c__Spirochaetia_o__Treponematales_1"
"368","301-14--AUS49--Nasutitermitinae--Nasutitermes-sp-G--Australia-Australia--KHIKJGJF_58081_d__Bacteria_p__Spirochaetota_c__Spirochaetia_o__Treponematales_1"
"369","230-01--CAM16-18--Nasutitermitinae--Leptomixotermes--Cameroon-Afro-tropical--BAOIPHFG_28689_d__Bacteria_p__Spirochaetota_c__Spirochaetia_o__Treponematales_1"
"370","272-40--G13-30--Nasutitermitinae--Coatitermes-kartaboensis--French-Guiana-Neo-tropical--FGHEMLMB_41921_d__Bacteria_p__Spirochaetota_c__Spirochaetia_o__Treponematales_1"
"371","301-39--G13-130--Nasutitermitinae--Coatitermes-sp-2--French-Guiana-Neo-tropical--KIBFDEIN_05278_d__Bacteria_p__Spirochaetota_c__Spirochaetia_o__Treponematales_1"
"372","301-64--NSW6--Nasutitermitinae--Occasitermes--Australia-Australia--MDFLAMOO_55840_d__Bacteria_p__Spirochaetota_c__Spirochaetia_o__Treponematales_1"
"373","301-64--NSW6--Nasutitermitinae--Occasitermes--Australia-Australia--MDFLAMOO_13503_d__Bacteria_p__Spirochaetota_c__Spirochaetia_o__Treponematales_1"
"374","301-64--NSW6--Nasutitermitinae--Occasitermes--Australia-Australia--MDFLAMOO_74464_d__Bacteria_p__Spirochaetota_c__Spirochaetia_o__Treponematales_1"
"375","301-44--G13-48--Nasutitermitinae--Constrictotermes-cavifrons--French-Guiana-Neo-tropical--COLCIDHM_04069_d__Bacteria_p__Spirochaetota_c__Spirochaetia_o__Treponematales_1"
"376","301-64--NSW6--Nasutitermitinae--Occasitermes--Australia-Australia--MDFLAMOO_07741_d__Bacteria_p__Spirochaetota_c__Spirochaetia_o__Treponematales_1"
"377","301-64--NSW6--Nasutitermitinae--Occasitermes--Australia-Australia--MDFLAMOO_28232_d__Bacteria_p__Spirochaetota_c__Spirochaetia_o__Treponematales_1"
"378","272-40--G13-30--Nasutitermitinae--Coatitermes-kartaboensis--French-Guiana-Neo-tropical--FGHEMLMB_68507_d__Bacteria_p__Spirochaetota_c__Spirochaetia_o__Treponematales_f__Treponemataceae_B_1"
"379","230-22--RDCT165--Sphaerotermitinae--Sphaerotermes-sphaerothorax--Congo-Afro-tropical--NOBJMEMK_04234_d__Bacteria_p__Spirochaetota_c__Spirochaetia_o__Treponematales_1"
"380","230-22--RDCT165--Sphaerotermitinae--Sphaerotermes-sphaerothorax--Congo-Afro-tropical--NOBJMEMK_37233_d__Bacteria_p__Spirochaetota_c__Spirochaetia_o__Treponematales_1"
"381","230-22--RDCT165--Sphaerotermitinae--Sphaerotermes-sphaerothorax--Congo-Afro-tropical--NOBJMEMK_28551_d__Bacteria_p__Spirochaetota_c__Spirochaetia_o__Treponematales_1"
"382","230-22--RDCT165--Sphaerotermitinae--Sphaerotermes-sphaerothorax--Congo-Afro-tropical--NOBJMEMK_105650_d__Bacteria_p__Spirochaetota_c__Spirochaetia_o__Treponematales_1"
"383","230-22--RDCT165--Sphaerotermitinae--Sphaerotermes-sphaerothorax--Congo-Afro-tropical--NOBJMEMK_59821_d__Bacteria_p__Spirochaetota_c__Spirochaetia_o__Treponematales_1"
"384","230-22--RDCT165--Sphaerotermitinae--Sphaerotermes-sphaerothorax--Congo-Afro-tropical--NOBJMEMK_19576_d__Bacteria_p__Spirochaetota_c__Spirochaetia_o__Treponematales_1"
"385","230-22--RDCT165--Sphaerotermitinae--Sphaerotermes-sphaerothorax--Congo-Afro-tropical--NOBJMEMK_95810_d__Bacteria_p__Spirochaetota_c__Spirochaetia_o__Treponematales_1"
"386","230-22--RDCT165--Sphaerotermitinae--Sphaerotermes-sphaerothorax--Congo-Afro-tropical--NOBJMEMK_100770_d__Bacteria_p__Spirochaetota_c__Spirochaetia_o__Treponematales_1"
"387","230-22--RDCT165--Sphaerotermitinae--Sphaerotermes-sphaerothorax--Congo-Afro-tropical--NOBJMEMK_16367_d__Bacteria_p__Spirochaetota_c__Spirochaetia_o__Treponematales_1"
"388","230-22--RDCT165--Sphaerotermitinae--Sphaerotermes-sphaerothorax--Congo-Afro-tropical--NOBJMEMK_19267_d__Bacteria_p__Spirochaetota_c__Spirochaetia_o__Treponematales_1"
"389","230-22--RDCT165--Sphaerotermitinae--Sphaerotermes-sphaerothorax--Congo-Afro-tropical--NOBJMEMK_29919_d__Bacteria_p__Spirochaetota_c__Spirochaetia_o__Treponematales_1"
"390","230-22--RDCT165--Sphaerotermitinae--Sphaerotermes-sphaerothorax--Congo-Afro-tropical--NOBJMEMK_60995_d__Bacteria_p__Spirochaetota_c__Spirochaetia_o__Treponematales_1"
"391","230-22--RDCT165--Sphaerotermitinae--Sphaerotermes-sphaerothorax--Congo-Afro-tropical--NOBJMEMK_72565_d__Bacteria_p__Spirochaetota_c__Spirochaetia_o__Treponematales_1"
"392","230-22--RDCT165--Sphaerotermitinae--Sphaerotermes-sphaerothorax--Congo-Afro-tropical--NOBJMEMK_26103_d__Bacteria_p__Spirochaetota_c__Spirochaetia_o__Treponematales_1"
"393","230-22--RDCT165--Sphaerotermitinae--Sphaerotermes-sphaerothorax--Congo-Afro-tropical--NOBJMEMK_58814_d__Bacteria_p__Spirochaetota_c__Spirochaetia_o__Treponematales_1"
"394","230-22--RDCT165--Sphaerotermitinae--Sphaerotermes-sphaerothorax--Congo-Afro-tropical--NOBJMEMK_23406_d__Bacteria_p__Spirochaetota_c__Spirochaetia_o__Treponematales_1"
"395","230-22--RDCT165--Sphaerotermitinae--Sphaerotermes-sphaerothorax--Congo-Afro-tropical--NOBJMEMK_77115_d__Bacteria_p__Spirochaetota_c__Spirochaetia_o__Treponematales_1"
"396","230-22--RDCT165--Sphaerotermitinae--Sphaerotermes-sphaerothorax--Congo-Afro-tropical--NOBJMEMK_82821_d__Bacteria_p__Spirochaetota_c__Spirochaetia_o__Treponematales_1"
"397","272-34--FG-ND02-39--Microcerotermes--Microcerotermes-sp-SC--French-Guiana-Neo-tropical--JCIBENDC_243904_d__Bacteria_p__Spirochaetota_c__Spirochaetia_o__Treponematales_1"
"398","272-86--RDCT180--Termitinae--Cephalotermes--Congo-Afro-tropical--MFLDAJAL_111898_d__Bacteria_p__Spirochaetota_c__Spirochaetia_o__Treponematales_f__Treponemataceae_B_1"
"399","272-86--RDCT180--Termitinae--Cephalotermes--Congo-Afro-tropical--MFLDAJAL_68971_d__Bacteria_p__Spirochaetota_c__Spirochaetia_o__Treponematales_f__Treponemataceae_B_1"
"400","272-86--RDCT180--Termitinae--Cephalotermes--Congo-Afro-tropical--MFLDAJAL_18623_d__Bacteria_p__Spirochaetota_c__Spirochaetia_o__Treponematales_f__Treponemataceae_B_1"
"401","272-86--RDCT180--Termitinae--Cephalotermes--Congo-Afro-tropical--MFLDAJAL_83855_d__Bacteria_p__Spirochaetota_c__Spirochaetia_o__Treponematales_f__Treponemataceae_B_1"
"402","230-22--RDCT165--Sphaerotermitinae--Sphaerotermes-sphaerothorax--Congo-Afro-tropical--NOBJMEMK_19308_d__Bacteria_p__Spirochaetota_c__Spirochaetia_o__Treponematales_f__Treponemataceae_B_1"
"403","272-50--KE15-44--Nasutitermitinae--Trinervitermes-gratiosus--Kenya-Afro-tropical--KCLNDEGO_100360_d__Bacteria_p__Spirochaetota_c__Spirochaetia_o__Treponematales_f__Treponemataceae_B_1"
"404","229-07--Msp-RNA-1--Microcerotermes--Microcerotermes--South-East-Asia-Oriental--DPEHDFIK_07188_d__Bacteria_p__Spirochaetota_c__Spirochaetia_o__Treponematales_1"
"405","301-59--MAD15-16--Microcerotermes--Microcerotermes-mad-sp-C--Madagascar-Madagascar--KIFAEBMO_00241_d__Bacteria_p__Spirochaetota_c__Spirochaetia_o__Treponematales_1"
"406","272-63--MAD15-5--Microcerotermes--Microcerotermes-mad-sp-E--Madagascar-Madagascar--LHGCDBLG_04768_d__Bacteria_p__Spirochaetota_c__Spirochaetia_o__Treponematales_1"
"407","229-07--Msp-RNA-1--Microcerotermes--Microcerotermes--South-East-Asia-Oriental--DPEHDFIK_12873_d__Bacteria_p__Spirochaetota_c__Spirochaetia_o__Treponematales_1"
"408","229-07--Msp-RNA-1--Microcerotermes--Microcerotermes--South-East-Asia-Oriental--DPEHDFIK_46086_d__Bacteria_p__Spirochaetota_c__Spirochaetia_o__Treponematales_1"
"409","229-07--Msp-RNA-1--Microcerotermes--Microcerotermes--South-East-Asia-Oriental--DPEHDFIK_48703_d__Bacteria_p__Spirochaetota_c__Spirochaetia_o__Treponematales_1"
"410","272-84--RDCT119--Microcerotermes--Microcerotermes-parvus--Congo-Afro-tropical--HFABNABN_20910_d__Bacteria_p__Spirochaetota_c__Spirochaetia_o__Treponematales_1"
"411","272-19--BDIT102--Microcerotermes--Microcerotermes-fuscotibialis--Burundi-Afro-tropical--CAECBDLP_13638_d__Bacteria_p__Spirochaetota_c__Spirochaetia_o__Treponematales_1"
"412","272-34--FG-ND02-39--Microcerotermes--Microcerotermes-sp-SC--French-Guiana-Neo-tropical--JCIBENDC_24451_d__Bacteria_p__Spirochaetota_c__Spirochaetia_o__Treponematales_1"
"413","272-45--G689--Microcerotermes--Microcerotermes-sp--French-Guiana-Neo-tropical--GMFGPJLH_39573_d__Bacteria_p__Spirochaetota_c__Spirochaetia_o__Treponematales_1"
"414","272-77--RDCT033--Microcerotermes--Microcerotermes-fuscotibialis--Congo-Afro-tropical--POOGOANK_31676_d__Bacteria_p__Spirochaetota_c__Spirochaetia_o__Treponematales_1"
"415","272-77--RDCT033--Microcerotermes--Microcerotermes-fuscotibialis--Congo-Afro-tropical--POOGOANK_38978_d__Bacteria_p__Spirochaetota_c__Spirochaetia_o__Treponematales_1"
"416","272-53--MAD15-113--Microcerotermes--Microcerotermes-mad-sp-G--Madagascar-Madagascar--IKDIKFDP_01858_d__Bacteria_p__Spirochaetota_c__Spirochaetia_o__Treponematales_1"
"417","272-55--MAD15-136--Microcerotermes--Microcerotermes-mad-sp-G--Madagascar-Madagascar--IGAGHHBI_50342_d__Bacteria_p__Spirochaetota_c__Spirochaetia_o__Treponematales_1"
"418","272-63--MAD15-5--Microcerotermes--Microcerotermes-mad-sp-E--Madagascar-Madagascar--LHGCDBLG_36942_d__Bacteria_p__Spirochaetota_c__Spirochaetia_o__Treponematales_f__Treponemataceae_B_1"
"419","272-58--MAD15-151--Microcerotermes--Microcerotermes-mad-sp-M--Madagascar-Madagascar--CNFKDAJD_61487_d__Bacteria_p__Spirochaetota_c__Spirochaetia_o__Treponematales_1"
"420","272-58--MAD15-151--Microcerotermes--Microcerotermes-mad-sp-M--Madagascar-Madagascar--CNFKDAJD_07845_d__Bacteria_p__Spirochaetota_c__Spirochaetia_o__Treponematales_1"
"421","272-58--MAD15-151--Microcerotermes--Microcerotermes-mad-sp-M--Madagascar-Madagascar--CNFKDAJD_09013_d__Bacteria_p__Spirochaetota_c__Spirochaetia_o__Treponematales_1"
"422","272-59--MAD15-169--Microcerotermes--Microcerotermes-mad-sp-D--Madagascar-Madagascar--BCNOAGMG_32589_d__Bacteria_p__Spirochaetota_c__Spirochaetia_o__Treponematales_1"
"423","272-01--10-2--Microcerotermes--Microcerotermes-biroi--New-Guinea--DOGAELGM_49138_d__Bacteria_p__Spirochaetota_c__Spirochaetia_o__Treponematales_1"
"424","272-09--AUS13--Microcerotermes--Microcerotermes-sp--Australia-Australia--BFPCAFDI_83466_d__Bacteria_p__Spirochaetota_c__Spirochaetia_o__Treponematales_1"
"425","272-52--MAD15-104--Microcerotermes--Microcerotermes-mad-sp-C--Madagascar-Madagascar--JEOFLHGI_11510_d__Bacteria_p__Spirochaetota_c__Spirochaetia_o__Treponematales_1"
"426","230-03--PHI8--Microcerotermes--Microcerotermes--Philippines-Oriental--FFKHHJAJ_101299_d__Bacteria_p__Spirochaetota_c__Spirochaetia_o__Treponematales_f__Treponemataceae_B_1"
"427","272-104--TP114A--Microcerotermes--Microcerotermes-crassus--Malaysia-Oriental--NHIGIODF_44065_d__Bacteria_p__Spirochaetota_c__Spirochaetia_o__Treponematales_1"
"428","230-03--PHI8--Microcerotermes--Microcerotermes--Philippines-Oriental--FFKHHJAJ_27405_d__Bacteria_p__Spirochaetota_c__Spirochaetia_o__Treponematales_f__Treponemataceae_B_1"
"429","230-03--PHI8--Microcerotermes--Microcerotermes--Philippines-Oriental--FFKHHJAJ_63034_d__Bacteria_p__Spirochaetota_c__Spirochaetia_o__Treponematales_1"
"430","272-89--T2-IC--Microcerotermes--Microcerotermes-havilandi--Singapore-Oriental--OCBKEODD_94146_d__Bacteria_p__Spirochaetota_c__Spirochaetia_o__Treponematales_f__Treponemataceae_B_1"
"431","272-02--28--Microcerotermes--Microcerotermes-papuanus--New-Guinea-Oceania--JCCLNIIL_23087_d__Bacteria_p__Spirochaetota_c__Spirochaetia_o__Treponematales_1"
"432","230-12--81--Microcerotermes--Microcerotermes-papuanus--New-Guinea-Oceania--GCKEGHAL_68377_d__Bacteria_p__Spirochaetota_c__Spirochaetia_o__Treponematales_1"
"433","301-08--81-2--Microcerotermes--Microcerotermes-papuanus--New-Guinea-Oceania--LIMPOKBC_60163_d__Bacteria_p__Spirochaetota_c__Spirochaetia_o__Treponematales_f__Treponemataceae_B_1"
"434","230-14--RDCT055--Microcerotermes--Microcerotermes-parvus--Congo-Afro-tropical--AELJIOAN_00691_d__Bacteria_p__Spirochaetota_c__Spirochaetia_o__Treponematales_1"
"435","272-84--RDCT119--Microcerotermes--Microcerotermes-parvus--Congo-Afro-tropical--HFABNABN_70362_d__Bacteria_p__Spirochaetota_c__Spirochaetia_o__Treponematales_1"
"436","272-85--RDCT134--Microcerotermes--Microcerotermes-parvus--Congo-Afro-tropical--IJFECECG_28028_d__Bacteria_p__Spirochaetota_c__Spirochaetia_o__Treponematales_1"
"437","272-64--MAD15-62--Microcerotermes--Microcerotermes-mad-sp-F--Madagascar-Madagascar--PHHMBOPJ_17199_d__Bacteria_p__Spirochaetota_c__Spirochaetia_o__Treponematales_1"
"438","301-58--MAD15-116--Microcerotermes--Microcerotermes-mad-sp-H--Madagascar-Madagascar--BKJILCFM_25449_d__Bacteria_p__Spirochaetota_c__Spirochaetia_o__Treponematales_1"
"439","301-58--MAD15-116--Microcerotermes--Microcerotermes-mad-sp-H--Madagascar-Madagascar--BKJILCFM_75837_d__Bacteria_p__Spirochaetota_c__Spirochaetia_o__Treponematales_1"
"440","272-84--RDCT119--Microcerotermes--Microcerotermes-parvus--Congo-Afro-tropical--HFABNABN_86359_d__Bacteria_p__Spirochaetota_c__Spirochaetia_o__Treponematales_1"
"441","301-11--AUS114--Microcerotermes--Microcerotermes-sp-H--Australia-Australia--EOGHOPED_88479_d__Bacteria_p__Spirochaetota_c__Spirochaetia_o__Treponematales_1"
"442","272-13--AUS6--Microcerotermes--Microcerotermes-nervosus--Australia-Australia--FLPAOEAJ_05449_d__Bacteria_p__Spirochaetota_c__Spirochaetia_o__Treponematales_1"
"443","272-12--AUS66--Microcerotermes--Microcerotermes-sp-E--Australia-Australia--GDNKKEHJ_29557_d__Bacteria_p__Spirochaetota_c__Spirochaetia_o__Treponematales_1"
"444","301-17--AUS66--Microcerotermes--Microcerotermes-sp-E--Australia-Australia--MHPNFKFI_32019_d__Bacteria_p__Spirochaetota_c__Spirochaetia_o__Treponematales_1"
"445","272-15--AUS82--Microcerotermes--Microcerotermes-sp-I--Australia-Australia--BIPLFEAP_117319_d__Bacteria_p__Spirochaetota_c__Spirochaetia_o__Treponematales_1"
"446","272-15--AUS82--Microcerotermes--Microcerotermes-sp-I--Australia-Australia--BIPLFEAP_56115_d__Bacteria_p__Spirochaetota_c__Spirochaetia_o__Treponematales_1"
"447","272-14--AUS71--Microcerotermes--Microcerotermes-sp-G--Australia-Australia--LAKMIEEK_89114_d__Bacteria_p__Spirochaetota_c__Spirochaetia_o__Treponematales_1"
"448","301-17--AUS66--Microcerotermes--Microcerotermes-sp-E--Australia-Australia--MHPNFKFI_73075_d__Bacteria_p__Spirochaetota_c__Spirochaetia_o__Treponematales_1"
"449","230-03--PHI8--Microcerotermes--Microcerotermes--Philippines-Oriental--FFKHHJAJ_78064_d__Bacteria_p__Spirochaetota_c__Spirochaetia_o__Treponematales_1"
"450","230-17--TBRU318a--Microcerotermes--Microcerotermes-nr-havilandi--Brunei-Oriental--MIEDJDJK_56027_d__Bacteria_p__Spirochaetota_c__Spirochaetia_o__Treponematales_1"
"451","230-12--81--Microcerotermes--Microcerotermes-papuanus--New-Guinea-Oceania--GCKEGHAL_50216_d__Bacteria_p__Spirochaetota_c__Spirochaetia_o__Treponematales_1"
"452","230-12--81--Microcerotermes--Microcerotermes-papuanus--New-Guinea-Oceania--GCKEGHAL_30929_d__Bacteria_p__Spirochaetota_c__Spirochaetia_o__Treponematales_1"
"453","301-08--81-2--Microcerotermes--Microcerotermes-papuanus--New-Guinea-Oceania--LIMPOKBC_07648_d__Bacteria_p__Spirochaetota_c__Spirochaetia_o__Treponematales_1"
"454","230-15--D2-34--Microcerotermes--Microcerotermes-biroi--New-Guinea-Oceania--HEFGFCPB_75208_d__Bacteria_p__Spirochaetota_c__Spirochaetia_o__Treponematales_1"
"455","272-01--10-2--Microcerotermes--Microcerotermes-biroi--New-Guinea--DOGAELGM_22437_d__Bacteria_p__Spirochaetota_c__Spirochaetia_o__Treponematales_1"
"456","272-02--28--Microcerotermes--Microcerotermes-papuanus--New-Guinea-Oceania--JCCLNIIL_71216_d__Bacteria_p__Spirochaetota_c__Spirochaetia_o__Treponematales_1"
"457","272-04--48--Microcerotermes--Microcerotermes-papuanus--New-Guinea-Oceania--LLJHKGFM_107463_d__Bacteria_p__Spirochaetota_c__Spirochaetia_o__Treponematales_1"
"458","272-52--MAD15-104--Microcerotermes--Microcerotermes-mad-sp-C--Madagascar-Madagascar--JEOFLHGI_41123_d__Bacteria_p__Spirochaetota_c__Spirochaetia_o__Treponematales_1"
"459","272-84--RDCT119--Microcerotermes--Microcerotermes-parvus--Congo-Afro-tropical--HFABNABN_51133_d__Bacteria_p__Spirochaetota_c__Spirochaetia_o__Treponematales_1"
"460","272-62--MAD15-59--Microcerotermes--Microcerotermes-mad-sp-F--Madagascar-Madagascar--PGAOBEJB_51338_d__Bacteria_p__Spirochaetota_c__Spirochaetia_o__Treponematales_1"
"461","272-57--MAD15-148--Microcerotermes--Microcerotermes-mad-sp-F--Madagascar-Madagascar--HPMPMEPI_05373_d__Bacteria_p__Spirochaetota_c__Spirochaetia_o__Treponematales_1"
"462","272-62--MAD15-59--Microcerotermes--Microcerotermes-mad-sp-F--Madagascar-Madagascar--PGAOBEJB_08505_d__Bacteria_p__Spirochaetota_c__Spirochaetia_o__Treponematales_1"
"463","272-53--MAD15-113--Microcerotermes--Microcerotermes-mad-sp-G--Madagascar-Madagascar--IKDIKFDP_21067_d__Bacteria_p__Spirochaetota_c__Spirochaetia_o__Treponematales_1"
"464","301-60--MAD15-66--Microcerotermes--Microcerotermes-mad-sp-E--Madagascar-Madagascar--MJONPIMI_35386_d__Bacteria_p__Spirochaetota_c__Spirochaetia_o__Treponematales_1"
"465","272-54--MAD15-130--Microcerotermes--Microcerotermes-mad-sp-B--Madagascar-Madagascar--DFAMJLME_62652_d__Bacteria_p__Spirochaetota_c__Spirochaetia_o__Treponematales_1"
"466","272-68--MAD15-86--Microcerotermes--Microcerotermes-mad-sp-K--Madagascar-Madagascar--PDAPIIEL_36072_d__Bacteria_p__Spirochaetota_c__Spirochaetia_o__Treponematales_1"
"467","272-56--MAD15-139--Microcerotermes--Microcerotermes-mad-sp-L--Madagascar-Madagascar--DPIGOLHB_34062_d__Bacteria_p__Spirochaetota_c__Spirochaetia_o__Treponematales_1"
"468","272-66--MAD15-76--Microcerotermes--Microcerotermes-mad-sp-G--Madagascar-Madagascar--BKGPDEIL_13897_d__Bacteria_p__Spirochaetota_c__Spirochaetia_o__Treponematales_1"
"469","301-61--MAD15-71--Microcerotermes--Microcerotermes-mad-sp-B--Madagascar-Madagascar--HLHCAAJD_33330_d__Bacteria_p__Spirochaetota_c__Spirochaetia_o__Treponematales_1"
"470","272-101--THAI055--Microcerotermes--Microcerotermes-sp-B--Thailand-Oriental--CKPDMAEN_15119_d__Bacteria_p__Spirochaetota_c__Spirochaetia_o__Treponematales_1"
"471","272-100--THAI54--Microcerotermes--Microcerotermes-crassus--Thailand-Oriental--COJKPCNP_05845_d__Bacteria_p__Spirochaetota_c__Spirochaetia_o__Treponematales_1"
"472","272-75--PHI1--Microcerotermes--Microcerotermes--Philippines-Oriental--EFHMCDAH_31691_d__Bacteria_p__Spirochaetota_c__Spirochaetia_o__Treponematales_1"
"473","272-100--THAI54--Microcerotermes--Microcerotermes-crassus--Thailand-Oriental--COJKPCNP_10291_d__Bacteria_p__Spirochaetota_c__Spirochaetia_o__Treponematales_1"
"474","272-69--MAL22--Microcerotermes--Microcerotermes-crassus--Malaysia-Oriental--DANCONHC_23338_d__Bacteria_p__Spirochaetota_c__Spirochaetia_o__Treponematales_1"
"475","272-75--PHI1--Microcerotermes--Microcerotermes--Philippines-Oriental--EFHMCDAH_05317_d__Bacteria_p__Spirochaetota_c__Spirochaetia_o__Treponematales_1"
"476","230-03--PHI8--Microcerotermes--Microcerotermes--Philippines-Oriental--FFKHHJAJ_59043_d__Bacteria_p__Spirochaetota_c__Spirochaetia_o__Treponematales_f__Treponemataceae_B_1"
"477","272-104--TP114A--Microcerotermes--Microcerotermes-crassus--Malaysia-Oriental--NHIGIODF_118573_d__Bacteria_p__Spirochaetota_c__Spirochaetia_o__Treponematales_1"
"478","272-69--MAL22--Microcerotermes--Microcerotermes-crassus--Malaysia-Oriental--DANCONHC_06497_d__Bacteria_p__Spirochaetota_c__Spirochaetia_o__Treponematales_1"
"479","272-70--MAL37--Microcerotermes--Microcerotermes-crassus--Malaysia-Oriental--ILALFPAC_65390_d__Bacteria_p__Spirochaetota_c__Spirochaetia_o__Treponematales_f__Treponemataceae_B_1"
"480","272-02--28--Microcerotermes--Microcerotermes-papuanus--New-Guinea-Oceania--JCCLNIIL_04208_d__Bacteria_p__Spirochaetota_c__Spirochaetia_o__Treponematales_1"
"481","230-17--TBRU318a--Microcerotermes--Microcerotermes-nr-havilandi--Brunei-Oriental--MIEDJDJK_03843_d__Bacteria_p__Spirochaetota_c__Spirochaetia_o__Treponematales_1"
"482","230-17--TBRU318a--Microcerotermes--Microcerotermes-nr-havilandi--Brunei-Oriental--MIEDJDJK_65561_d__Bacteria_p__Spirochaetota_c__Spirochaetia_o__Treponematales_1"
"483","272-101--THAI055--Microcerotermes--Microcerotermes-sp-B--Thailand-Oriental--CKPDMAEN_49312_d__Bacteria_p__Spirochaetota_c__Spirochaetia_o__Treponematales_1"
"484","272-95--TBRU912E--Microcerotermes--Microcerotermes-serrula--Brunei-Oriental--MIGHMNII_18747_d__Bacteria_p__Spirochaetota_c__Spirochaetia_o__Treponematales_1"
"485","272-95--TBRU912E--Microcerotermes--Microcerotermes-serrula--Brunei-Oriental--MIGHMNII_02363_d__Bacteria_p__Spirochaetota_c__Spirochaetia_o__Treponematales_1"
"486","272-95--TBRU912E--Microcerotermes--Microcerotermes-serrula--Brunei-Oriental--MIGHMNII_14725_d__Bacteria_p__Spirochaetota_c__Spirochaetia_o__Treponematales_1"
"487","272-02--28--Microcerotermes--Microcerotermes-papuanus--New-Guinea-Oceania--JCCLNIIL_33128_d__Bacteria_p__Spirochaetota_c__Spirochaetia_o__Treponematales_1"
"488","272-15--AUS82--Microcerotermes--Microcerotermes-sp-I--Australia-Australia--BIPLFEAP_55400_d__Bacteria_p__Spirochaetota_c__Spirochaetia_o__Treponematales_1"
"489","272-89--T2-IC--Microcerotermes--Microcerotermes-havilandi--Singapore-Oriental--OCBKEODD_31467_d__Bacteria_p__Spirochaetota_c__Spirochaetia_o__Treponematales_f__Treponemataceae_B_1"
"490","301-77--TBRU414--Microcerotermes--Microcerotermes-nr-havilandi--Brunei-Oriental--LEAPNMHI_80486_d__Bacteria_p__Spirochaetota_c__Spirochaetia_o__Treponematales_1"
"491","272-14--AUS71--Microcerotermes--Microcerotermes-sp-G--Australia-Australia--LAKMIEEK_74180_d__Bacteria_p__Spirochaetota_c__Spirochaetia_o__Treponematales_f__Treponemataceae_B_1"
"492","272-15--AUS82--Microcerotermes--Microcerotermes-sp-I--Australia-Australia--BIPLFEAP_07925_d__Bacteria_p__Spirochaetota_c__Spirochaetia_o__Treponematales_1"
"493","272-09--AUS13--Microcerotermes--Microcerotermes-sp--Australia-Australia--BFPCAFDI_07215_d__Bacteria_p__Spirochaetota_c__Spirochaetia_o__Treponematales_1"
"494","272-01--10-2--Microcerotermes--Microcerotermes-biroi--New-Guinea--DOGAELGM_79416_d__Bacteria_p__Spirochaetota_c__Spirochaetia_o__Treponematales_1"
"495","272-12--AUS66--Microcerotermes--Microcerotermes-sp-E--Australia-Australia--GDNKKEHJ_01929_d__Bacteria_p__Spirochaetota_c__Spirochaetia_o__Treponematales_1"
"496","301-17--AUS66--Microcerotermes--Microcerotermes-sp-E--Australia-Australia--MHPNFKFI_00827_d__Bacteria_p__Spirochaetota_c__Spirochaetia_o__Treponematales_1"
"497","272-14--AUS71--Microcerotermes--Microcerotermes-sp-G--Australia-Australia--LAKMIEEK_27926_d__Bacteria_p__Spirochaetota_c__Spirochaetia_o__Treponematales_1"
"498","272-14--AUS71--Microcerotermes--Microcerotermes-sp-G--Australia-Australia--LAKMIEEK_48224_d__Bacteria_p__Spirochaetota_c__Spirochaetia_o__Treponematales_1"
"499","301-11--AUS114--Microcerotermes--Microcerotermes-sp-H--Australia-Australia--EOGHOPED_19632_d__Bacteria_p__Spirochaetota_c__Spirochaetia_o__Treponematales_1"
"500","272-15--AUS82--Microcerotermes--Microcerotermes-sp-I--Australia-Australia--BIPLFEAP_158593_d__Bacteria_p__Spirochaetota_c__Spirochaetia_o__Treponematales_1"
"501","301-11--AUS114--Microcerotermes--Microcerotermes-sp-H--Australia-Australia--EOGHOPED_37063_d__Bacteria_p__Spirochaetota_c__Spirochaetia_o__Treponematales_1"
"502","272-10--AUS32--Microcerotermes--Microcerotermes-sp--Australia-Australia--PAINICOH_30821_d__Bacteria_p__Spirochaetota_c__Spirochaetia_o__Treponematales_f__Treponemataceae_B_1"
"503","272-13--AUS6--Microcerotermes--Microcerotermes-nervosus--Australia-Australia--FLPAOEAJ_59363_d__Bacteria_p__Spirochaetota_c__Spirochaetia_o__Treponematales_1"
"504","272-70--MAL37--Microcerotermes--Microcerotermes-crassus--Malaysia-Oriental--ILALFPAC_07803_d__Bacteria_p__Spirochaetota_c__Spirochaetia_o__Treponematales_1"
"505","301-58--MAD15-116--Microcerotermes--Microcerotermes-mad-sp-H--Madagascar-Madagascar--BKJILCFM_25794_d__Bacteria_p__Spirochaetota_c__Spirochaetia_o__Treponematales_1"
"506","272-67--MAD15-85--Microcerotermes--Microcerotermes-mad-sp-A--Madagascar-Madagascar--FFCMJAEF_22334_d__Bacteria_p__Spirochaetota_c__Spirochaetia_o__Treponematales_1"
"507","301-58--MAD15-116--Microcerotermes--Microcerotermes-mad-sp-H--Madagascar-Madagascar--BKJILCFM_18687_d__Bacteria_p__Spirochaetota_c__Spirochaetia_o__Treponematales_1"
"508","272-57--MAD15-148--Microcerotermes--Microcerotermes-mad-sp-F--Madagascar-Madagascar--HPMPMEPI_07855_d__Bacteria_p__Spirochaetota_c__Spirochaetia_o__Treponematales_1"
"509","272-84--RDCT119--Microcerotermes--Microcerotermes-parvus--Congo-Afro-tropical--HFABNABN_35069_d__Bacteria_p__Spirochaetota_c__Spirochaetia_o__Treponematales_1"
"510","272-85--RDCT134--Microcerotermes--Microcerotermes-parvus--Congo-Afro-tropical--IJFECECG_03939_d__Bacteria_p__Spirochaetota_c__Spirochaetia_o__Treponematales_1"
"511","272-62--MAD15-59--Microcerotermes--Microcerotermes-mad-sp-F--Madagascar-Madagascar--PGAOBEJB_00801_d__Bacteria_p__Spirochaetota_c__Spirochaetia_o__Treponematales_1"
"512","272-84--RDCT119--Microcerotermes--Microcerotermes-parvus--Congo-Afro-tropical--HFABNABN_103267_d__Bacteria_p__Spirochaetota_c__Spirochaetia_o__Treponematales_1"
"513","272-01--10-2--Microcerotermes--Microcerotermes-biroi--New-Guinea--DOGAELGM_10076_d__Bacteria_p__Spirochaetota_c__Spirochaetia_o__Treponematales_1"
"514","272-70--MAL37--Microcerotermes--Microcerotermes-crassus--Malaysia-Oriental--ILALFPAC_49639_d__Bacteria_p__Spirochaetota_c__Spirochaetia_o__Treponematales_1"
"515","272-75--PHI1--Microcerotermes--Microcerotermes--Philippines-Oriental--EFHMCDAH_88955_d__Bacteria_p__Spirochaetota_c__Spirochaetia_o__Treponematales_1"
"516","272-52--MAD15-104--Microcerotermes--Microcerotermes-mad-sp-C--Madagascar-Madagascar--JEOFLHGI_44090_d__Bacteria_p__Spirochaetota_c__Spirochaetia_o__Treponematales_f__Treponemataceae_B_1"
"517","272-02--28--Microcerotermes--Microcerotermes-papuanus--New-Guinea-Oceania--JCCLNIIL_67259_d__Bacteria_p__Spirochaetota_c__Spirochaetia_o__Treponematales_1"
"518","272-04--48--Microcerotermes--Microcerotermes-papuanus--New-Guinea-Oceania--LLJHKGFM_114871_d__Bacteria_p__Spirochaetota_c__Spirochaetia_o__Treponematales_1"
"519","229-07--Msp-RNA-1--Microcerotermes--Microcerotermes--South-East-Asia-Oriental--DPEHDFIK_59387_d__Bacteria_p__Spirochaetota_c__Spirochaetia_o__Treponematales_1"
"520","272-43--G-13-58--Microcerotermes--Microcerotermes--French-Guiana-Neo-tropical--NCHCEIMM_14314_d__Bacteria_p__Spirochaetota_c__Spirochaetia_o__Treponematales_f__Treponemataceae_B_1"
"521","272-33--FG-ND02-38--Microcerotermes--Microcerotermes-sp-SA--French-Guiana-Neo-tropical--PJPNMPFH_01115_d__Bacteria_p__Spirochaetota_c__Spirochaetia_o__Treponematales_1"
"522","272-34--FG-ND02-39--Microcerotermes--Microcerotermes-sp-SC--French-Guiana-Neo-tropical--JCIBENDC_115011_d__Bacteria_p__Spirochaetota_c__Spirochaetia_o__Treponematales_1"
"523","272-45--G689--Microcerotermes--Microcerotermes-sp--French-Guiana-Neo-tropical--GMFGPJLH_37477_d__Bacteria_p__Spirochaetota_c__Spirochaetia_o__Treponematales_1"
"524","272-45--G689--Microcerotermes--Microcerotermes-sp--French-Guiana-Neo-tropical--GMFGPJLH_43101_d__Bacteria_p__Spirochaetota_c__Spirochaetia_o__Treponematales_1"
"525","230-16--MAD15-54--Microcerotermes--Microcerotermes-mad-sp-H--Madagascar-Madagascar--LABPPIEE_02661_d__Bacteria_p__Spirochaetota_c__Spirochaetia_o__Treponematales_1"
"526","272-53--MAD15-113--Microcerotermes--Microcerotermes-mad-sp-G--Madagascar-Madagascar--IKDIKFDP_07599_d__Bacteria_p__Spirochaetota_c__Spirochaetia_o__Treponematales_1"
"527","272-58--MAD15-151--Microcerotermes--Microcerotermes-mad-sp-M--Madagascar-Madagascar--CNFKDAJD_01937_d__Bacteria_p__Spirochaetota_c__Spirochaetia_o__Treponematales_1"
"528","272-60--MAD15-21--Microcerotermes--Microcerotermes-mad-sp-D--Madagascar-Madagascar--ANILOFPC_04519_d__Bacteria_p__Spirochaetota_c__Spirochaetia_o__Treponematales_1"
"529","272-60--MAD15-21--Microcerotermes--Microcerotermes-mad-sp-D--Madagascar-Madagascar--ANILOFPC_27498_d__Bacteria_p__Spirochaetota_c__Spirochaetia_o__Treponematales_f__Treponemataceae_B_1"
"530","272-68--MAD15-86--Microcerotermes--Microcerotermes-mad-sp-K--Madagascar-Madagascar--PDAPIIEL_20923_d__Bacteria_p__Spirochaetota_c__Spirochaetia_o__Treponematales_1"
"531","272-66--MAD15-76--Microcerotermes--Microcerotermes-mad-sp-G--Madagascar-Madagascar--BKGPDEIL_02683_d__Bacteria_p__Spirochaetota_c__Spirochaetia_o__Treponematales_1"
"532","301-61--MAD15-71--Microcerotermes--Microcerotermes-mad-sp-B--Madagascar-Madagascar--HLHCAAJD_00920_d__Bacteria_p__Spirochaetota_c__Spirochaetia_o__Treponematales_1"
"533","272-77--RDCT033--Microcerotermes--Microcerotermes-fuscotibialis--Congo-Afro-tropical--POOGOANK_10891_d__Bacteria_p__Spirochaetota_c__Spirochaetia_o__Treponematales_1"
"534","272-57--MAD15-148--Microcerotermes--Microcerotermes-mad-sp-F--Madagascar-Madagascar--HPMPMEPI_22793_d__Bacteria_p__Spirochaetota_c__Spirochaetia_o__Treponematales_f__Treponemataceae_B_1"
"535","301-59--MAD15-16--Microcerotermes--Microcerotermes-mad-sp-C--Madagascar-Madagascar--KIFAEBMO_21004_d__Bacteria_p__Spirochaetota_c__Spirochaetia_o__Treponematales_1"
"536","301-58--MAD15-116--Microcerotermes--Microcerotermes-mad-sp-H--Madagascar-Madagascar--BKJILCFM_02551_d__Bacteria_p__Spirochaetota_c__Spirochaetia_o__Treponematales_1"
"537","272-85--RDCT134--Microcerotermes--Microcerotermes-parvus--Congo-Afro-tropical--IJFECECG_09126_d__Bacteria_p__Spirochaetota_c__Spirochaetia_o__Treponematales_1"
"538","230-14--RDCT055--Microcerotermes--Microcerotermes-parvus--Congo-Afro-tropical--AELJIOAN_11865_d__Bacteria_p__Spirochaetota_c__Spirochaetia_o__Treponematales_1"
"539","272-84--RDCT119--Microcerotermes--Microcerotermes-parvus--Congo-Afro-tropical--HFABNABN_48249_d__Bacteria_p__Spirochaetota_c__Spirochaetia_o__Treponematales_1"
"540","272-95--TBRU912E--Microcerotermes--Microcerotermes-serrula--Brunei-Oriental--MIGHMNII_06093_d__Bacteria_p__Spirochaetota_c__Spirochaetia_o__Treponematales_1"
"541","272-09--AUS13--Microcerotermes--Microcerotermes-sp--Australia-Australia--BFPCAFDI_14375_d__Bacteria_p__Spirochaetota_c__Spirochaetia_o__Treponematales_1"
"542","229-07--Msp-RNA-1--Microcerotermes--Microcerotermes--South-East-Asia-Oriental--DPEHDFIK_22902_d__Bacteria_p__Spirochaetota_c__Spirochaetia_o__Treponematales_1"
"543","272-19--BDIT102--Microcerotermes--Microcerotermes-fuscotibialis--Burundi-Afro-tropical--CAECBDLP_01151_d__Bacteria_p__Spirochaetota_c__Spirochaetia_o__Treponematales_1"
"544","272-77--RDCT033--Microcerotermes--Microcerotermes-fuscotibialis--Congo-Afro-tropical--POOGOANK_63187_d__Bacteria_p__Spirochaetota_c__Spirochaetia_o__Treponematales_f__Treponemataceae_B_1"
"545","272-59--MAD15-169--Microcerotermes--Microcerotermes-mad-sp-D--Madagascar-Madagascar--BCNOAGMG_87850_d__Bacteria_p__Spirochaetota_c__Spirochaetia_o__Treponematales_f__Treponemataceae_B_1"
"546","230-14--RDCT055--Microcerotermes--Microcerotermes-parvus--Congo-Afro-tropical--AELJIOAN_50078_d__Bacteria_p__Spirochaetota_c__Spirochaetia_o__Treponematales_1"
"547","301-59--MAD15-16--Microcerotermes--Microcerotermes-mad-sp-C--Madagascar-Madagascar--KIFAEBMO_19418_d__Bacteria_p__Spirochaetota_c__Spirochaetia_o__Treponematales_f__Treponemataceae_B_1"
"548","272-79--RDCT053--Microcerotermes--Microcerotermes-parvus--Congo-Afro-tropical--HDFGGIOE_93699_d__Bacteria_p__Spirochaetota_c__Spirochaetia_o__Treponematales_1"
"549","272-54--MAD15-130--Microcerotermes--Microcerotermes-mad-sp-B--Madagascar-Madagascar--DFAMJLME_03014_d__Bacteria_p__Spirochaetota_c__Spirochaetia_o__Treponematales_1"
"550","230-16--MAD15-54--Microcerotermes--Microcerotermes-mad-sp-H--Madagascar-Madagascar--LABPPIEE_08352_d__Bacteria_p__Spirochaetota_c__Spirochaetia_o__Treponematales_1"
"551","301-60--MAD15-66--Microcerotermes--Microcerotermes-mad-sp-E--Madagascar-Madagascar--MJONPIMI_27804_d__Bacteria_p__Spirochaetota_c__Spirochaetia_o__Treponematales_1"
"552","272-53--MAD15-113--Microcerotermes--Microcerotermes-mad-sp-G--Madagascar-Madagascar--IKDIKFDP_25103_d__Bacteria_p__Spirochaetota_c__Spirochaetia_o__Treponematales_1"
"553","272-56--MAD15-139--Microcerotermes--Microcerotermes-mad-sp-L--Madagascar-Madagascar--DPIGOLHB_04373_d__Bacteria_p__Spirochaetota_c__Spirochaetia_o__Treponematales_1"
"554","272-66--MAD15-76--Microcerotermes--Microcerotermes-mad-sp-G--Madagascar-Madagascar--BKGPDEIL_19768_d__Bacteria_p__Spirochaetota_c__Spirochaetia_o__Treponematales_1"
"555","301-61--MAD15-71--Microcerotermes--Microcerotermes-mad-sp-B--Madagascar-Madagascar--HLHCAAJD_92007_d__Bacteria_p__Spirochaetota_c__Spirochaetia_o__Treponematales_1"
"556","272-34--FG-ND02-39--Microcerotermes--Microcerotermes-sp-SC--French-Guiana-Neo-tropical--JCIBENDC_47188_d__Bacteria_p__Spirochaetota_c__Spirochaetia_o__Treponematales_1"
"557","272-33--FG-ND02-38--Microcerotermes--Microcerotermes-sp-SA--French-Guiana-Neo-tropical--PJPNMPFH_120488_d__Bacteria_p__Spirochaetota_c__Spirochaetia_o__Treponematales_f__Treponemataceae_B_1"
"558","272-45--G689--Microcerotermes--Microcerotermes-sp--French-Guiana-Neo-tropical--GMFGPJLH_17617_d__Bacteria_p__Spirochaetota_c__Spirochaetia_o__Treponematales_1"
"559","230-03--PHI8--Microcerotermes--Microcerotermes--Philippines-Oriental--FFKHHJAJ_111366_d__Bacteria_p__Spirochaetota_c__Spirochaetia_o__Treponematales_1"
"560","272-69--MAL22--Microcerotermes--Microcerotermes-crassus--Malaysia-Oriental--DANCONHC_29438_d__Bacteria_p__Spirochaetota_c__Spirochaetia_o__Treponematales_1"
"561","230-12--81--Microcerotermes--Microcerotermes-papuanus--New-Guinea-Oceania--GCKEGHAL_24621_d__Bacteria_p__Spirochaetota_c__Spirochaetia_o__Treponematales_f__Treponemataceae_B_1"
"562","272-04--48--Microcerotermes--Microcerotermes-papuanus--New-Guinea-Oceania--LLJHKGFM_117883_d__Bacteria_p__Spirochaetota_c__Spirochaetia_o__Treponematales_f__Treponemataceae_B_1"
"563","301-08--81-2--Microcerotermes--Microcerotermes-papuanus--New-Guinea-Oceania--LIMPOKBC_25131_d__Bacteria_p__Spirochaetota_c__Spirochaetia_o__Treponematales_f__Treponemataceae_B_1"
"564","272-05--71--Microcerotermes--Microcerotermes-biroi--New-Guinea-Oceania--BHIIBGBD_03796_d__Bacteria_p__Spirochaetota_c__Spirochaetia_o__Treponematales_f__Treponemataceae_B_1"
"565","301-77--TBRU414--Microcerotermes--Microcerotermes-nr-havilandi--Brunei-Oriental--LEAPNMHI_08312_d__Bacteria_p__Spirochaetota_c__Spirochaetia_o__Treponematales_1"
"566","272-15--AUS82--Microcerotermes--Microcerotermes-sp-I--Australia-Australia--BIPLFEAP_06752_d__Bacteria_p__Spirochaetota_c__Spirochaetia_o__Treponematales_1"
"567","272-12--AUS66--Microcerotermes--Microcerotermes-sp-E--Australia-Australia--GDNKKEHJ_15212_d__Bacteria_p__Spirochaetota_c__Spirochaetia_o__Treponematales_1"
"568","301-17--AUS66--Microcerotermes--Microcerotermes-sp-E--Australia-Australia--MHPNFKFI_27953_d__Bacteria_p__Spirochaetota_c__Spirochaetia_o__Treponematales_1"
"569","272-101--THAI055--Microcerotermes--Microcerotermes-sp-B--Thailand-Oriental--CKPDMAEN_07155_d__Bacteria_p__Spirochaetota_c__Spirochaetia_o__Treponematales_1"
"570","272-64--MAD15-62--Microcerotermes--Microcerotermes-mad-sp-F--Madagascar-Madagascar--PHHMBOPJ_17282_d__Bacteria_p__Spirochaetota_c__Spirochaetia_o__Treponematales_1"
"571","272-70--MAL37--Microcerotermes--Microcerotermes-crassus--Malaysia-Oriental--ILALFPAC_20382_d__Bacteria_p__Spirochaetota_c__Spirochaetia_o__Treponematales_1"
"572","272-02--28--Microcerotermes--Microcerotermes-papuanus--New-Guinea-Oceania--JCCLNIIL_54281_d__Bacteria_p__Spirochaetota_c__Spirochaetia_o__Treponematales_1"
"573","230-15--D2-34--Microcerotermes--Microcerotermes-biroi--New-Guinea-Oceania--HEFGFCPB_16649_d__Bacteria_p__Spirochaetota_c__Spirochaetia_o__Treponematales_1"
"574","272-01--10-2--Microcerotermes--Microcerotermes-biroi--New-Guinea--DOGAELGM_23134_d__Bacteria_p__Spirochaetota_c__Spirochaetia_o__Treponematales_f__Treponemataceae_B_1"
"575","272-05--71--Microcerotermes--Microcerotermes-biroi--New-Guinea-Oceania--BHIIBGBD_07703_d__Bacteria_p__Spirochaetota_c__Spirochaetia_o__Treponematales_1"
"576","301-29--BDIT45--Microcerotermes--Microcerotermes-parvus--Burundi-Afro-tropical--GBGOPIBM_29933_d__Bacteria_p__Spirochaetota_c__Spirochaetia_o__Treponematales_1"
"577","230-03--PHI8--Microcerotermes--Microcerotermes--Philippines-Oriental--FFKHHJAJ_129798_d__Bacteria_p__Spirochaetota_c__Spirochaetia_o__Treponematales_1"
"578","229-07--Msp-RNA-1--Microcerotermes--Microcerotermes--South-East-Asia-Oriental--DPEHDFIK_13381_d__Bacteria_p__Spirochaetota_c__Spirochaetia_o__Treponematales_1"
"579","272-54--MAD15-130--Microcerotermes--Microcerotermes-mad-sp-B--Madagascar-Madagascar--DFAMJLME_50749_d__Bacteria_p__Spirochaetota_c__Spirochaetia_o__Treponematales_1"
"580","301-61--MAD15-71--Microcerotermes--Microcerotermes-mad-sp-B--Madagascar-Madagascar--HLHCAAJD_25083_d__Bacteria_p__Spirochaetota_c__Spirochaetia_o__Treponematales_1"
"581","272-60--MAD15-21--Microcerotermes--Microcerotermes-mad-sp-D--Madagascar-Madagascar--ANILOFPC_10143_d__Bacteria_p__Spirochaetota_c__Spirochaetia_o__Treponematales_1"
"582","301-59--MAD15-16--Microcerotermes--Microcerotermes-mad-sp-C--Madagascar-Madagascar--KIFAEBMO_57736_d__Bacteria_p__Spirochaetota_c__Spirochaetia_o__Treponematales_1"
"583","272-15--AUS82--Microcerotermes--Microcerotermes-sp-I--Australia-Australia--BIPLFEAP_46458_d__Bacteria_p__Spirochaetota_c__Spirochaetia_o__Treponematales_1"
"584","272-84--RDCT119--Microcerotermes--Microcerotermes-parvus--Congo-Afro-tropical--HFABNABN_148812_d__Bacteria_p__Spirochaetota_c__Spirochaetia_o__Treponematales_1"
"585","301-08--81-2--Microcerotermes--Microcerotermes-papuanus--New-Guinea-Oceania--LIMPOKBC_27462_d__Bacteria_p__Spirochaetota_c__Spirochaetia_o__Treponematales_1"
"586","272-104--TP114A--Microcerotermes--Microcerotermes-crassus--Malaysia-Oriental--NHIGIODF_07794_d__Bacteria_p__Spirochaetota_c__Spirochaetia_o__Treponematales_1"
"587","272-02--28--Microcerotermes--Microcerotermes-papuanus--New-Guinea-Oceania--JCCLNIIL_26531_d__Bacteria_p__Spirochaetota_c__Spirochaetia_o__Treponematales_1"
"588","301-08--81-2--Microcerotermes--Microcerotermes-papuanus--New-Guinea-Oceania--LIMPOKBC_38584_d__Bacteria_p__Spirochaetota_c__Spirochaetia_o__Treponematales_1"
"589","272-04--48--Microcerotermes--Microcerotermes-papuanus--New-Guinea-Oceania--LLJHKGFM_42828_d__Bacteria_p__Spirochaetota_c__Spirochaetia_o__Treponematales_1"
"590","272-75--PHI1--Microcerotermes--Microcerotermes--Philippines-Oriental--EFHMCDAH_47240_d__Bacteria_p__Spirochaetota_c__Spirochaetia_o__Treponematales_1"
"591","272-33--FG-ND02-38--Microcerotermes--Microcerotermes-sp-SA--French-Guiana-Neo-tropical--PJPNMPFH_14895_d__Bacteria_p__Spirochaetota_c__Spirochaetia_o__Treponematales_1"
"592","272-43--G-13-58--Microcerotermes--Microcerotermes--French-Guiana-Neo-tropical--NCHCEIMM_124782_d__Bacteria_p__Spirochaetota_c__Spirochaetia_o__Treponematales_1"
"593","272-34--FG-ND02-39--Microcerotermes--Microcerotermes-sp-SC--French-Guiana-Neo-tropical--JCIBENDC_64767_d__Bacteria_p__Spirochaetota_c__Spirochaetia_o__Treponematales_1"
"594","230-16--MAD15-54--Microcerotermes--Microcerotermes-mad-sp-H--Madagascar-Madagascar--LABPPIEE_71522_d__Bacteria_p__Spirochaetota_c__Spirochaetia_o__Treponematales_1"
"595","301-60--MAD15-66--Microcerotermes--Microcerotermes-mad-sp-E--Madagascar-Madagascar--MJONPIMI_57325_d__Bacteria_p__Spirochaetota_c__Spirochaetia_o__Treponematales_1"
"596","230-14--RDCT055--Microcerotermes--Microcerotermes-parvus--Congo-Afro-tropical--AELJIOAN_28516_d__Bacteria_p__Spirochaetota_c__Spirochaetia_o__Treponematales_1"
"597","272-64--MAD15-62--Microcerotermes--Microcerotermes-mad-sp-F--Madagascar-Madagascar--PHHMBOPJ_25261_d__Bacteria_p__Spirochaetota_c__Spirochaetia_o__Treponematales_1"
"598","272-10--AUS32--Microcerotermes--Microcerotermes-sp--Australia-Australia--PAINICOH_01096_d__Bacteria_p__Spirochaetota_c__Spirochaetia_o__Treponematales_1"
"599","272-09--AUS13--Microcerotermes--Microcerotermes-sp--Australia-Australia--BFPCAFDI_20410_d__Bacteria_p__Spirochaetota_c__Spirochaetia_o__Treponematales_1"
"600","272-13--AUS6--Microcerotermes--Microcerotermes-nervosus--Australia-Australia--FLPAOEAJ_03245_d__Bacteria_p__Spirochaetota_c__Spirochaetia_o__Treponematales_1"
"601","272-50--KE15-44--Nasutitermitinae--Trinervitermes-gratiosus--Kenya-Afro-tropical--KCLNDEGO_04089_d__Bacteria_p__Spirochaetota_c__Spirochaetia_o__Treponematales_1"
"602","301-07--69--Nasutitermitinae--Nasutitermes-bikpelanus--New-Guinea-Oceania--NMAGJELM_44954_d__Bacteria_p__Spirochaetota_c__Spirochaetia_o__Treponematales_1"
"603","230-13--THAI43--Nasutitermitinae--Nasutitermes-sp-3--Thailand-Oriental--GAHIMCHH_21145_d__Bacteria_p__Spirochaetota_c__Spirochaetia_o__Treponematales_f__Treponemataceae_B_1"
"604","272-25--BRU6--Nasutitermitinae--Nasutitermes--Brunei-Oriental--IJIDIGGP_03794_d__Bacteria_p__Spirochaetota_c__Spirochaetia_o__Treponematales_1"
"605","272-39--G13-24--Termitinae--Cylindrotermes--French-Guiana-Neo-tropical--OBOEKFOA_15398_d__Bacteria_p__Spirochaetota_c__Spirochaetia_o__Treponematales_1"
"606","272-39--G13-24--Termitinae--Cylindrotermes--French-Guiana-Neo-tropical--OBOEKFOA_294907_d__Bacteria_p__Spirochaetota_c__Spirochaetia_o__Treponematales_f__Treponemataceae_B_1"
"607","272-39--G13-24--Termitinae--Cylindrotermes--French-Guiana-Neo-tropical--OBOEKFOA_98364_d__Bacteria_p__Spirochaetota_c__Spirochaetia_o__Treponematales_1"
"608","301-39--G13-130--Nasutitermitinae--Coatitermes-sp-2--French-Guiana-Neo-tropical--KIBFDEIN_31922_d__Bacteria_p__Spirochaetota_c__Spirochaetia_o__Treponematales_1"
"609","301-44--G13-48--Nasutitermitinae--Constrictotermes-cavifrons--French-Guiana-Neo-tropical--COLCIDHM_36019_d__Bacteria_p__Spirochaetota_c__Spirochaetia_o__Treponematales_f__Treponemataceae_B_1"
"610","301-74--RD1T21M1-e--Termitinae--Promirotermes-pygmaeus--Congo-Afro-tropical--MJLOMOGD_05151_d__Bacteria_p__Spirochaetota_c__Spirochaetia_o__Treponematales_1"
"611","301-15--AUS4--Termitinae--Amitermes-meridionalis--Australia-Australia--AABCFOKG_20477_d__Bacteria_p__Spirochaetota_c__Spirochaetia_o__Treponematales_1"
"612","301-15--AUS4--Termitinae--Amitermes-meridionalis--Australia-Australia--AABCFOKG_61320_d__Bacteria_p__Spirochaetota_c__Spirochaetia_o__Treponematales_1"
"613","301-15--AUS4--Termitinae--Amitermes-meridionalis--Australia-Australia--AABCFOKG_63691_d__Bacteria_p__Spirochaetota_c__Spirochaetia_o__Treponematales_1"
"614","272-63--MAD15-5--Microcerotermes--Microcerotermes-mad-sp-E--Madagascar-Madagascar--LHGCDBLG_57893_d__Bacteria_p__Spirochaetota_c__Spirochaetia_o__Treponematales_f__Treponemataceae_B_1"
"615","272-54--MAD15-130--Microcerotermes--Microcerotermes-mad-sp-B--Madagascar-Madagascar--DFAMJLME_76708_d__Bacteria_p__Spirochaetota_c__Spirochaetia_o__Treponematales_f__Treponemataceae_B_1"
"616","229-07--Msp-RNA-1--Microcerotermes--Microcerotermes--South-East-Asia-Oriental--DPEHDFIK_46157_d__Bacteria_p__Spirochaetota_c__Spirochaetia_o__Treponematales_1"
"617","272-34--FG-ND02-39--Microcerotermes--Microcerotermes-sp-SC--French-Guiana-Neo-tropical--JCIBENDC_22833_d__Bacteria_p__Spirochaetota_c__Spirochaetia_o__Treponematales_f__Treponemataceae_B_1"
"618","272-43--G-13-58--Microcerotermes--Microcerotermes--French-Guiana-Neo-tropical--NCHCEIMM_110907_d__Bacteria_p__Spirochaetota_c__Spirochaetia_o__Treponematales_1"
"619","272-77--RDCT033--Microcerotermes--Microcerotermes-fuscotibialis--Congo-Afro-tropical--POOGOANK_25975_d__Bacteria_p__Spirochaetota_c__Spirochaetia_o__Treponematales_1"
"620","272-45--G689--Microcerotermes--Microcerotermes-sp--French-Guiana-Neo-tropical--GMFGPJLH_25135_d__Bacteria_p__Spirochaetota_c__Spirochaetia_o__Treponematales_1"
"621","272-33--FG-ND02-38--Microcerotermes--Microcerotermes-sp-SA--French-Guiana-Neo-tropical--PJPNMPFH_73120_d__Bacteria_p__Spirochaetota_c__Spirochaetia_o__Treponematales_1"
"622","272-43--G-13-58--Microcerotermes--Microcerotermes--French-Guiana-Neo-tropical--NCHCEIMM_19434_d__Bacteria_p__Spirochaetota_c__Spirochaetia_o__Treponematales_1"
"623","272-56--MAD15-139--Microcerotermes--Microcerotermes-mad-sp-L--Madagascar-Madagascar--DPIGOLHB_07070_d__Bacteria_p__Spirochaetota_c__Spirochaetia_o__Treponematales_1"
"624","272-58--MAD15-151--Microcerotermes--Microcerotermes-mad-sp-M--Madagascar-Madagascar--CNFKDAJD_15794_d__Bacteria_p__Spirochaetota_c__Spirochaetia_o__Treponematales_f__Treponemataceae_B_1"
"625","272-15--AUS82--Microcerotermes--Microcerotermes-sp-I--Australia-Australia--BIPLFEAP_111750_d__Bacteria_p__Spirochaetota_c__Spirochaetia_o__Treponematales_1"
"626","272-84--RDCT119--Microcerotermes--Microcerotermes-parvus--Congo-Afro-tropical--HFABNABN_12252_d__Bacteria_p__Spirochaetota_c__Spirochaetia_o__Treponematales_f__Treponemataceae_B_1"
"627","272-13--AUS6--Microcerotermes--Microcerotermes-nervosus--Australia-Australia--FLPAOEAJ_90217_d__Bacteria_p__Spirochaetota_c__Spirochaetia_o__Treponematales_f__Treponemataceae_B_1"
"628","230-03--PHI8--Microcerotermes--Microcerotermes--Philippines-Oriental--FFKHHJAJ_66997_d__Bacteria_p__Spirochaetota_c__Spirochaetia_o__Treponematales_1"
"629","272-75--PHI1--Microcerotermes--Microcerotermes--Philippines-Oriental--EFHMCDAH_36953_d__Bacteria_p__Spirochaetota_c__Spirochaetia_o__Treponematales_1"
"630","272-69--MAL22--Microcerotermes--Microcerotermes-crassus--Malaysia-Oriental--DANCONHC_15751_d__Bacteria_p__Spirochaetota_c__Spirochaetia_o__Treponematales_f__Treponemataceae_B_1"
"631","272-15--AUS82--Microcerotermes--Microcerotermes-sp-I--Australia-Australia--BIPLFEAP_58800_d__Bacteria_p__Spirochaetota_c__Spirochaetia_o__Treponematales_1"
"632","272-95--TBRU912E--Microcerotermes--Microcerotermes-serrula--Brunei-Oriental--MIGHMNII_130061_d__Bacteria_p__Spirochaetota_c__Spirochaetia_o__Treponematales_f__Treponemataceae_B_1"
"633","301-11--AUS114--Microcerotermes--Microcerotermes-sp-H--Australia-Australia--EOGHOPED_78891_d__Bacteria_p__Spirochaetota_c__Spirochaetia_o__Treponematales_1"
"634","301-08--81-2--Microcerotermes--Microcerotermes-papuanus--New-Guinea-Oceania--LIMPOKBC_78998_d__Bacteria_p__Spirochaetota_c__Spirochaetia_o__Treponematales_f__Treponemataceae_B_1"
"635","230-12--81--Microcerotermes--Microcerotermes-papuanus--New-Guinea-Oceania--GCKEGHAL_84142_d__Bacteria_p__Spirochaetota_c__Spirochaetia_o__Treponematales_f__Treponemataceae_B_1"
"636","272-04--48--Microcerotermes--Microcerotermes-papuanus--New-Guinea-Oceania--LLJHKGFM_12568_d__Bacteria_p__Spirochaetota_c__Spirochaetia_o__Treponematales_1"
"637","272-95--TBRU912E--Microcerotermes--Microcerotermes-serrula--Brunei-Oriental--MIGHMNII_50737_d__Bacteria_p__Spirochaetota_c__Spirochaetia_o__Treponematales_1"
"638","272-69--MAL22--Microcerotermes--Microcerotermes-crassus--Malaysia-Oriental--DANCONHC_44117_d__Bacteria_p__Spirochaetota_c__Spirochaetia_o__Treponematales_1"
"639","272-64--MAD15-62--Microcerotermes--Microcerotermes-mad-sp-F--Madagascar-Madagascar--PHHMBOPJ_11780_d__Bacteria_p__Spirochaetota_c__Spirochaetia_o__Treponematales_1"
"640","272-57--MAD15-148--Microcerotermes--Microcerotermes-mad-sp-F--Madagascar-Madagascar--HPMPMEPI_20308_d__Bacteria_p__Spirochaetota_c__Spirochaetia_o__Treponematales_1"
"641","272-66--MAD15-76--Microcerotermes--Microcerotermes-mad-sp-G--Madagascar-Madagascar--BKGPDEIL_11270_d__Bacteria_p__Spirochaetota_c__Spirochaetia_o__Treponematales_1"
"642","230-16--MAD15-54--Microcerotermes--Microcerotermes-mad-sp-H--Madagascar-Madagascar--LABPPIEE_30199_d__Bacteria_p__Spirochaetota_c__Spirochaetia_o__Treponematales_1"
"643","301-60--MAD15-66--Microcerotermes--Microcerotermes-mad-sp-E--Madagascar-Madagascar--MJONPIMI_10310_d__Bacteria_p__Spirochaetota_c__Spirochaetia_o__Treponematales_1"
"644","272-54--MAD15-130--Microcerotermes--Microcerotermes-mad-sp-B--Madagascar-Madagascar--DFAMJLME_09015_d__Bacteria_p__Spirochaetota_c__Spirochaetia_o__Treponematales_1"
"645","272-68--MAD15-86--Microcerotermes--Microcerotermes-mad-sp-K--Madagascar-Madagascar--PDAPIIEL_06311_d__Bacteria_p__Spirochaetota_c__Spirochaetia_o__Treponematales_1"
"646","272-57--MAD15-148--Microcerotermes--Microcerotermes-mad-sp-F--Madagascar-Madagascar--HPMPMEPI_26853_d__Bacteria_p__Spirochaetota_c__Spirochaetia_o__Treponematales_1"
"647","272-84--RDCT119--Microcerotermes--Microcerotermes-parvus--Congo-Afro-tropical--HFABNABN_73270_d__Bacteria_p__Spirochaetota_c__Spirochaetia_o__Treponematales_1"
"648","301-29--BDIT45--Microcerotermes--Microcerotermes-parvus--Burundi-Afro-tropical--GBGOPIBM_63718_d__Bacteria_p__Spirochaetota_c__Spirochaetia_o__Treponematales_1"
"649","272-75--PHI1--Microcerotermes--Microcerotermes--Philippines-Oriental--EFHMCDAH_22089_d__Bacteria_p__Spirochaetota_c__Spirochaetia_o__Treponematales_f__Treponemataceae_B_1"
"650","272-69--MAL22--Microcerotermes--Microcerotermes-crassus--Malaysia-Oriental--DANCONHC_61473_d__Bacteria_p__Spirochaetota_c__Spirochaetia_o__Treponematales_1"
"651","272-70--MAL37--Microcerotermes--Microcerotermes-crassus--Malaysia-Oriental--ILALFPAC_99457_d__Bacteria_p__Spirochaetota_c__Spirochaetia_o__Treponematales_f__Treponemataceae_B_1"
"652","272-04--48--Microcerotermes--Microcerotermes-papuanus--New-Guinea-Oceania--LLJHKGFM_46385_d__Bacteria_p__Spirochaetota_c__Spirochaetia_o__Treponematales_1"
"653","272-75--PHI1--Microcerotermes--Microcerotermes--Philippines-Oriental--EFHMCDAH_133917_d__Bacteria_p__Spirochaetota_c__Spirochaetia_o__Treponematales_f__Treponemataceae_B_1"
"654","272-14--AUS71--Microcerotermes--Microcerotermes-sp-G--Australia-Australia--LAKMIEEK_42479_d__Bacteria_p__Spirochaetota_c__Spirochaetia_o__Treponematales_1"
"655","272-15--AUS82--Microcerotermes--Microcerotermes-sp-I--Australia-Australia--BIPLFEAP_14312_d__Bacteria_p__Spirochaetota_c__Spirochaetia_o__Treponematales_1"
"656","272-14--AUS71--Microcerotermes--Microcerotermes-sp-G--Australia-Australia--LAKMIEEK_26158_d__Bacteria_p__Spirochaetota_c__Spirochaetia_o__Treponematales_1"
"657","272-09--AUS13--Microcerotermes--Microcerotermes-sp--Australia-Australia--BFPCAFDI_22079_d__Bacteria_p__Spirochaetota_c__Spirochaetia_o__Treponematales_1"
"658","272-13--AUS6--Microcerotermes--Microcerotermes-nervosus--Australia-Australia--FLPAOEAJ_47287_d__Bacteria_p__Spirochaetota_c__Spirochaetia_o__Treponematales_1"
"659","272-12--AUS66--Microcerotermes--Microcerotermes-sp-E--Australia-Australia--GDNKKEHJ_19690_d__Bacteria_p__Spirochaetota_c__Spirochaetia_o__Treponematales_1"
"660","301-17--AUS66--Microcerotermes--Microcerotermes-sp-E--Australia-Australia--MHPNFKFI_25747_d__Bacteria_p__Spirochaetota_c__Spirochaetia_o__Treponematales_1"
"661","272-77--RDCT033--Microcerotermes--Microcerotermes-fuscotibialis--Congo-Afro-tropical--POOGOANK_33773_d__Bacteria_p__Spirochaetota_c__Spirochaetia_o__Treponematales_1"
"662","272-77--RDCT033--Microcerotermes--Microcerotermes-fuscotibialis--Congo-Afro-tropical--POOGOANK_38714_d__Bacteria_p__Spirochaetota_c__Spirochaetia_o__Treponematales_1"
"663","272-45--G689--Microcerotermes--Microcerotermes-sp--French-Guiana-Neo-tropical--GMFGPJLH_07783_d__Bacteria_p__Spirochaetota_c__Spirochaetia_o__Treponematales_1"
"664","272-34--FG-ND02-39--Microcerotermes--Microcerotermes-sp-SC--French-Guiana-Neo-tropical--JCIBENDC_50620_d__Bacteria_p__Spirochaetota_c__Spirochaetia_o__Treponematales_1"
"665","272-43--G-13-58--Microcerotermes--Microcerotermes--French-Guiana-Neo-tropical--NCHCEIMM_50176_d__Bacteria_p__Spirochaetota_c__Spirochaetia_o__Treponematales_1"
"666","272-43--G-13-58--Microcerotermes--Microcerotermes--French-Guiana-Neo-tropical--NCHCEIMM_83099_d__Bacteria_p__Spirochaetota_c__Spirochaetia_o__Treponematales_f__Treponemataceae_B_1"
"667","272-63--MAD15-5--Microcerotermes--Microcerotermes-mad-sp-E--Madagascar-Madagascar--LHGCDBLG_82594_d__Bacteria_p__Spirochaetota_c__Spirochaetia_o__Treponematales_f__Treponemataceae_B_1"
"668","272-84--RDCT119--Microcerotermes--Microcerotermes-parvus--Congo-Afro-tropical--HFABNABN_07288_d__Bacteria_p__Spirochaetota_c__Spirochaetia_o__Treponematales_f__Treponemataceae_B_1"
"669","272-70--MAL37--Microcerotermes--Microcerotermes-crassus--Malaysia-Oriental--ILALFPAC_00581_d__Bacteria_p__Spirochaetota_c__Spirochaetia_o__Treponematales_1"
"670","272-01--10-2--Microcerotermes--Microcerotermes-biroi--New-Guinea--DOGAELGM_38483_d__Bacteria_p__Spirochaetota_c__Spirochaetia_o__Treponematales_1"
"671","301-29--BDIT45--Microcerotermes--Microcerotermes-parvus--Burundi-Afro-tropical--GBGOPIBM_23646_d__Bacteria_p__Spirochaetota_c__Spirochaetia_o__Treponematales_1"
"672","230-14--RDCT055--Microcerotermes--Microcerotermes-parvus--Congo-Afro-tropical--AELJIOAN_23047_d__Bacteria_p__Spirochaetota_c__Spirochaetia_o__Treponematales_1"
"673","272-85--RDCT134--Microcerotermes--Microcerotermes-parvus--Congo-Afro-tropical--IJFECECG_82491_d__Bacteria_p__Spirochaetota_c__Spirochaetia_o__Treponematales_f__Treponemataceae_B_1"
"674","301-11--AUS114--Microcerotermes--Microcerotermes-sp-H--Australia-Australia--EOGHOPED_02808_d__Bacteria_p__Spirochaetota_c__Spirochaetia_o__Treponematales_1"
"675","230-15--D2-34--Microcerotermes--Microcerotermes-biroi--New-Guinea-Oceania--HEFGFCPB_52251_d__Bacteria_p__Spirochaetota_c__Spirochaetia_o__Treponematales_1"
"676","272-01--10-2--Microcerotermes--Microcerotermes-biroi--New-Guinea--DOGAELGM_86181_d__Bacteria_p__Spirochaetota_c__Spirochaetia_o__Treponematales_f__Treponemataceae_B_1"
"677","272-02--28--Microcerotermes--Microcerotermes-papuanus--New-Guinea-Oceania--JCCLNIIL_153397_d__Bacteria_p__Spirochaetota_c__Spirochaetia_o__Treponematales_f__Treponemataceae_B_1"
"678","272-02--28--Microcerotermes--Microcerotermes-papuanus--New-Guinea-Oceania--JCCLNIIL_111017_d__Bacteria_p__Spirochaetota_c__Spirochaetia_o__Treponematales_1"
"679","272-75--PHI1--Microcerotermes--Microcerotermes--Philippines-Oriental--EFHMCDAH_78177_d__Bacteria_p__Spirochaetota_c__Spirochaetia_o__Treponematales_f__Treponemataceae_B_1"
"680","272-67--MAD15-85--Microcerotermes--Microcerotermes-mad-sp-A--Madagascar-Madagascar--FFCMJAEF_104440_d__Bacteria_p__Spirochaetota_c__Spirochaetia_o__Treponematales_1"
"681","272-12--AUS66--Microcerotermes--Microcerotermes-sp-E--Australia-Australia--GDNKKEHJ_70879_d__Bacteria_p__Spirochaetota_c__Spirochaetia_o__Treponematales_f__Treponemataceae_B_1"
"682","301-17--AUS66--Microcerotermes--Microcerotermes-sp-E--Australia-Australia--MHPNFKFI_122744_d__Bacteria_p__Spirochaetota_c__Spirochaetia_o__Treponematales_1"
"683","272-68--MAD15-86--Microcerotermes--Microcerotermes-mad-sp-K--Madagascar-Madagascar--PDAPIIEL_50295_d__Bacteria_p__Spirochaetota_c__Spirochaetia_o__Treponematales_1"
"684","301-11--AUS114--Microcerotermes--Microcerotermes-sp-H--Australia-Australia--EOGHOPED_15797_d__Bacteria_p__Spirochaetota_c__Spirochaetia_o__Treponematales_f__Treponemataceae_B_1"
"685","301-61--MAD15-71--Microcerotermes--Microcerotermes-mad-sp-B--Madagascar-Madagascar--HLHCAAJD_151164_d__Bacteria_p__Spirochaetota_c__Spirochaetia_o__Treponematales_1"
"686","272-100--THAI54--Microcerotermes--Microcerotermes-crassus--Thailand-Oriental--COJKPCNP_05776_d__Bacteria_p__Spirochaetota_c__Spirochaetia_o__Treponematales_1"
"687","272-02--28--Microcerotermes--Microcerotermes-papuanus--New-Guinea-Oceania--JCCLNIIL_52622_d__Bacteria_p__Spirochaetota_c__Spirochaetia_o__Treponematales_1"
"688","301-77--TBRU414--Microcerotermes--Microcerotermes-nr-havilandi--Brunei-Oriental--LEAPNMHI_01662_d__Bacteria_p__Spirochaetota_c__Spirochaetia_o__Treponematales_1"
"689","272-67--MAD15-85--Microcerotermes--Microcerotermes-mad-sp-A--Madagascar-Madagascar--FFCMJAEF_04230_d__Bacteria_p__Spirochaetota_c__Spirochaetia_o__Treponematales_1"
"690","301-59--MAD15-16--Microcerotermes--Microcerotermes-mad-sp-C--Madagascar-Madagascar--KIFAEBMO_33260_d__Bacteria_p__Spirochaetota_c__Spirochaetia_o__Treponematales_f__Treponemataceae_B_1"
"691","272-54--MAD15-130--Microcerotermes--Microcerotermes-mad-sp-B--Madagascar-Madagascar--DFAMJLME_89988_d__Bacteria_p__Spirochaetota_c__Spirochaetia_o__Treponematales_f__Treponemataceae_B_1"
"692","301-61--MAD15-71--Microcerotermes--Microcerotermes-mad-sp-B--Madagascar-Madagascar--HLHCAAJD_60042_d__Bacteria_p__Spirochaetota_c__Spirochaetia_o__Treponematales_f__Treponemataceae_B_1"
"693","272-66--MAD15-76--Microcerotermes--Microcerotermes-mad-sp-G--Madagascar-Madagascar--BKGPDEIL_19866_d__Bacteria_p__Spirochaetota_c__Spirochaetia_o__Treponematales_f__Treponemataceae_B_1"
"694","301-61--MAD15-71--Microcerotermes--Microcerotermes-mad-sp-B--Madagascar-Madagascar--HLHCAAJD_80241_d__Bacteria_p__Spirochaetota_c__Spirochaetia_o__Treponematales_1"
"695","272-33--FG-ND02-38--Microcerotermes--Microcerotermes-sp-SA--French-Guiana-Neo-tropical--PJPNMPFH_57493_d__Bacteria_p__Spirochaetota_c__Spirochaetia_o__Treponematales_f__Treponemataceae_B_1"
"696","272-34--FG-ND02-39--Microcerotermes--Microcerotermes-sp-SC--French-Guiana-Neo-tropical--JCIBENDC_148394_d__Bacteria_p__Spirochaetota_c__Spirochaetia_o__Treponematales_f__Treponemataceae_B_1"
"697","272-53--MAD15-113--Microcerotermes--Microcerotermes-mad-sp-G--Madagascar-Madagascar--IKDIKFDP_31558_d__Bacteria_p__Spirochaetota_c__Spirochaetia_o__Treponematales_f__Treponemataceae_B_1"
"698","272-54--MAD15-130--Microcerotermes--Microcerotermes-mad-sp-B--Madagascar-Madagascar--DFAMJLME_32932_d__Bacteria_p__Spirochaetota_c__Spirochaetia_o__Treponematales_f__Treponemataceae_B_1"
"699","272-68--MAD15-86--Microcerotermes--Microcerotermes-mad-sp-K--Madagascar-Madagascar--PDAPIIEL_46594_d__Bacteria_p__Spirochaetota_c__Spirochaetia_o__Treponematales_f__Treponemataceae_B_1"
"700","301-60--MAD15-66--Microcerotermes--Microcerotermes-mad-sp-E--Madagascar-Madagascar--MJONPIMI_27676_d__Bacteria_p__Spirochaetota_c__Spirochaetia_o__Treponematales_1"
"701","272-39--G13-24--Termitinae--Cylindrotermes--French-Guiana-Neo-tropical--OBOEKFOA_163540_d__Bacteria_p__Spirochaetota_c__Spirochaetia_o__Treponematales_f__Treponemataceae_B_1"
"702","272-39--G13-24--Termitinae--Cylindrotermes--French-Guiana-Neo-tropical--OBOEKFOA_66880_d__Bacteria_p__Spirochaetota_c__Spirochaetia_o__Treponematales_f__Treponemataceae_B_1"
"703","272-39--G13-24--Termitinae--Cylindrotermes--French-Guiana-Neo-tropical--OBOEKFOA_198865_d__Bacteria_p__Spirochaetota_c__Spirochaetia_o__Treponematales_1"
"704","272-39--G13-24--Termitinae--Cylindrotermes--French-Guiana-Neo-tropical--OBOEKFOA_68961_d__Bacteria_p__Spirochaetota_c__Spirochaetia_o__Treponematales_f__Treponemataceae_B_1"
"705","301-40--G13-28--Termitinae--Planicapritermes-planiceps--French-Guiana-Neo-tropical--JHDBPCMP_111129_d__Bacteria_p__Spirochaetota_c__Spirochaetia_o__Treponematales_1"
"706","272-39--G13-24--Termitinae--Cylindrotermes--French-Guiana-Neo-tropical--OBOEKFOA_79886_d__Bacteria_p__Spirochaetota_c__Spirochaetia_o__Treponematales_f__Treponemataceae_B_1"
"707","272-86--RDCT180--Termitinae--Cephalotermes--Congo-Afro-tropical--MFLDAJAL_71363_d__Bacteria_p__Spirochaetota_c__Spirochaetia_o__Treponematales_1"
"708","301-34--BRA3--Syntermitinae--Cornitermes-cumulans--Brazil-Neo-tropical--GEIPMBLL_109310_d__Bacteria_p__Spirochaetota_c__Spirochaetia_o__Treponematales_f__Treponemataceae_B_1"
"709","229-07--Msp-RNA-1--Microcerotermes--Microcerotermes--South-East-Asia-Oriental--DPEHDFIK_58227_d__Bacteria_p__Spirochaetota_c__Spirochaetia_o__Treponematales_1"
"710","301-71--RDCT125--Termitinae--Tuberculitermes-bycanistes--Congo-Afro-tropical--IDKKCBBF_70414_d__Bacteria_p__Spirochaetota_c__Spirochaetia_o__Treponematales_1"
"711","272-39--G13-24--Termitinae--Cylindrotermes--French-Guiana-Neo-tropical--OBOEKFOA_19009_d__Bacteria_p__Spirochaetota_c__Spirochaetia_o__Treponematales_1"
"712","272-39--G13-24--Termitinae--Cylindrotermes--French-Guiana-Neo-tropical--OBOEKFOA_59634_d__Bacteria_p__Spirochaetota_c__Spirochaetia_o__Treponematales_1"
"713","272-86--RDCT180--Termitinae--Cephalotermes--Congo-Afro-tropical--MFLDAJAL_02474_d__Bacteria_p__Spirochaetota_c__Spirochaetia_o__Treponematales_1"
"714","272-86--RDCT180--Termitinae--Cephalotermes--Congo-Afro-tropical--MFLDAJAL_04011_d__Bacteria_p__Spirochaetota_c__Spirochaetia_o__Treponematales_1"
"715","272-77--RDCT033--Microcerotermes--Microcerotermes-fuscotibialis--Congo-Afro-tropical--POOGOANK_19959_d__Bacteria_p__Spirochaetota_c__Spirochaetia_o__Treponematales_f__Treponemataceae_B_1"
"716","229-07--Msp-RNA-1--Microcerotermes--Microcerotermes--South-East-Asia-Oriental--DPEHDFIK_41382_d__Bacteria_p__Spirochaetota_c__Spirochaetia_o__Treponematales_1"
"717","272-84--RDCT119--Microcerotermes--Microcerotermes-parvus--Congo-Afro-tropical--HFABNABN_50899_d__Bacteria_p__Spirochaetota_c__Spirochaetia_o__Treponematales_1"
"718","229-07--Msp-RNA-1--Microcerotermes--Microcerotermes--South-East-Asia-Oriental--DPEHDFIK_107078_d__Bacteria_p__Spirochaetota_c__Spirochaetia_o__Treponematales_1"
"719","229-07--Msp-RNA-1--Microcerotermes--Microcerotermes--South-East-Asia-Oriental--DPEHDFIK_189049_d__Bacteria_p__Spirochaetota_c__Spirochaetia_o__Treponematales_1"
"720","229-07--Msp-RNA-1--Microcerotermes--Microcerotermes--South-East-Asia-Oriental--DPEHDFIK_73881_d__Bacteria_p__Spirochaetota_c__Spirochaetia_o__Treponematales_1"
"721","272-85--RDCT134--Microcerotermes--Microcerotermes-parvus--Congo-Afro-tropical--IJFECECG_57987_d__Bacteria_p__Spirochaetota_c__Spirochaetia_o__Treponematales_f__Treponemataceae_B_1"
"722","230-16--MAD15-54--Microcerotermes--Microcerotermes-mad-sp-H--Madagascar-Madagascar--LABPPIEE_20740_d__Bacteria_p__Spirochaetota_c__Spirochaetia_o__Treponematales_1"
"723","301-61--MAD15-71--Microcerotermes--Microcerotermes-mad-sp-B--Madagascar-Madagascar--HLHCAAJD_107401_d__Bacteria_p__Spirochaetota_c__Spirochaetia_o__Treponematales_1"
"724","272-54--MAD15-130--Microcerotermes--Microcerotermes-mad-sp-B--Madagascar-Madagascar--DFAMJLME_27417_d__Bacteria_p__Spirochaetota_c__Spirochaetia_o__Treponematales_1"
"725","272-53--MAD15-113--Microcerotermes--Microcerotermes-mad-sp-G--Madagascar-Madagascar--IKDIKFDP_47773_d__Bacteria_p__Spirochaetota_c__Spirochaetia_o__Treponematales_1"
"726","272-54--MAD15-130--Microcerotermes--Microcerotermes-mad-sp-B--Madagascar-Madagascar--DFAMJLME_16814_d__Bacteria_p__Spirochaetota_c__Spirochaetia_o__Treponematales_1"
"727","272-43--G-13-58--Microcerotermes--Microcerotermes--French-Guiana-Neo-tropical--NCHCEIMM_147654_d__Bacteria_p__Spirochaetota_c__Spirochaetia_o__Treponematales_1"
"728","272-45--G689--Microcerotermes--Microcerotermes-sp--French-Guiana-Neo-tropical--GMFGPJLH_10631_d__Bacteria_p__Spirochaetota_c__Spirochaetia_o__Treponematales_1"
"729","272-34--FG-ND02-39--Microcerotermes--Microcerotermes-sp-SC--French-Guiana-Neo-tropical--JCIBENDC_153570_d__Bacteria_p__Spirochaetota_c__Spirochaetia_o__Treponematales_1"
"730","272-34--FG-ND02-39--Microcerotermes--Microcerotermes-sp-SC--French-Guiana-Neo-tropical--JCIBENDC_69716_d__Bacteria_p__Spirochaetota_c__Spirochaetia_o__Treponematales_1"
"731","272-33--FG-ND02-38--Microcerotermes--Microcerotermes-sp-SA--French-Guiana-Neo-tropical--PJPNMPFH_55624_d__Bacteria_p__Spirochaetota_c__Spirochaetia_o__Treponematales_1"
"732","272-33--FG-ND02-38--Microcerotermes--Microcerotermes-sp-SA--French-Guiana-Neo-tropical--PJPNMPFH_07503_d__Bacteria_p__Spirochaetota_c__Spirochaetia_o__Treponematales_1"
"733","272-43--G-13-58--Microcerotermes--Microcerotermes--French-Guiana-Neo-tropical--NCHCEIMM_15502_d__Bacteria_p__Spirochaetota_c__Spirochaetia_o__Treponematales_1"
"734","301-29--BDIT45--Microcerotermes--Microcerotermes-parvus--Burundi-Afro-tropical--GBGOPIBM_02759_d__Bacteria_p__Spirochaetota_c__Spirochaetia_o__Treponematales_1"
"735","272-45--G689--Microcerotermes--Microcerotermes-sp--French-Guiana-Neo-tropical--GMFGPJLH_15373_d__Bacteria_p__Spirochaetota_c__Spirochaetia_o__Treponematales_1"
"736","272-45--G689--Microcerotermes--Microcerotermes-sp--French-Guiana-Neo-tropical--GMFGPJLH_24902_d__Bacteria_p__Spirochaetota_c__Spirochaetia_o__Treponematales_1"
"737","301-77--TBRU414--Microcerotermes--Microcerotermes-nr-havilandi--Brunei-Oriental--LEAPNMHI_118122_d__Bacteria_p__Spirochaetota_c__Spirochaetia_o__Treponematales_1"
"738","301-60--MAD15-66--Microcerotermes--Microcerotermes-mad-sp-E--Madagascar-Madagascar--MJONPIMI_31430_d__Bacteria_p__Spirochaetota_c__Spirochaetia_o__Treponematales_1"
"739","230-12--81--Microcerotermes--Microcerotermes-papuanus--New-Guinea-Oceania--GCKEGHAL_99591_d__Bacteria_p__Spirochaetota_c__Spirochaetia_o__Treponematales_f__Treponemataceae_B_1"
"740","272-04--48--Microcerotermes--Microcerotermes-papuanus--New-Guinea-Oceania--LLJHKGFM_22881_d__Bacteria_p__Spirochaetota_c__Spirochaetia_o__Treponematales_1"
"741","272-13--AUS6--Microcerotermes--Microcerotermes-nervosus--Australia-Australia--FLPAOEAJ_42930_d__Bacteria_p__Spirochaetota_c__Spirochaetia_o__Treponematales_1"
"742","301-17--AUS66--Microcerotermes--Microcerotermes-sp-E--Australia-Australia--MHPNFKFI_59006_d__Bacteria_p__Spirochaetota_c__Spirochaetia_o__Treponematales_1"
"743","229-07--Msp-RNA-1--Microcerotermes--Microcerotermes--South-East-Asia-Oriental--DPEHDFIK_161206_d__Bacteria_p__Spirochaetota_c__Spirochaetia_o__Treponematales_1"
"744","230-03--PHI8--Microcerotermes--Microcerotermes--Philippines-Oriental--FFKHHJAJ_52515_d__Bacteria_p__Spirochaetota_c__Spirochaetia_o__Treponematales_1"
"745","230-17--TBRU318a--Microcerotermes--Microcerotermes-nr-havilandi--Brunei-Oriental--MIEDJDJK_98285_d__Bacteria_p__Spirochaetota_c__Spirochaetia_o__Treponematales_1"
"746","272-75--PHI1--Microcerotermes--Microcerotermes--Philippines-Oriental--EFHMCDAH_28477_d__Bacteria_p__Spirochaetota_c__Spirochaetia_o__Treponematales_1"
"747","272-02--28--Microcerotermes--Microcerotermes-papuanus--New-Guinea-Oceania--JCCLNIIL_88128_d__Bacteria_p__Spirochaetota_c__Spirochaetia_o__Treponematales_1"
"748","272-15--AUS82--Microcerotermes--Microcerotermes-sp-I--Australia-Australia--BIPLFEAP_182312_d__Bacteria_p__Spirochaetota_c__Spirochaetia_o__Treponematales_1"
"749","229-07--Msp-RNA-1--Microcerotermes--Microcerotermes--South-East-Asia-Oriental--DPEHDFIK_134770_d__Bacteria_p__Spirochaetota_c__Spirochaetia_o__Treponematales_f__Treponemataceae_B_1"
"750","230-19--G13-62--Syntermitinae--Cornitermes-sp-A--French-Guiana-Neo-tropical--EBADLNIJ_86081_d__Bacteria_p__Spirochaetota_c__Spirochaetia_o__Treponematales_1"
"751","272-50--KE15-44--Nasutitermitinae--Trinervitermes-gratiosus--Kenya-Afro-tropical--KCLNDEGO_52937_d__Bacteria_p__Spirochaetota_c__Spirochaetia_o__Treponematales_1"
"752","301-80--THAI100--Nasutitermitinae--Bulbitermes-nr-laticephalus--Thailand-Oriental--PLCNNCOE_109870_d__Bacteria_p__Spirochaetota_c__Spirochaetia_o__Treponematales_1"
"753","230-01--CAM16-18--Nasutitermitinae--Leptomixotermes--Cameroon-Afro-tropical--BAOIPHFG_28324_d__Bacteria_p__Spirochaetota_c__Spirochaetia_o__Treponematales_1"
"754","272-35--G13-105--Termitinae--Termes-fatalis--French-Guiana-Neo-tropical--GJDBPAOL_00527_d__Bacteria_p__Spirochaetota_c__Spirochaetia_o__Treponematales_1"
"755","272-04--48--Microcerotermes--Microcerotermes-papuanus--New-Guinea-Oceania--LLJHKGFM_126493_d__Bacteria_p__Spirochaetota_c__Spirochaetia_o__Treponematales_1"
"756","301-07--69--Nasutitermitinae--Nasutitermes-bikpelanus--New-Guinea-Oceania--NMAGJELM_32553_d__Bacteria_p__Spirochaetota_c__Spirochaetia_o__Treponematales_1"
"757","230-13--THAI43--Nasutitermitinae--Nasutitermes-sp-3--Thailand-Oriental--GAHIMCHH_08528_d__Bacteria_p__Spirochaetota_c__Spirochaetia_o__Treponematales_1"
"758","230-13--THAI43--Nasutitermitinae--Nasutitermes-sp-3--Thailand-Oriental--GAHIMCHH_26907_d__Bacteria_p__Spirochaetota_c__Spirochaetia_o__Treponematales_1"
"759","301-54--G733--Nasutitermitinae--Nasutitermes-macrocephalus--French-Guiana-Neo-tropical--POHOEHOL_77995_d__Bacteria_p__Spirochaetota_c__Spirochaetia_o__Treponematales_1"
"760","272-50--KE15-44--Nasutitermitinae--Trinervitermes-gratiosus--Kenya-Afro-tropical--KCLNDEGO_01026_d__Bacteria_p__Spirochaetota_c__Spirochaetia_o__Treponematales_1"
"761","301-80--THAI100--Nasutitermitinae--Bulbitermes-nr-laticephalus--Thailand-Oriental--PLCNNCOE_23521_d__Bacteria_p__Spirochaetota_c__Spirochaetia_o__Treponematales_1"
"762","301-24--BDIT094--Nasutitermitinae--Trinervitermes-sp--Burundi-Afro-tropical--PNDKBPLD_35223_d__Bacteria_p__Spirochaetota_c__Spirochaetia_o__Treponematales_1"
"763","272-50--KE15-44--Nasutitermitinae--Trinervitermes-gratiosus--Kenya-Afro-tropical--KCLNDEGO_70779_d__Bacteria_p__Spirochaetota_c__Spirochaetia_o__Treponematales_1"
"764","301-24--BDIT094--Nasutitermitinae--Trinervitermes-sp--Burundi-Afro-tropical--PNDKBPLD_176838_d__Bacteria_p__Spirochaetota_c__Spirochaetia_o__Treponematales_1"
"765","301-14--AUS49--Nasutitermitinae--Nasutitermes-sp-G--Australia-Australia--KHIKJGJF_23307_d__Bacteria_p__Spirochaetota_c__Spirochaetia_o__Treponematales_1"
"766","301-80--THAI100--Nasutitermitinae--Bulbitermes-nr-laticephalus--Thailand-Oriental--PLCNNCOE_67954_d__Bacteria_p__Spirochaetota_c__Spirochaetia_o__Treponematales_1"
"767","301-89--THAI096--Termitinae--Termes-propinqus--Thailand-Oriental--IDNAGNDJ_71098_d__Bacteria_p__Spirochaetota_c__Spirochaetia_o__Treponematales_1"
"768","301-15--AUS4--Termitinae--Amitermes-meridionalis--Australia-Australia--AABCFOKG_97195_d__Bacteria_p__Spirochaetota_c__Spirochaetia_o__Treponematales_1"
"769","301-89--THAI096--Termitinae--Termes-propinqus--Thailand-Oriental--IDNAGNDJ_43108_d__Bacteria_p__Spirochaetota_c__Spirochaetia_o__Treponematales_1"
"770","301-14--AUS49--Nasutitermitinae--Nasutitermes-sp-G--Australia-Australia--KHIKJGJF_49586_d__Bacteria_p__Spirochaetota_c__Spirochaetia_o__Treponematales_f__Treponemataceae_B_1"
"771","301-73--RDCT159--Cubitermitinae--Proboscitermes-tubuliferus--Congo-Afro-tropical--DKHIDPJB_125477_d__Bacteria_p__Spirochaetota_c__Spirochaetia_o__Treponematales_1"
"772","301-32--BRA1--Nasutitermitinae--Constrictotermes-ciphergaster--Brazil-Neo-tropical--LLHKHKLA_268167_d__Bacteria_p__Spirochaetota_c__Spirochaetia_o__Treponematales_1"
"773","301-40--G13-28--Termitinae--Planicapritermes-planiceps--French-Guiana-Neo-tropical--JHDBPCMP_12421_d__Bacteria_p__Spirochaetota_c__Spirochaetia_o__Treponematales_1"
"774","301-36--BRA9--Syntermitinae--Rhynchotermes-nasutissimus--Brazil-Neo-tropical--OCFIEBIH_35142_d__Bacteria_p__Spirochaetota_c__Spirochaetia_o__Treponematales_f__Treponemataceae_B_1"
"775","301-57--SP1--Termitinae--Sinocapritermes-sp1--Iriomote-Japan-Paleo-arctic--FIOHNEIO_22307_d__Bacteria_p__Spirochaetota_c__Spirochaetia_o__Treponematales_1"
"776","301-40--G13-28--Termitinae--Planicapritermes-planiceps--French-Guiana-Neo-tropical--JHDBPCMP_11906_d__Bacteria_p__Spirochaetota_c__Spirochaetia_o__Treponematales_f__Treponemataceae_B_1"
"777","301-40--G13-28--Termitinae--Planicapritermes-planiceps--French-Guiana-Neo-tropical--JHDBPCMP_96716_d__Bacteria_p__Spirochaetota_c__Spirochaetia_o__Treponematales_f__Treponemataceae_B_1"
"778","272-87--SAF5--Macrotermitinae--Allodontotermes-schultzei--South-Africa-Afro-tropical--GBGDJPGA_216855_d__Bacteria_p__Spirochaetota_c__Spirochaetia_o__Treponematales_f__Treponemataceae_B_1"
"779","301-30--BDIT086--Macrotermitinae--Odontotermes-sp--Burundi-Afro-tropical--GKHMPODP_332499_d__Bacteria_p__Spirochaetota_c__Spirochaetia_o__Treponematales_f__Treponemataceae_B_1"
"780","272-87--SAF5--Macrotermitinae--Allodontotermes-schultzei--South-Africa-Afro-tropical--GBGDJPGA_384032_d__Bacteria_p__Spirochaetota_c__Spirochaetia_o__Treponematales_f__Treponemataceae_B_1"
"781","301-30--BDIT086--Macrotermitinae--Odontotermes-sp--Burundi-Afro-tropical--GKHMPODP_251536_d__Bacteria_p__Spirochaetota_c__Spirochaetia_o__Treponematales_f__Treponemataceae_B_1"
"782","301-72--RDCT144--Macrotermitinae--Odontotermes-sp-D--Congo-Afro-tropical--PIOHDNCJ_33437_d__Bacteria_p__Spirochaetota_c__Spirochaetia_o__Treponematales_1"
"783","301-65--RDCT021--Apicotermitinae--Acidnotermes-praus--Congo-Afro-tropical--MOIHAFJF_01409_d__Bacteria_p__Spirochaetota_c__Spirochaetia_o__Treponematales_1"
"784","301-41--G13-32--Apicotermitinae--Anoplotermes-banksi--French-Guiana-Neo-tropical--GBOCAJFK_116436_d__Bacteria_p__Spirochaetota_c__Spirochaetia_o__Treponematales_f__Treponemataceae_B_1"
"785","272-42--G13-4--Apicotermitinae--Anoplotermes-parvus--French-Guiana-Neo-tropical--EIFINKID_09852_d__Bacteria_p__Spirochaetota_c__Spirochaetia_o__Treponematales_f__Treponemataceae_B_1"
"786","272-42--G13-4--Apicotermitinae--Anoplotermes-parvus--French-Guiana-Neo-tropical--EIFINKID_28524_d__Bacteria_p__Spirochaetota_c__Spirochaetia_o__Treponematales_f__Treponemataceae_B_g__Treponema_E_1"
"787","301-41--G13-32--Apicotermitinae--Anoplotermes-banksi--French-Guiana-Neo-tropical--GBOCAJFK_268987_d__Bacteria_p__Spirochaetota_c__Spirochaetia_o__Treponematales_f__Treponemataceae_B_1"
"788","272-35--G13-105--Termitinae--Termes-fatalis--French-Guiana-Neo-tropical--GJDBPAOL_63451_d__Bacteria_p__Spirochaetota_c__Spirochaetia_o__Treponematales_1"
"789","272-21--BDIT041--Nasutitermitinae--Nasutitermes--Burundi-Afro-tropical--NDDLCCAA_45600_d__Bacteria_p__Spirochaetota_c__Spirochaetia_o__Treponematales_f__Treponemataceae_B_1"
"790","230-13--THAI43--Nasutitermitinae--Nasutitermes-sp-3--Thailand-Oriental--GAHIMCHH_05433_d__Bacteria_p__Spirochaetota_c__Spirochaetia_o__Treponematales_f__Treponemataceae_B_1"
"791","272-50--KE15-44--Nasutitermitinae--Trinervitermes-gratiosus--Kenya-Afro-tropical--KCLNDEGO_18096_d__Bacteria_p__Spirochaetota_c__Spirochaetia_o__Treponematales_f__Treponemataceae_B_1"
"792","301-24--BDIT094--Nasutitermitinae--Trinervitermes-sp--Burundi-Afro-tropical--PNDKBPLD_33954_d__Bacteria_p__Spirochaetota_c__Spirochaetia_o__Treponematales_f__Treponemataceae_B_1"
"793","272-50--KE15-44--Nasutitermitinae--Trinervitermes-gratiosus--Kenya-Afro-tropical--KCLNDEGO_87924_d__Bacteria_p__Spirochaetota_c__Spirochaetia_o__Treponematales_f__Treponemataceae_B_1"
"794","301-24--BDIT094--Nasutitermitinae--Trinervitermes-sp--Burundi-Afro-tropical--PNDKBPLD_152790_d__Bacteria_p__Spirochaetota_c__Spirochaetia_o__Treponematales_f__Treponemataceae_B_1"
"795","301-80--THAI100--Nasutitermitinae--Bulbitermes-nr-laticephalus--Thailand-Oriental--PLCNNCOE_103031_d__Bacteria_p__Spirochaetota_c__Spirochaetia_o__Treponematales_f__Treponemataceae_B_1"
"796","301-16--AUS54--Nasutitermitinae--Nasutitermes-triodiae--Australia-Australia--AKBEIDEJ_112187_d__Bacteria_p__Spirochaetota_c__Spirochaetia_o__Treponematales_f__Treponemataceae_B_1"
"797","301-54--G733--Nasutitermitinae--Nasutitermes-macrocephalus--French-Guiana-Neo-tropical--POHOEHOL_24524_d__Bacteria_p__Spirochaetota_c__Spirochaetia_o__Treponematales_f__Treponemataceae_B_1"
"798","272-82--RDCT106--Nasutitermitinae--Nasutitermes-lujae--Congo-Afro-tropical--LMFHLHNK_32407_d__Bacteria_p__Spirochaetota_c__Spirochaetia_o__Treponematales_f__Treponemataceae_B_1"
"799","301-64--NSW6--Nasutitermitinae--Occasitermes--Australia-Australia--MDFLAMOO_00757_d__Bacteria_p__Spirochaetota_c__Spirochaetia_o__Treponematales_f__Treponemataceae_B_1"
"800","301-40--G13-28--Termitinae--Planicapritermes-planiceps--French-Guiana-Neo-tropical--JHDBPCMP_68549_d__Bacteria_p__Spirochaetota_c__Spirochaetia_o__Treponematales_1"
"801","301-50--G683--Termitinae--Neocapritermes-sp-H--French-Guiana-Neo-tropical--MFJENAHB_15949_d__Bacteria_p__Spirochaetota_c__Spirochaetia_o__Treponematales_1"
"802","272-86--RDCT180--Termitinae--Cephalotermes--Congo-Afro-tropical--MFLDAJAL_30117_d__Bacteria_p__Spirochaetota_c__Spirochaetia_o__Treponematales_1"
"803","301-40--G13-28--Termitinae--Planicapritermes-planiceps--French-Guiana-Neo-tropical--JHDBPCMP_07433_d__Bacteria_p__Spirochaetota_c__Spirochaetia_o__Treponematales_1"
"804","301-40--G13-28--Termitinae--Planicapritermes-planiceps--French-Guiana-Neo-tropical--JHDBPCMP_25118_d__Bacteria_p__Spirochaetota_c__Spirochaetia_o__Treponematales_f__Treponemataceae_B_1"
"805","301-40--G13-28--Termitinae--Planicapritermes-planiceps--French-Guiana-Neo-tropical--JHDBPCMP_119323_d__Bacteria_p__Spirochaetota_c__Spirochaetia_o__Treponematales_f__Treponemataceae_B_1"
"806","301-40--G13-28--Termitinae--Planicapritermes-planiceps--French-Guiana-Neo-tropical--JHDBPCMP_12229_d__Bacteria_p__Spirochaetota_c__Spirochaetia_o__Treponematales_f__Treponemataceae_B_1"
"807","301-40--G13-28--Termitinae--Planicapritermes-planiceps--French-Guiana-Neo-tropical--JHDBPCMP_10323_d__Bacteria_p__Spirochaetota_c__Spirochaetia_o__Treponematales_1"
"808","301-40--G13-28--Termitinae--Planicapritermes-planiceps--French-Guiana-Neo-tropical--JHDBPCMP_151781_d__Bacteria_p__Spirochaetota_c__Spirochaetia_o__Treponematales_f__Treponemataceae_B_1"
"809","301-40--G13-28--Termitinae--Planicapritermes-planiceps--French-Guiana-Neo-tropical--JHDBPCMP_14399_d__Bacteria_p__Spirochaetota_c__Spirochaetia_o__Treponematales_1"
"810","301-40--G13-28--Termitinae--Planicapritermes-planiceps--French-Guiana-Neo-tropical--JHDBPCMP_137358_d__Bacteria_p__Spirochaetota_c__Spirochaetia_o__Treponematales_f__Treponemataceae_B_1"
"811","301-40--G13-28--Termitinae--Planicapritermes-planiceps--French-Guiana-Neo-tropical--JHDBPCMP_18213_d__Bacteria_p__Spirochaetota_c__Spirochaetia_o__Treponematales_1"
"812","301-40--G13-28--Termitinae--Planicapritermes-planiceps--French-Guiana-Neo-tropical--JHDBPCMP_09737_d__Bacteria_p__Spirochaetota_c__Spirochaetia_o__Treponematales_f__Treponemataceae_B_1"
"813","301-40--G13-28--Termitinae--Planicapritermes-planiceps--French-Guiana-Neo-tropical--JHDBPCMP_54939_d__Bacteria_p__Spirochaetota_c__Spirochaetia_o__Treponematales_f__Treponemataceae_B_1"
"814","301-50--G683--Termitinae--Neocapritermes-sp-H--French-Guiana-Neo-tropical--MFJENAHB_51904_d__Bacteria_p__Spirochaetota_c__Spirochaetia_o__Treponematales_f__Treponemataceae_B_1"
"815","301-50--G683--Termitinae--Neocapritermes-sp-H--French-Guiana-Neo-tropical--MFJENAHB_02502_d__Bacteria_p__Spirochaetota_c__Spirochaetia_o__Treponematales_f__Treponemataceae_B_1"
"816","301-50--G683--Termitinae--Neocapritermes-sp-H--French-Guiana-Neo-tropical--MFJENAHB_54266_d__Bacteria_p__Spirochaetota_c__Spirochaetia_o__Treponematales_f__Treponemataceae_B_1"
"817","301-44--G13-48--Nasutitermitinae--Constrictotermes-cavifrons--French-Guiana-Neo-tropical--COLCIDHM_53945_d__Bacteria_p__Spirochaetota_c__Spirochaetia_o__Treponematales_1"
"818","301-55--H2--Kalotermitidae--Glyptotermes-Okinawa--h2-Japan-Paleo-arctic--KGECLOJD_107249_d__Bacteria_p__Spirochaetota_c__Spirochaetia_o__Treponematales_f__Treponemataceae_B_1"
"819","229-03--CF-RNA-1--Rhinotermitidae--Coptotermes-formosanus--South-East-Asia-Oriental--GINAPPOA_489200_d__Bacteria_p__Spirochaetota_c__Spirochaetia_o__Treponematales_f__Treponemataceae_B_1"
"820","230-04--RDCT185--Rhinotermitidae--Coptotermes-Congo-Afro-tropical--AEOJKODN_60509_d__Bacteria_p__Spirochaetota_c__Spirochaetia_o__Treponematales_1"
"821","301-91--US17--Archotermopsidae--Zootermopsis-nevadensis--USA-Neo-arctic--GMAAMMJG_37887_d__Bacteria_p__Spirochaetota_c__Spirochaetia_o__Treponematales_1"
"822","301-91--US17--Archotermopsidae--Zootermopsis-nevadensis--USA-Neo-arctic--GMAAMMJG_50387_d__Bacteria_p__Spirochaetota_c__Spirochaetia_o__Treponematales_1"
"823","301-55--H2--Kalotermitidae--Glyptotermes-Okinawa--h2-Japan-Paleo-arctic--KGECLOJD_61772_d__Bacteria_p__Spirochaetota_c__Spirochaetia_o__Treponematales_1"
"824","272-03--30--Rhinotermitidae--Parrhinotermes-browni--New-Guinea-Oceania--BFIFJDIC_123409_d__Bacteria_p__Spirochaetota_c__Spirochaetia_o__Treponematales_1"
"825","272-03--30--Rhinotermitidae--Parrhinotermes-browni--New-Guinea-Oceania--BFIFJDIC_13158_d__Bacteria_p__Spirochaetota_c__Spirochaetia_o__Treponematales_1"
"826","301-15--AUS4--Termitinae--Amitermes-meridionalis--Australia-Australia--AABCFOKG_92323_d__Bacteria_p__Spirochaetota_c__Spirochaetia_o__Treponematales_1"
"827","272-03--30--Rhinotermitidae--Parrhinotermes-browni--New-Guinea-Oceania--BFIFJDIC_610323_d__Bacteria_p__Spirochaetota_c__Spirochaetia_o__Treponematales_1"
"828","229-07--Msp-RNA-1--Microcerotermes--Microcerotermes--South-East-Asia-Oriental--DPEHDFIK_71712_d__Bacteria_p__Spirochaetota_c__Spirochaetia_o__Treponematales_1"
"829","230-03--PHI8--Microcerotermes--Microcerotermes--Philippines-Oriental--FFKHHJAJ_08594_d__Bacteria_p__Spirochaetota_c__Spirochaetia_o__Treponematales_1"
"830","272-89--T2-IC--Microcerotermes--Microcerotermes-havilandi--Singapore-Oriental--OCBKEODD_101711_d__Bacteria_p__Spirochaetota_c__Spirochaetia_o__Treponematales_1"
"831","272-95--TBRU912E--Microcerotermes--Microcerotermes-serrula--Brunei-Oriental--MIGHMNII_118159_d__Bacteria_p__Spirochaetota_c__Spirochaetia_o__Treponematales_1"
"832","272-64--MAD15-62--Microcerotermes--Microcerotermes-mad-sp-F--Madagascar-Madagascar--PHHMBOPJ_06939_d__Bacteria_p__Spirochaetota_c__Spirochaetia_o__Treponematales_1"
"833","272-04--48--Microcerotermes--Microcerotermes-papuanus--New-Guinea-Oceania--LLJHKGFM_23122_d__Bacteria_p__Spirochaetota_c__Spirochaetia_o__Treponematales_1"
"834","230-12--81--Microcerotermes--Microcerotermes-papuanus--New-Guinea-Oceania--GCKEGHAL_26476_d__Bacteria_p__Spirochaetota_c__Spirochaetia_o__Treponematales_1"
"835","272-04--48--Microcerotermes--Microcerotermes-papuanus--New-Guinea-Oceania--LLJHKGFM_35936_d__Bacteria_p__Spirochaetota_c__Spirochaetia_o__Treponematales_1"
"836","272-13--AUS6--Microcerotermes--Microcerotermes-nervosus--Australia-Australia--FLPAOEAJ_58237_d__Bacteria_p__Spirochaetota_c__Spirochaetia_o__Treponematales_1"
"837","272-95--TBRU912E--Microcerotermes--Microcerotermes-serrula--Brunei-Oriental--MIGHMNII_40149_d__Bacteria_p__Spirochaetota_c__Spirochaetia_o__Treponematales_1"
"838","272-14--AUS71--Microcerotermes--Microcerotermes-sp-G--Australia-Australia--LAKMIEEK_34224_d__Bacteria_p__Spirochaetota_c__Spirochaetia_o__Treponematales_1"
"839","301-11--AUS114--Microcerotermes--Microcerotermes-sp-H--Australia-Australia--EOGHOPED_74796_d__Bacteria_p__Spirochaetota_c__Spirochaetia_o__Treponematales_1"
"840","272-14--AUS71--Microcerotermes--Microcerotermes-sp-G--Australia-Australia--LAKMIEEK_85482_d__Bacteria_p__Spirochaetota_c__Spirochaetia_o__Treponematales_1"
"841","301-17--AUS66--Microcerotermes--Microcerotermes-sp-E--Australia-Australia--MHPNFKFI_21779_d__Bacteria_p__Spirochaetota_c__Spirochaetia_o__Treponematales_1"
"842","230-14--RDCT055--Microcerotermes--Microcerotermes-parvus--Congo-Afro-tropical--AELJIOAN_10504_d__Bacteria_p__Spirochaetota_c__Spirochaetia_o__Treponematales_1"
"843","230-14--RDCT055--Microcerotermes--Microcerotermes-parvus--Congo-Afro-tropical--AELJIOAN_05296_d__Bacteria_p__Spirochaetota_c__Spirochaetia_o__Treponematales_1"
"844","272-85--RDCT134--Microcerotermes--Microcerotermes-parvus--Congo-Afro-tropical--IJFECECG_25203_d__Bacteria_p__Spirochaetota_c__Spirochaetia_o__Treponematales_1"
"845","272-52--MAD15-104--Microcerotermes--Microcerotermes-mad-sp-C--Madagascar-Madagascar--JEOFLHGI_06424_d__Bacteria_p__Spirochaetota_c__Spirochaetia_o__Treponematales_1"
"846","272-59--MAD15-169--Microcerotermes--Microcerotermes-mad-sp-D--Madagascar-Madagascar--BCNOAGMG_02130_d__Bacteria_p__Spirochaetota_c__Spirochaetia_o__Treponematales_1"
"847","272-70--MAL37--Microcerotermes--Microcerotermes-crassus--Malaysia-Oriental--ILALFPAC_105900_d__Bacteria_p__Spirochaetota_c__Spirochaetia_o__Treponematales_1"
"848","272-69--MAL22--Microcerotermes--Microcerotermes-crassus--Malaysia-Oriental--DANCONHC_04118_d__Bacteria_p__Spirochaetota_c__Spirochaetia_o__Treponematales_1"
"849","272-69--MAL22--Microcerotermes--Microcerotermes-crassus--Malaysia-Oriental--DANCONHC_15400_d__Bacteria_p__Spirochaetota_c__Spirochaetia_o__Treponematales_1"
"850","272-34--FG-ND02-39--Microcerotermes--Microcerotermes-sp-SC--French-Guiana-Neo-tropical--JCIBENDC_107048_d__Bacteria_p__Spirochaetota_c__Spirochaetia_o__Treponematales_1"
"851","272-45--G689--Microcerotermes--Microcerotermes-sp--French-Guiana-Neo-tropical--GMFGPJLH_15343_d__Bacteria_p__Spirochaetota_c__Spirochaetia_o__Treponematales_1"
"852","272-53--MAD15-113--Microcerotermes--Microcerotermes-mad-sp-G--Madagascar-Madagascar--IKDIKFDP_11471_d__Bacteria_p__Spirochaetota_c__Spirochaetia_o__Treponematales_1"
"853","301-60--MAD15-66--Microcerotermes--Microcerotermes-mad-sp-E--Madagascar-Madagascar--MJONPIMI_10124_d__Bacteria_p__Spirochaetota_c__Spirochaetia_o__Treponematales_1"
"854","272-63--MAD15-5--Microcerotermes--Microcerotermes-mad-sp-E--Madagascar-Madagascar--LHGCDBLG_42440_d__Bacteria_p__Spirochaetota_c__Spirochaetia_o__Treponematales_1"
"855","272-53--MAD15-113--Microcerotermes--Microcerotermes-mad-sp-G--Madagascar-Madagascar--IKDIKFDP_16756_d__Bacteria_p__Spirochaetota_c__Spirochaetia_o__Treponematales_1"
"856","301-61--MAD15-71--Microcerotermes--Microcerotermes-mad-sp-B--Madagascar-Madagascar--HLHCAAJD_55492_d__Bacteria_p__Spirochaetota_c__Spirochaetia_o__Treponematales_1"
"857","272-58--MAD15-151--Microcerotermes--Microcerotermes-mad-sp-M--Madagascar-Madagascar--CNFKDAJD_27748_d__Bacteria_p__Spirochaetota_c__Spirochaetia_o__Treponematales_1"
"858","272-58--MAD15-151--Microcerotermes--Microcerotermes-mad-sp-M--Madagascar-Madagascar--CNFKDAJD_08183_d__Bacteria_p__Spirochaetota_c__Spirochaetia_o__Treponematales_1"
"859","272-63--MAD15-5--Microcerotermes--Microcerotermes-mad-sp-E--Madagascar-Madagascar--LHGCDBLG_03043_d__Bacteria_p__Spirochaetota_c__Spirochaetia_o__Treponematales_1"
"860","301-80--THAI100--Nasutitermitinae--Bulbitermes-nr-laticephalus--Thailand-Oriental--PLCNNCOE_73135_d__Bacteria_p__Spirochaetota_c__Spirochaetia_o__Treponematales_1"
"861","230-11--60--Nasutitermitinae--Nasutitermes-gracilirostris--New-Guinea-Oceania--MHIDOOBA_03801_d__Bacteria_p__Spirochaetota_c__Spirochaetia_o__Treponematales_1"
"862","301-54--G733--Nasutitermitinae--Nasutitermes-macrocephalus--French-Guiana-Neo-tropical--POHOEHOL_91635_d__Bacteria_p__Spirochaetota_c__Spirochaetia_o__Treponematales_1"
"863","301-16--AUS54--Nasutitermitinae--Nasutitermes-triodiae--Australia-Australia--AKBEIDEJ_45513_d__Bacteria_p__Spirochaetota_c__Spirochaetia_o__Treponematales_1"
"864","301-32--BRA1--Nasutitermitinae--Constrictotermes-ciphergaster--Brazil-Neo-tropical--LLHKHKLA_46955_d__Bacteria_p__Spirochaetota_c__Spirochaetia_o__Treponematales_1"
"865","301-14--AUS49--Nasutitermitinae--Nasutitermes-sp-G--Australia-Australia--KHIKJGJF_02869_d__Bacteria_p__Spirochaetota_c__Spirochaetia_o__Treponematales_1"
"866","301-14--AUS49--Nasutitermitinae--Nasutitermes-sp-G--Australia-Australia--KHIKJGJF_11164_d__Bacteria_p__Spirochaetota_c__Spirochaetia_o__Treponematales_1"
"867","301-54--G733--Nasutitermitinae--Nasutitermes-macrocephalus--French-Guiana-Neo-tropical--POHOEHOL_07754_d__Bacteria_p__Spirochaetota_c__Spirochaetia_o__Treponematales_1"
"868","272-25--BRU6--Nasutitermitinae--Nasutitermes--Brunei-Oriental--IJIDIGGP_20888_d__Bacteria_p__Spirochaetota_c__Spirochaetia_o__Treponematales_1"
"869","230-11--60--Nasutitermitinae--Nasutitermes-gracilirostris--New-Guinea-Oceania--MHIDOOBA_11335_d__Bacteria_p__Spirochaetota_c__Spirochaetia_o__Treponematales_1"
"870","301-07--69--Nasutitermitinae--Nasutitermes-bikpelanus--New-Guinea-Oceania--NMAGJELM_11281_d__Bacteria_p__Spirochaetota_c__Spirochaetia_o__Treponematales_1"
"871","301-14--AUS49--Nasutitermitinae--Nasutitermes-sp-G--Australia-Australia--KHIKJGJF_09838_d__Bacteria_p__Spirochaetota_c__Spirochaetia_o__Treponematales_1"
"872","301-64--NSW6--Nasutitermitinae--Occasitermes--Australia-Australia--MDFLAMOO_05008_d__Bacteria_p__Spirochaetota_c__Spirochaetia_o__Treponematales_1"
"873","301-80--THAI100--Nasutitermitinae--Bulbitermes-nr-laticephalus--Thailand-Oriental--PLCNNCOE_27055_d__Bacteria_p__Spirochaetota_c__Spirochaetia_o__Treponematales_1"
"874","301-80--THAI100--Nasutitermitinae--Bulbitermes-nr-laticephalus--Thailand-Oriental--PLCNNCOE_88881_d__Bacteria_p__Spirochaetota_c__Spirochaetia_o__Treponematales_1"
"875","301-06--NG55--Termitinae--Pericapritermes-sp-B--New-Guinea-Oceania--OIKNPIJF_02542_d__Bacteria_p__Spirochaetota_c__Spirochaetia_o__Treponematales_1"
"876","301-14--AUS49--Nasutitermitinae--Nasutitermes-sp-G--Australia-Australia--KHIKJGJF_25993_d__Bacteria_p__Spirochaetota_c__Spirochaetia_o__Treponematales_1"
"877","272-40--G13-30--Nasutitermitinae--Coatitermes-kartaboensis--French-Guiana-Neo-tropical--FGHEMLMB_10001_d__Bacteria_p__Spirochaetota_c__Spirochaetia_o__Treponematales_1"
"878","301-87--THAI067--Nasutitermitinae--Hospitalitermes-sp-C--Thailand-Oriental--OHAELNNJ_10147_d__Bacteria_p__Spirochaetota_c__Spirochaetia_o__Treponematales_1"
"879","301-32--BRA1--Nasutitermitinae--Constrictotermes-ciphergaster--Brazil-Neo-tropical--LLHKHKLA_181464_d__Bacteria_p__Spirochaetota_c__Spirochaetia_o__Treponematales_1"
"880","301-32--BRA1--Nasutitermitinae--Constrictotermes-ciphergaster--Brazil-Neo-tropical--LLHKHKLA_155542_d__Bacteria_p__Spirochaetota_c__Spirochaetia_o__Treponematales_1"
"881","301-32--BRA1--Nasutitermitinae--Constrictotermes-ciphergaster--Brazil-Neo-tropical--LLHKHKLA_148699_d__Bacteria_p__Spirochaetota_c__Spirochaetia_o__Treponematales_1"
"882","301-32--BRA1--Nasutitermitinae--Constrictotermes-ciphergaster--Brazil-Neo-tropical--LLHKHKLA_83319_d__Bacteria_p__Spirochaetota_c__Spirochaetia_o__Treponematales_1"
"883","301-32--BRA1--Nasutitermitinae--Constrictotermes-ciphergaster--Brazil-Neo-tropical--LLHKHKLA_31374_d__Bacteria_p__Spirochaetota_c__Spirochaetia_o__Treponematales_1"
"884","301-32--BRA1--Nasutitermitinae--Constrictotermes-ciphergaster--Brazil-Neo-tropical--LLHKHKLA_58796_d__Bacteria_p__Spirochaetota_c__Spirochaetia_o__Treponematales_1"
"885","272-46--G728--Nasutitermitinae--Agnathotermes-crassinasus--French-Guiana-Neo-tropical--MGHCOOPN_24202_d__Bacteria_p__Spirochaetota_c__Spirochaetia_o__Treponematales_1"
"886","301-05--49--Termitinae--Protocapritermes-odontomachus--New-Guinea-Oceania--EIGMLILD_134297_d__Bacteria_p__Spirochaetota_c__Spirochaetia_o__Treponematales_1"
"887","272-87--SAF5--Macrotermitinae--Allodontotermes-schultzei--South-Africa-Afro-tropical--GBGDJPGA_29027_d__Bacteria_p__Spirochaetota_c__Spirochaetia_o__Treponematales_1"
"888","272-87--SAF5--Macrotermitinae--Allodontotermes-schultzei--South-Africa-Afro-tropical--GBGDJPGA_324035_d__Bacteria_p__Spirochaetota_c__Spirochaetia_o__Treponematales_1"
"889","301-30--BDIT086--Macrotermitinae--Odontotermes-sp--Burundi-Afro-tropical--GKHMPODP_337697_d__Bacteria_p__Spirochaetota_c__Spirochaetia_o__Treponematales_1"
"890","301-86--THAI064--Macrotermitinae--Odontotermes-javanicus--Thailand-Oriental--CKHEOPIL_94368_d__Bacteria_p__Spirochaetota_c__Spirochaetia_o__Treponematales_1"
"891","272-71--MAL39--Kalotermitidae--Cryptotermes--Malaysia-Oriental--BFECDBHH_26359_d__Bacteria_p__Spirochaetota_c__Spirochaetia_o__Treponematales_f__Treponemataceae_B_1"
"892","301-55--H2--Kalotermitidae--Glyptotermes-Okinawa--h2-Japan-Paleo-arctic--KGECLOJD_44808_d__Bacteria_p__Spirochaetota_c__Spirochaetia_o__Treponematales_f__Treponemataceae_B_1"
"893","301-10--AUS102--Kalotermitidae--Kalotermitidae-sp-H--Australia-Australia--LHGJOAKM_57356_d__Bacteria_p__Spirochaetota_c__Spirochaetia_o__Treponematales_f__Treponemataceae_B_1"
"894","301-20--AUS-91--Kalotermitidae--Kalotermitidae-sp-C--Australia-Australia--DBMONEDN_27767_d__Bacteria_p__Spirochaetota_c__Spirochaetia_o__Treponematales_f__Treponemataceae_B_1"
"895","301-72--RDCT144--Macrotermitinae--Odontotermes-sp-D--Congo-Afro-tropical--PIOHDNCJ_245127_d__Bacteria_p__Spirochaetota_c__Spirochaetia_o__Treponematales_1"
"896","229-07--Msp-RNA-1--Microcerotermes--Microcerotermes--South-East-Asia-Oriental--DPEHDFIK_86242_d__Bacteria_p__Spirochaetota_c__Spirochaetia_o__Treponematales_1"
"897","272-54--MAD15-130--Microcerotermes--Microcerotermes-mad-sp-B--Madagascar-Madagascar--DFAMJLME_81622_d__Bacteria_p__Spirochaetota_c__Spirochaetia_o__Treponematales_1"
"898","230-16--MAD15-54--Microcerotermes--Microcerotermes-mad-sp-H--Madagascar-Madagascar--LABPPIEE_28858_d__Bacteria_p__Spirochaetota_c__Spirochaetia_o__Treponematales_1"
"899","272-68--MAD15-86--Microcerotermes--Microcerotermes-mad-sp-K--Madagascar-Madagascar--PDAPIIEL_81648_d__Bacteria_p__Spirochaetota_c__Spirochaetia_o__Treponematales_1"
"900","301-60--MAD15-66--Microcerotermes--Microcerotermes-mad-sp-E--Madagascar-Madagascar--MJONPIMI_79197_d__Bacteria_p__Spirochaetota_c__Spirochaetia_o__Treponematales_1"
"901","272-59--MAD15-169--Microcerotermes--Microcerotermes-mad-sp-D--Madagascar-Madagascar--BCNOAGMG_128570_d__Bacteria_p__Spirochaetota_c__Spirochaetia_o__Treponematales_1"
"902","272-55--MAD15-136--Microcerotermes--Microcerotermes-mad-sp-G--Madagascar-Madagascar--IGAGHHBI_86752_d__Bacteria_p__Spirochaetota_c__Spirochaetia_o__Treponematales_1"
"903","272-58--MAD15-151--Microcerotermes--Microcerotermes-mad-sp-M--Madagascar-Madagascar--CNFKDAJD_39048_d__Bacteria_p__Spirochaetota_c__Spirochaetia_o__Treponematales_1"
"904","272-02--28--Microcerotermes--Microcerotermes-papuanus--New-Guinea-Oceania--JCCLNIIL_114756_d__Bacteria_p__Spirochaetota_c__Spirochaetia_o__Treponematales_1"
"905","301-08--81-2--Microcerotermes--Microcerotermes-papuanus--New-Guinea-Oceania--LIMPOKBC_97645_d__Bacteria_p__Spirochaetota_c__Spirochaetia_o__Treponematales_1"
"906","272-15--AUS82--Microcerotermes--Microcerotermes-sp-I--Australia-Australia--BIPLFEAP_159593_d__Bacteria_p__Spirochaetota_c__Spirochaetia_o__Treponematales_1"
"907","272-15--AUS82--Microcerotermes--Microcerotermes-sp-I--Australia-Australia--BIPLFEAP_269742_d__Bacteria_p__Spirochaetota_c__Spirochaetia_o__Treponematales_1"
"908","301-32--BRA1--Nasutitermitinae--Constrictotermes-ciphergaster--Brazil-Neo-tropical--LLHKHKLA_38201_d__Bacteria_p__Spirochaetota_c__Spirochaetia_o__Treponematales_1"
"909","301-87--THAI067--Nasutitermitinae--Hospitalitermes-sp-C--Thailand-Oriental--OHAELNNJ_45979_d__Bacteria_p__Spirochaetota_c__Spirochaetia_o__Treponematales_1"
"910","272-34--FG-ND02-39--Microcerotermes--Microcerotermes-sp-SC--French-Guiana-Neo-tropical--JCIBENDC_102673_d__Bacteria_p__Spirochaetota_c__Spirochaetia_o__Treponematales_1"
"911","272-89--T2-IC--Microcerotermes--Microcerotermes-havilandi--Singapore-Oriental--OCBKEODD_25425_d__Bacteria_p__Spirochaetota_c__Spirochaetia_o__Treponematales_1"
"912","230-18--SING74--Kalotermitidae--Neotermes--Singapore-Oriental--CMPJFEBM_26134_d__Bacteria_p__Spirochaetota_c__Spirochaetia_o__Treponematales_f__Treponemataceae_B_1"
"913","272-71--MAL39--Kalotermitidae--Cryptotermes--Malaysia-Oriental--BFECDBHH_34673_d__Bacteria_p__Spirochaetota_c__Spirochaetia_o__Treponematales_1"
"914","301-19--AUS89--Kalotermitidae--Kalotermitidae-sp-A--Australia-Australia--JAHMBFEI_219153_d__Bacteria_p__Spirochaetota_c__Spirochaetia_o__Treponematales_f__Treponemataceae_B_1"
